SET session_replication_role = replica;

--
-- PostgreSQL database dump
--

-- \restrict 92IxjdWMlqLoNoeVfn8zXVNFxvKfPV3qplvGfaEEuBBvpfvfjGiZg0CHzFZewjl

-- Dumped from database version 17.6
-- Dumped by pg_dump version 17.6

SET statement_timeout = 0;
SET lock_timeout = 0;
SET idle_in_transaction_session_timeout = 0;
SET transaction_timeout = 0;
SET client_encoding = 'UTF8';
SET standard_conforming_strings = on;
SELECT pg_catalog.set_config('search_path', '', false);
SET check_function_bodies = false;
SET xmloption = content;
SET client_min_messages = warning;
SET row_security = off;

--
-- Data for Name: analytic_category_mappings; Type: TABLE DATA; Schema: public; Owner: postgres
--

INSERT INTO "public"."analytic_category_mappings" ("id", "user_id", "category_name", "subcategory_name", "mapping_status", "analytic_family", "notes", "created_at", "updated_at") VALUES
	('33f93a0d-cff4-426c-81fc-f20dd27670f9', '8516d948-4970-453a-912e-e984afabddb9', 'Caution', NULL, 'excluded', NULL, 'Excluded from daily reference mix', '2026-03-24 03:26:53.133148+00', '2026-03-24 03:26:53.133148+00'),
	('d75093a5-5fea-4d40-a552-34b5e07fdb5c', '2a575871-a403-43b9-aaf6-41bff3433d4a', 'Abonnement/Mobile', NULL, 'mapped', 'activities', 'Temporary analytical fallback', '2026-03-24 03:26:53.133148+00', '2026-03-24 03:26:53.133148+00'),
	('4d4935f7-96ee-47cb-930d-b0b180270c22', '2a575871-a403-43b9-aaf6-41bff3433d4a', 'Frais bancaire', NULL, 'excluded', NULL, 'Excluded from daily reference mix', '2026-03-24 03:26:53.133148+00', '2026-03-24 03:26:53.133148+00'),
	('22ddd968-306e-4042-9c76-67e4fd9400f3', 'bfe2a38a-d934-45c9-9061-cee531cf5823', 'Frais bancaire', NULL, 'excluded', NULL, 'Excluded from daily reference mix', '2026-03-24 03:26:53.133148+00', '2026-03-24 03:26:53.133148+00'),
	('6d28a07d-d8e9-4224-9c2b-c7ee7fa7e949', 'bfe2a38a-d934-45c9-9061-cee531cf5823', 'Projet Personnel', NULL, 'excluded', NULL, 'Excluded from travel daily reference mix', '2026-03-24 03:26:53.133148+00', '2026-03-24 03:26:53.133148+00'),
	('55f0fdde-f7a2-4179-a6e1-7a2e4b9f3131', '2a575871-a403-43b9-aaf6-41bff3433d4a', 'Souvenir', NULL, 'excluded', NULL, 'Excluded from reference mix', '2026-03-24 03:26:53.133148+00', '2026-03-24 03:26:53.133148+00'),
	('890c3915-2ad1-4f58-b6a5-ad141f48d5e2', 'b63f45f3-fc01-4714-8cc4-a09ab49e18c7', 'Visa', NULL, 'excluded', NULL, 'Excluded from daily reference mix', '2026-03-24 03:26:53.133148+00', '2026-03-24 03:26:53.133148+00'),
	('7e38e91c-d89a-436d-a2cc-20ec37f3d309', 'b63f45f3-fc01-4714-8cc4-a09ab49e18c7', 'Autre', NULL, 'mapped', 'activities', 'Temporary analytical fallback', '2026-03-24 03:26:53.133148+00', '2026-03-24 03:26:53.133148+00'),
	('78884864-3a98-4465-a41b-4616c1b2b0f0', 'bfe2a38a-d934-45c9-9061-cee531cf5823', 'Repas', NULL, 'mapped', 'food', 'Core food category', '2026-03-24 03:26:53.133148+00', '2026-03-24 03:26:53.133148+00'),
	('120b575d-caf7-45c1-9be5-1053051cdcc1', '2a575871-a403-43b9-aaf6-41bff3433d4a', 'Sorties', NULL, 'mapped', 'activities', 'Mapped to activities by product decision', '2026-03-24 03:26:53.133148+00', '2026-03-24 03:26:53.133148+00'),
	('e489844b-4025-4a6a-b262-6411fa736dbc', '2a575871-a403-43b9-aaf6-41bff3433d4a', 'Logement', NULL, 'mapped', 'accommodation', 'Core accommodation category', '2026-03-24 03:26:53.133148+00', '2026-03-24 03:26:53.133148+00'),
	('b8e55bfa-3192-444e-ac5f-3007626879ea', 'b63f45f3-fc01-4714-8cc4-a09ab49e18c7', 'Transport', NULL, 'mapped', 'transport', 'Core transport category', '2026-03-24 03:26:53.133148+00', '2026-03-24 03:26:53.133148+00'),
	('6d5ccd92-f0a6-433d-9b99-bd4662e89c62', '8516d948-4970-453a-912e-e984afabddb9', 'Santé', NULL, 'excluded', NULL, 'Excluded from daily reference mix', '2026-03-24 03:26:53.133148+00', '2026-03-24 03:26:53.133148+00'),
	('c7783f7e-2530-424d-bc91-9b5b868bfe90', '6db47d6b-6e2e-4886-a262-520a91854f4c', 'Frais bancaire', NULL, 'excluded', NULL, 'Excluded from daily reference mix', '2026-03-24 03:26:53.133148+00', '2026-03-24 03:26:53.133148+00'),
	('01901089-90d1-46d1-b0a1-fe6e28803f5e', 'b63f45f3-fc01-4714-8cc4-a09ab49e18c7', 'Frais bancaire', NULL, 'excluded', NULL, 'Excluded from daily reference mix', '2026-03-24 03:26:53.133148+00', '2026-03-24 03:26:53.133148+00'),
	('789861bc-0682-4825-ae4d-8a4c7299321d', '8516d948-4970-453a-912e-e984afabddb9', 'Logement', NULL, 'mapped', 'accommodation', 'Core accommodation category', '2026-03-24 03:26:53.133148+00', '2026-03-24 03:26:53.133148+00'),
	('5315d23b-6a1c-4851-b5d8-dc9b3371cd4d', '2a575871-a403-43b9-aaf6-41bff3433d4a', 'Transport Internationale', NULL, 'excluded', NULL, 'Excluded from local daily reference mix', '2026-03-24 03:26:53.133148+00', '2026-03-24 03:26:53.133148+00'),
	('4ab3ad49-c8dc-40d6-9c6e-5419811cbbb0', '8516d948-4970-453a-912e-e984afabddb9', 'Souvenir', NULL, 'excluded', NULL, 'Excluded from reference mix', '2026-03-24 03:26:53.133148+00', '2026-03-24 03:26:53.133148+00'),
	('ccbd06e9-c775-45f0-8653-1ee939fea724', 'b63f45f3-fc01-4714-8cc4-a09ab49e18c7', 'Transport Internationale', NULL, 'excluded', NULL, 'Excluded from local daily reference mix', '2026-03-24 03:26:53.133148+00', '2026-03-24 03:26:53.133148+00'),
	('cf114bc2-8d94-41bf-b26d-b98d8ff53632', '6db47d6b-6e2e-4886-a262-520a91854f4c', 'Souvenir', NULL, 'excluded', NULL, 'Excluded from reference mix', '2026-03-24 03:26:53.133148+00', '2026-03-24 03:26:53.133148+00'),
	('70351b5e-d72f-42df-873a-c3ec11ffa43f', 'bfe2a38a-d934-45c9-9061-cee531cf5823', 'Laundry', NULL, 'mapped', 'activities', 'Mapped to activities for now', '2026-03-24 03:26:53.133148+00', '2026-03-24 03:26:53.133148+00'),
	('a6fb01b3-e23b-4fc1-8221-82f60971614b', '8516d948-4970-453a-912e-e984afabddb9', 'Abonnement/Mobile', NULL, 'mapped', 'activities', 'Temporary analytical fallback', '2026-03-24 03:26:53.133148+00', '2026-03-24 03:26:53.133148+00'),
	('f8c926ae-bcf6-4df3-806e-0405fde545e3', '8516d948-4970-453a-912e-e984afabddb9', 'Projet Personnel', NULL, 'excluded', NULL, 'Excluded from travel daily reference mix', '2026-03-24 03:26:53.133148+00', '2026-03-24 03:26:53.133148+00'),
	('fca5ce84-64c9-4d5d-a895-ad564f6346e3', 'b63f45f3-fc01-4714-8cc4-a09ab49e18c7', 'Logement', NULL, 'mapped', 'accommodation', 'Core accommodation category', '2026-03-24 03:26:53.133148+00', '2026-03-24 03:26:53.133148+00'),
	('fc3fc5de-fd15-4087-878a-f9fc24e57988', 'bfe2a38a-d934-45c9-9061-cee531cf5823', 'Revenu', NULL, 'excluded', NULL, 'Income excluded from expense analytic mix', '2026-03-24 03:26:53.133148+00', '2026-03-24 03:26:53.133148+00'),
	('85031b1d-a6ea-472d-a6cf-10dc87ced9e2', 'bfe2a38a-d934-45c9-9061-cee531cf5823', 'Transport', NULL, 'mapped', 'transport', 'Core transport category', '2026-03-24 03:26:53.133148+00', '2026-03-24 03:26:53.133148+00'),
	('aa2f02d4-29c1-46ff-9b02-813efc24b34c', '2a575871-a403-43b9-aaf6-41bff3433d4a', 'Autre', NULL, 'mapped', 'activities', 'Temporary analytical fallback', '2026-03-24 03:26:53.133148+00', '2026-03-24 03:26:53.133148+00'),
	('fe282596-76d9-4560-8d19-15bf05ec591f', 'bfe2a38a-d934-45c9-9061-cee531cf5823', 'Caution', NULL, 'excluded', NULL, 'Excluded from daily reference mix', '2026-03-24 03:26:53.133148+00', '2026-03-24 03:26:53.133148+00'),
	('7e6ea94f-1719-46e8-8e7f-9d80b5ffd914', '8516d948-4970-453a-912e-e984afabddb9', 'Transport Internationale', NULL, 'excluded', NULL, 'Excluded from local daily reference mix', '2026-03-24 03:26:53.133148+00', '2026-03-24 03:26:53.133148+00'),
	('9dbc7169-283d-414a-8ca3-eda0b8f9274e', 'b63f45f3-fc01-4714-8cc4-a09ab49e18c7', 'Caution', NULL, 'excluded', NULL, 'Excluded from daily reference mix', '2026-03-24 03:26:53.133148+00', '2026-03-24 03:26:53.133148+00'),
	('d413ab98-757c-47bb-9928-b4f0a87d5fa0', 'bfe2a38a-d934-45c9-9061-cee531cf5823', 'Souvenir', NULL, 'excluded', NULL, 'Excluded from reference mix', '2026-03-24 03:26:53.133148+00', '2026-03-24 03:26:53.133148+00'),
	('9c00a1d3-d622-4944-86f9-404697693f81', '2a575871-a403-43b9-aaf6-41bff3433d4a', 'Caution', NULL, 'excluded', NULL, 'Excluded from daily reference mix', '2026-03-24 03:26:53.133148+00', '2026-03-24 03:26:53.133148+00'),
	('4422dafb-7be9-4e93-9bca-bdf8f46a385e', '8516d948-4970-453a-912e-e984afabddb9', 'Frais bancaire', NULL, 'excluded', NULL, 'Excluded from daily reference mix', '2026-03-24 03:26:53.133148+00', '2026-03-24 03:26:53.133148+00'),
	('01d723a2-3d53-4ff2-8135-807d5a9fa556', '2a575871-a403-43b9-aaf6-41bff3433d4a', 'Santé', NULL, 'excluded', NULL, 'Excluded from daily reference mix', '2026-03-24 03:26:53.133148+00', '2026-03-24 03:26:53.133148+00'),
	('9d498f80-4436-4c5e-882c-509303f7521e', '2a575871-a403-43b9-aaf6-41bff3433d4a', 'Transport', NULL, 'mapped', 'transport', 'Core transport category', '2026-03-24 03:26:53.133148+00', '2026-03-24 03:26:53.133148+00'),
	('0f93dddf-7c82-4618-8a78-ec285d6d75e1', '2a575871-a403-43b9-aaf6-41bff3433d4a', 'Projet Personnel', NULL, 'excluded', NULL, 'Excluded from travel daily reference mix', '2026-03-24 03:26:53.133148+00', '2026-03-24 03:26:53.133148+00'),
	('d44da611-7ecc-41e4-be7d-b7069d17155a', '6db47d6b-6e2e-4886-a262-520a91854f4c', 'Autre', NULL, 'mapped', 'activities', 'Temporary analytical fallback', '2026-03-24 03:26:53.133148+00', '2026-03-24 03:26:53.133148+00'),
	('36d85c07-d7d9-4d93-883a-d0f0ad198f82', '8516d948-4970-453a-912e-e984afabddb9', 'Autre', NULL, 'mapped', 'activities', 'Temporary analytical fallback', '2026-03-24 03:26:53.133148+00', '2026-03-24 03:26:53.133148+00'),
	('ab3cbbba-2cc5-462c-8ac9-6c0458730970', 'bfe2a38a-d934-45c9-9061-cee531cf5823', 'Santé', NULL, 'excluded', NULL, 'Excluded from daily reference mix', '2026-03-24 03:26:53.133148+00', '2026-03-24 03:26:53.133148+00'),
	('7e32a513-9bc1-41a0-a780-af117b3b11d7', '6db47d6b-6e2e-4886-a262-520a91854f4c', 'Laundry', NULL, 'mapped', 'activities', 'Mapped to activities for now', '2026-03-24 03:26:53.133148+00', '2026-03-24 03:26:53.133148+00'),
	('33532e27-726d-4e5a-9a8b-edb8c5f77280', '6db47d6b-6e2e-4886-a262-520a91854f4c', 'Transport', NULL, 'mapped', 'transport', 'Core transport category', '2026-03-24 03:26:53.133148+00', '2026-03-24 03:26:53.133148+00'),
	('6efaabd1-74cf-4c1a-8f1f-9c704c820802', 'bfe2a38a-d934-45c9-9061-cee531cf5823', 'Visa', NULL, 'excluded', NULL, 'Excluded from daily reference mix', '2026-03-24 03:26:53.133148+00', '2026-03-24 03:26:53.133148+00'),
	('279a8448-c286-4dd6-80b1-ea456d0ee43b', '6db47d6b-6e2e-4886-a262-520a91854f4c', 'Revenu', NULL, 'excluded', NULL, 'Income excluded from expense analytic mix', '2026-03-24 03:26:53.133148+00', '2026-03-24 03:26:53.133148+00'),
	('6f994a30-6e85-4fc6-9812-63d7411eae8c', '6db47d6b-6e2e-4886-a262-520a91854f4c', 'Transport Internationale', NULL, 'excluded', NULL, 'Excluded from local daily reference mix', '2026-03-24 03:26:53.133148+00', '2026-03-24 03:26:53.133148+00'),
	('d4aaaaeb-5798-4ebc-879e-70c5bd6d67bd', '6db47d6b-6e2e-4886-a262-520a91854f4c', 'Repas', NULL, 'mapped', 'food', 'Core food category', '2026-03-24 03:26:53.133148+00', '2026-03-24 03:26:53.133148+00'),
	('e21bff45-58fb-4221-9fe3-c0748d7afb20', '8516d948-4970-453a-912e-e984afabddb9', 'Revenu', NULL, 'excluded', NULL, 'Income excluded from expense analytic mix', '2026-03-24 03:26:53.133148+00', '2026-03-24 03:26:53.133148+00'),
	('a514679d-b80a-4613-bdc3-3c782d4ab9b3', '2a575871-a403-43b9-aaf6-41bff3433d4a', 'Revenu', NULL, 'excluded', NULL, 'Income excluded from expense analytic mix', '2026-03-24 03:26:53.133148+00', '2026-03-24 03:26:53.133148+00'),
	('f336566a-cdb9-4988-88e3-388ff38d9e9f', '2a575871-a403-43b9-aaf6-41bff3433d4a', 'Visa', NULL, 'excluded', NULL, 'Excluded from daily reference mix', '2026-03-24 03:26:53.133148+00', '2026-03-24 03:26:53.133148+00'),
	('bf3fc6cf-cf3d-4583-b397-6c08a4952fad', '8516d948-4970-453a-912e-e984afabddb9', 'Visa', NULL, 'excluded', NULL, 'Excluded from daily reference mix', '2026-03-24 03:26:53.133148+00', '2026-03-24 03:26:53.133148+00'),
	('2e2a0be7-b68f-435e-a7ca-804baa00aba5', 'b63f45f3-fc01-4714-8cc4-a09ab49e18c7', 'Santé', NULL, 'excluded', NULL, 'Excluded from daily reference mix', '2026-03-24 03:26:53.133148+00', '2026-03-24 03:26:53.133148+00'),
	('894760b1-2bdb-4bef-8707-3d73e501836c', '6db47d6b-6e2e-4886-a262-520a91854f4c', 'Projet Personnel', NULL, 'excluded', NULL, 'Excluded from travel daily reference mix', '2026-03-24 03:26:53.133148+00', '2026-03-24 03:26:53.133148+00'),
	('727883b7-b37f-4a2b-850d-5fcf54b46737', 'b63f45f3-fc01-4714-8cc4-a09ab49e18c7', 'Revenu', NULL, 'excluded', NULL, 'Income excluded from expense analytic mix', '2026-03-24 03:26:53.133148+00', '2026-03-24 03:26:53.133148+00'),
	('b5eaaa43-24fa-4850-8385-ae0f44473f10', '8516d948-4970-453a-912e-e984afabddb9', 'Laundry', NULL, 'mapped', 'activities', 'Mapped to activities for now', '2026-03-24 03:26:53.133148+00', '2026-03-24 03:26:53.133148+00'),
	('202cb9e4-cf38-4a6d-8746-551144c94566', 'b63f45f3-fc01-4714-8cc4-a09ab49e18c7', 'Abonnement/Mobile', NULL, 'mapped', 'activities', 'Temporary analytical fallback', '2026-03-24 03:26:53.133148+00', '2026-03-24 03:26:53.133148+00'),
	('8e41a2bb-e85f-4a15-9c1f-635bddecf1e6', 'bfe2a38a-d934-45c9-9061-cee531cf5823', 'Logement', NULL, 'mapped', 'accommodation', 'Core accommodation category', '2026-03-24 03:26:53.133148+00', '2026-03-24 03:26:53.133148+00'),
	('919fa903-e387-4f81-a886-f986e933656d', '6db47d6b-6e2e-4886-a262-520a91854f4c', 'Caution', NULL, 'excluded', NULL, 'Excluded from daily reference mix', '2026-03-24 03:26:53.133148+00', '2026-03-24 03:26:53.133148+00'),
	('23943e5d-9764-40a4-b73d-b3e946b26ceb', '6db47d6b-6e2e-4886-a262-520a91854f4c', 'Logement', NULL, 'mapped', 'accommodation', 'Core accommodation category', '2026-03-24 03:26:53.133148+00', '2026-03-24 03:26:53.133148+00'),
	('08cfc84e-6f23-43d6-a8a8-f873e8c6b210', '6db47d6b-6e2e-4886-a262-520a91854f4c', 'Santé', NULL, 'excluded', NULL, 'Excluded from daily reference mix', '2026-03-24 03:26:53.133148+00', '2026-03-24 03:26:53.133148+00'),
	('11fc2210-1bfe-4396-99e9-5b21465ab049', '6db47d6b-6e2e-4886-a262-520a91854f4c', 'Visa', NULL, 'excluded', NULL, 'Excluded from daily reference mix', '2026-03-24 03:26:53.133148+00', '2026-03-24 03:26:53.133148+00'),
	('5cd10d06-b362-42e9-90d4-a20ebc92bc19', 'bfe2a38a-d934-45c9-9061-cee531cf5823', 'Abonnement/Mobile', NULL, 'mapped', 'activities', 'Temporary analytical fallback', '2026-03-24 03:26:53.133148+00', '2026-03-24 03:26:53.133148+00'),
	('342be6f5-4995-49e9-bba6-250ec2ac917e', 'b63f45f3-fc01-4714-8cc4-a09ab49e18c7', 'Repas', NULL, 'mapped', 'food', 'Core food category', '2026-03-24 03:26:53.133148+00', '2026-03-24 03:26:53.133148+00'),
	('e6b4a662-d401-48ed-9fc4-2ae619746aeb', 'bfe2a38a-d934-45c9-9061-cee531cf5823', 'Autre', NULL, 'mapped', 'activities', 'Temporary analytical fallback', '2026-03-24 03:26:53.133148+00', '2026-03-24 03:26:53.133148+00'),
	('3c22952f-be24-41db-94b2-b3826222b6e7', '2a575871-a403-43b9-aaf6-41bff3433d4a', 'Laundry', NULL, 'mapped', 'activities', 'Mapped to activities for now', '2026-03-24 03:26:53.133148+00', '2026-03-24 03:26:53.133148+00'),
	('34fafe9f-08b0-4b30-9a33-2d10e4100b53', '6db47d6b-6e2e-4886-a262-520a91854f4c', 'Sorties', NULL, 'mapped', 'activities', 'Mapped to activities by product decision', '2026-03-24 03:26:53.133148+00', '2026-03-24 03:26:53.133148+00'),
	('7ded30bc-63d2-4bee-ba6d-7799bfc1751b', '2a575871-a403-43b9-aaf6-41bff3433d4a', 'Repas', NULL, 'mapped', 'food', 'Core food category', '2026-03-24 03:26:53.133148+00', '2026-03-24 03:26:53.133148+00'),
	('ee64bee4-bcfe-4cd4-bb8c-d77bcdd9ffe0', 'b63f45f3-fc01-4714-8cc4-a09ab49e18c7', 'Projet Personnel', NULL, 'excluded', NULL, 'Excluded from travel daily reference mix', '2026-03-24 03:26:53.133148+00', '2026-03-24 03:26:53.133148+00'),
	('17a186d6-2ba6-4955-b820-5b378fb85506', 'bfe2a38a-d934-45c9-9061-cee531cf5823', 'Sorties', NULL, 'mapped', 'activities', 'Mapped to activities by product decision', '2026-03-24 03:26:53.133148+00', '2026-03-24 03:26:53.133148+00'),
	('6f7fbd1b-e1d7-4d18-9785-576e5cdb8f80', 'b63f45f3-fc01-4714-8cc4-a09ab49e18c7', 'Sorties', NULL, 'mapped', 'activities', 'Mapped to activities by product decision', '2026-03-24 03:26:53.133148+00', '2026-03-24 03:26:53.133148+00'),
	('cdfc4e63-6835-45d6-8158-fbd68b43eca9', '6db47d6b-6e2e-4886-a262-520a91854f4c', 'Abonnement/Mobile', NULL, 'mapped', 'activities', 'Temporary analytical fallback', '2026-03-24 03:26:53.133148+00', '2026-03-24 03:26:53.133148+00'),
	('3c6b9de8-683b-4b5b-8db8-1e3823e58532', '8516d948-4970-453a-912e-e984afabddb9', 'Sorties', NULL, 'mapped', 'activities', 'Mapped to activities by product decision', '2026-03-24 03:26:53.133148+00', '2026-03-24 03:26:53.133148+00'),
	('a6c77b95-041d-4910-9605-f7897dd04983', 'bfe2a38a-d934-45c9-9061-cee531cf5823', 'Transport Internationale', NULL, 'excluded', NULL, 'Excluded from local daily reference mix', '2026-03-24 03:26:53.133148+00', '2026-03-24 03:26:53.133148+00'),
	('e99cf6f6-b1e7-4c3b-b6ef-7e3e548fc4f2', 'b63f45f3-fc01-4714-8cc4-a09ab49e18c7', 'Souvenir', NULL, 'excluded', NULL, 'Excluded from reference mix', '2026-03-24 03:26:53.133148+00', '2026-03-24 03:26:53.133148+00'),
	('15decfdf-1b34-44b3-8bd5-facd97f2e127', '8516d948-4970-453a-912e-e984afabddb9', 'Transport', NULL, 'mapped', 'transport', 'Core transport category', '2026-03-24 03:26:53.133148+00', '2026-03-24 03:26:53.133148+00'),
	('0433e663-d5f4-40ee-b433-fbcbb799f8fd', 'b63f45f3-fc01-4714-8cc4-a09ab49e18c7', 'Laundry', NULL, 'mapped', 'activities', 'Mapped to activities for now', '2026-03-24 03:26:53.133148+00', '2026-03-24 03:26:53.133148+00'),
	('54d0380b-d6c5-43ed-9253-b79605bcd1c0', '8516d948-4970-453a-912e-e984afabddb9', 'Mouvement interne', NULL, 'excluded', NULL, 'Internal transfers/exchanges excluded from analysis', '2026-03-24 03:30:26.769828+00', '2026-03-24 03:30:26.769828+00'),
	('2c87ee9e-c7ad-4dd0-ac83-e6aa836cf8ca', '6db47d6b-6e2e-4886-a262-520a91854f4c', 'Mouvement interne', NULL, 'excluded', NULL, 'Internal transfers/exchanges excluded from analysis', '2026-03-24 03:30:26.769828+00', '2026-03-24 03:30:26.769828+00'),
	('b403366d-89fa-44a7-9396-bf49c26d00be', 'b63f45f3-fc01-4714-8cc4-a09ab49e18c7', 'Mouvement interne', NULL, 'excluded', NULL, 'Internal transfers/exchanges excluded from analysis', '2026-03-24 03:30:26.769828+00', '2026-03-24 03:30:26.769828+00'),
	('5f94c3f8-66ec-42a2-b188-9097b62abb20', '6db47d6b-6e2e-4886-a262-520a91854f4c', 'Cadeau', NULL, 'excluded', NULL, 'Gifts excluded from core travel daily reference mix', '2026-03-24 03:30:26.769828+00', '2026-03-24 03:30:26.769828+00'),
	('3eb3398e-d468-42ca-a0a4-bda61df47499', 'bfe2a38a-d934-45c9-9061-cee531cf5823', 'Cadeau', NULL, 'excluded', NULL, 'Gifts excluded from core travel daily reference mix', '2026-03-24 03:30:26.769828+00', '2026-03-24 03:30:26.769828+00'),
	('c7cd6763-078f-48ef-8b43-fbd5c3e74b5a', 'b63f45f3-fc01-4714-8cc4-a09ab49e18c7', 'Course', NULL, 'mapped', 'food', 'Groceries and daily consumables mapped to food', '2026-03-24 03:30:26.769828+00', '2026-03-24 03:30:26.769828+00'),
	('e8a975ab-1005-4958-95c9-967b2ee5ff91', '2a575871-a403-43b9-aaf6-41bff3433d4a', 'Mouvement interne', NULL, 'excluded', NULL, 'Internal transfers/exchanges excluded from analysis', '2026-03-24 03:30:26.769828+00', '2026-03-24 03:30:26.769828+00'),
	('aa695822-2927-4d1e-8a62-d0d800668d8d', 'bfe2a38a-d934-45c9-9061-cee531cf5823', 'Course', NULL, 'mapped', 'food', 'Groceries and daily consumables mapped to food', '2026-03-24 03:30:26.769828+00', '2026-03-24 03:30:26.769828+00'),
	('5f06cfce-8af6-42ad-85af-470301e1004d', '8516d948-4970-453a-912e-e984afabddb9', 'Cadeau', NULL, 'excluded', NULL, 'Gifts excluded from core travel daily reference mix', '2026-03-24 03:30:26.769828+00', '2026-03-24 03:30:26.769828+00'),
	('568acc16-2d70-4fd2-b0cc-aca8a355ac26', '6db47d6b-6e2e-4886-a262-520a91854f4c', 'Course', NULL, 'mapped', 'food', 'Groceries and daily consumables mapped to food', '2026-03-24 03:30:26.769828+00', '2026-03-24 03:30:26.769828+00'),
	('f91f3167-574b-4e6f-b193-d915e17b3bf3', 'bfe2a38a-d934-45c9-9061-cee531cf5823', 'Mouvement interne', NULL, 'excluded', NULL, 'Internal transfers/exchanges excluded from analysis', '2026-03-24 03:30:26.769828+00', '2026-03-24 03:30:26.769828+00'),
	('96e3c5d5-0414-4ba7-85c2-b1c83a693348', '2a575871-a403-43b9-aaf6-41bff3433d4a', 'Course', NULL, 'mapped', 'food', 'Groceries and daily consumables mapped to food', '2026-03-24 03:30:26.769828+00', '2026-03-24 03:30:26.769828+00'),
	('c2d7087e-80ef-4b4e-9dbb-eda9d551f948', '2a575871-a403-43b9-aaf6-41bff3433d4a', 'Cadeau', NULL, 'excluded', NULL, 'Gifts excluded from core travel daily reference mix', '2026-03-24 03:30:26.769828+00', '2026-03-24 03:30:26.769828+00'),
	('1e88724f-5cec-499f-9bbe-aa2e1b657880', '8516d948-4970-453a-912e-e984afabddb9', 'Course', NULL, 'mapped', 'food', 'Groceries and daily consumables mapped to food', '2026-03-24 03:30:26.769828+00', '2026-03-24 03:30:26.769828+00'),
	('ef87fe07-6dfc-46e7-8bb6-8c60f8a1c770', 'b63f45f3-fc01-4714-8cc4-a09ab49e18c7', 'Cadeau', NULL, 'excluded', NULL, 'Gifts excluded from core travel daily reference mix', '2026-03-24 03:30:26.769828+00', '2026-03-24 03:30:26.769828+00'),
	('2bc9826e-4e32-4f93-9f97-605f583605b5', '6db47d6b-6e2e-4886-a262-520a91854f4c', 'Test', NULL, 'excluded', NULL, NULL, '2026-03-24 04:41:36.199282+00', '2026-03-24 04:41:35.398+00'),
	('a9baef90-faac-478c-a01c-6b305f624e64', '8516d948-4970-453a-912e-e984afabddb9', 'test Deux', 'bloup', 'excluded', NULL, NULL, '2026-03-25 07:24:52.46758+00', '2026-03-25 07:31:08.439721+00'),
	('1a60d187-8344-4466-8ee6-2953efdca79a', '8516d948-4970-453a-912e-e984afabddb9', 'test Deux', NULL, 'mapped', 'food', NULL, '2026-03-25 07:24:16.721429+00', '2026-03-25 07:31:14.495563+00'),
	('0b660908-e133-422c-bf05-c817328503d0', '6db47d6b-6e2e-4886-a262-520a91854f4c', 'Autre', 'Remboursement', 'excluded', NULL, NULL, '2026-03-25 09:19:30.621322+00', '2026-03-25 09:19:30.621322+00'),
	('9ee6af2a-9010-4036-acd0-4706ab5435ad', '8516d948-4970-453a-912e-e984afabddb9', 'Repas', NULL, 'mapped', 'food', 'Core food category', '2026-03-24 03:26:53.133148+00', '2026-04-11 01:40:14.420942+00'),
	('cfe07957-3746-4f5d-b528-0201657905b4', '6db47d6b-6e2e-4886-a262-520a91854f4c', 'Ajustement wallet', NULL, 'excluded', NULL, NULL, '2026-05-01 02:47:26.098943+00', '2026-05-01 02:47:26.098943+00'),
	('c4a1002a-58ae-48fd-b133-b94a2e3c6644', '6db47d6b-6e2e-4886-a262-520a91854f4c', 'Immo', NULL, 'excluded', NULL, NULL, '2026-05-01 02:48:08.473129+00', '2026-05-01 02:48:08.473129+00');


--
-- Data for Name: travels; Type: TABLE DATA; Schema: public; Owner: postgres
--

INSERT INTO "public"."travels" ("id", "user_id", "name", "base_currency", "start_date", "end_date", "is_default", "created_at", "updated_at") VALUES
	('3ea801ca-c940-4577-803d-d0ca7b4283db', '2a575871-a403-43b9-aaf6-41bff3433d4a', 'Voyage principal', 'EUR', '2026-03-15', '2026-05-08', true, '2026-03-10 12:45:52.982085+00', '2026-03-10 12:45:52.982085+00'),
	('e2d5e15d-0796-42f0-9e2c-93fc2cbd54e0', 'bfe2a38a-d934-45c9-9061-cee531cf5823', 'Voyage principal', 'THB', '2026-02-26', '2026-03-18', true, '2026-03-10 12:45:52.982085+00', '2026-03-10 12:45:52.982085+00'),
	('dd97e3e5-77b8-44e8-bcca-9dabb6fbc06d', 'b63f45f3-fc01-4714-8cc4-a09ab49e18c7', 'Voyage Test', 'THB', '2026-03-01', '2026-09-01', false, '2026-03-11 04:01:00.21157+00', '2026-03-15 07:22:11.214817+00'),
	('d6c3e70a-d31f-4647-91e8-e12830d0c00d', '6db47d6b-6e2e-4886-a262-520a91854f4c', 'Asie de l''Est', 'EUR', '2026-02-10', '2026-12-31', true, '2026-03-10 12:45:52.982085+00', '2026-03-19 11:46:07.771611+00'),
	('81343a04-99a2-4a55-9cc7-0a4dded6971e', '8516d948-4970-453a-912e-e984afabddb9', 'Voyage principal', 'THB', '2026-03-03', '2026-04-30', true, '2026-03-10 12:45:52.982085+00', '2026-04-11 01:37:11.270856+00');


--
-- Data for Name: assets; Type: TABLE DATA; Schema: public; Owner: postgres
--

INSERT INTO "public"."assets" ("id", "user_id", "travel_id", "name", "asset_type", "purchase_value", "residual_value", "currency", "purchase_date", "depreciation_months", "status", "notes", "created_at", "updated_at") VALUES
	('78eee63a-1751-45f9-a09b-24bb66dbeb8e', '6db47d6b-6e2e-4886-a262-520a91854f4c', 'd6c3e70a-d31f-4647-91e8-e12830d0c00d', 'Galaxy A54 5G Lavande 128 Go', 'real_estate', 593.98, 0, 'EUR', '2023-04-22', 48, 'active', NULL, '2026-04-30 09:59:04.038005+00', '2026-04-30 09:59:04.038005+00'),
	('f2f0acea-16ce-4336-9aa2-8408f4445da4', '8516d948-4970-453a-912e-e984afabddb9', '81343a04-99a2-4a55-9cc7-0a4dded6971e', 'Test', 'car', 7500, 500, 'EUR', '2026-04-30', 36, 'sold', NULL, '2026-04-30 10:28:12.104985+00', '2026-04-30 10:28:12.104985+00');


--
-- Data for Name: periods; Type: TABLE DATA; Schema: public; Owner: postgres
--

INSERT INTO "public"."periods" ("id", "user_id", "start_date", "end_date", "base_currency", "eur_base_rate", "daily_budget_base", "created_at", "updated_at", "travel_id") VALUES
	('bffe4068-e6bc-482c-8f97-24d6b4f8808b', '6db47d6b-6e2e-4886-a262-520a91854f4c', '2026-02-10', '2026-12-31', 'EUR', 1, 25, '2026-02-11 14:27:38.943965+00', '2026-05-06 03:22:29.341+00', 'd6c3e70a-d31f-4647-91e8-e12830d0c00d'),
	('62840f74-3128-48c7-b431-2172f608246a', '8516d948-4970-453a-912e-e984afabddb9', '2026-03-03', '2026-04-30', 'THB', 37.403, 900, '2026-03-03 14:55:05.979494+00', '2026-03-24 02:30:17.471+00', '81343a04-99a2-4a55-9cc7-0a4dded6971e'),
	('a17d77d8-2eb6-4e75-8622-55fa4a7de8dd', 'b63f45f3-fc01-4714-8cc4-a09ab49e18c7', '2026-03-01', '2026-09-01', 'THB', 36.953, 900, '2026-03-11 04:01:01.096136+00', '2026-03-15 08:23:50.996+00', 'dd97e3e5-77b8-44e8-bcca-9dabb6fbc06d'),
	('d2a9158b-3dad-4e5b-81cf-2b705164bd52', 'bfe2a38a-d934-45c9-9061-cee531cf5823', '2026-02-26', '2026-03-18', 'THB', 36.642, 900, '2026-02-26 11:07:56.436401+00', '2026-02-26 11:10:41.555+00', 'e2d5e15d-0796-42f0-9e2c-93fc2cbd54e0'),
	('afc8781c-24de-4a1b-bcbb-0981ac803699', '2a575871-a403-43b9-aaf6-41bff3433d4a', '2026-03-15', '2026-05-08', 'EUR', 1, 900, '2026-02-26 10:57:53.078488+00', '2026-02-26 10:57:53.078488+00', '3ea801ca-c940-4577-803d-d0ca7b4283db');


--
-- Data for Name: trip_groups; Type: TABLE DATA; Schema: public; Owner: postgres
--

INSERT INTO "public"."trip_groups" ("id", "user_id", "period_id", "name", "base_currency", "created_at") VALUES
	('106e2175-afdb-4a80-b5e0-bebbbaa7dc2e', '6db47d6b-6e2e-4886-a262-520a91854f4c', NULL, 'Thaïland', 'THB', '2026-02-18 07:51:21.537015+00'),
	('3d014e62-49a2-423c-87c9-0504dd75f4f3', 'b63f45f3-fc01-4714-8cc4-a09ab49e18c7', NULL, 'Test', 'THB', '2026-03-11 08:46:13.269127+00'),
	('7d00b35d-e053-49ab-a505-460a89c97e68', '6db47d6b-6e2e-4886-a262-520a91854f4c', NULL, 'Vietnam - Hue', 'EUR', '2026-03-17 04:45:58.66112+00'),
	('3116ee84-6c9d-4fde-8bcc-49587655c52a', '6db47d6b-6e2e-4886-a262-520a91854f4c', NULL, 'Japon', 'EUR', '2026-03-20 17:33:11.587488+00'),
	('3229bf4c-dde7-41fd-a8de-1ae02a223867', '8516d948-4970-453a-912e-e984afabddb9', NULL, 'Test', 'THB', '2026-04-20 03:54:51.621657+00');


--
-- Data for Name: trip_members; Type: TABLE DATA; Schema: public; Owner: postgres
--

INSERT INTO "public"."trip_members" ("id", "user_id", "name", "is_me", "created_at", "trip_id", "auth_user_id", "email") VALUES
	('a2848efc-39b2-4409-b6b9-466865a28c21', '6db47d6b-6e2e-4886-a262-520a91854f4c', 'Paul', false, '2026-02-18 07:52:31.608585+00', '106e2175-afdb-4a80-b5e0-bebbbaa7dc2e', NULL, NULL),
	('0b3bef13-792d-4d51-b63d-867facb435bf', '6db47d6b-6e2e-4886-a262-520a91854f4c', 'Aom', false, '2026-02-21 06:43:05.020986+00', '106e2175-afdb-4a80-b5e0-bebbbaa7dc2e', NULL, NULL),
	('be5f3b70-e4ac-46ac-9c4c-30a272b92e87', 'b63f45f3-fc01-4714-8cc4-a09ab49e18c7', 'Moi', false, '2026-03-11 08:46:14.425416+00', '3d014e62-49a2-423c-87c9-0504dd75f4f3', 'b63f45f3-fc01-4714-8cc4-a09ab49e18c7', 'sebastien.pecoud-bouvet@proton.me'),
	('43bfd220-fa8f-4dab-804a-14a3051f6c7c', '6db47d6b-6e2e-4886-a262-520a91854f4c', 'Sébastien', false, '2026-02-18 07:52:24.228971+00', '106e2175-afdb-4a80-b5e0-bebbbaa7dc2e', '6db47d6b-6e2e-4886-a262-520a91854f4c', 'seb.pecoud.icoges@gmail.com'),
	('8d38a415-4dda-4f4d-8dad-ef05227902ad', '6db47d6b-6e2e-4886-a262-520a91854f4c', 'Jenny', false, '2026-03-17 04:47:14.164208+00', '7d00b35d-e053-49ab-a505-460a89c97e68', NULL, NULL),
	('62f77c18-d894-4129-922b-1cf10da9d5f5', '6db47d6b-6e2e-4886-a262-520a91854f4c', 'Ben', false, '2026-03-17 04:47:18.943799+00', '7d00b35d-e053-49ab-a505-460a89c97e68', NULL, NULL),
	('a299b0aa-2982-474c-afb7-700017afb8e6', '6db47d6b-6e2e-4886-a262-520a91854f4c', 'Elizabeth', false, '2026-03-17 04:47:25.141373+00', '7d00b35d-e053-49ab-a505-460a89c97e68', NULL, NULL),
	('d52d5787-71ee-457c-8967-d0638c5e4a15', '6db47d6b-6e2e-4886-a262-520a91854f4c', 'Levi', false, '2026-03-17 04:48:17.077927+00', '7d00b35d-e053-49ab-a505-460a89c97e68', NULL, NULL),
	('a8d5f0e7-8c2a-4a5e-b793-cac0c435c0a0', '6db47d6b-6e2e-4886-a262-520a91854f4c', 'Idk', false, '2026-03-17 04:48:45.840891+00', '7d00b35d-e053-49ab-a505-460a89c97e68', NULL, NULL),
	('c918713f-4b34-45ca-ac33-5d2d2028a837', '6db47d6b-6e2e-4886-a262-520a91854f4c', 'Aya', false, '2026-04-01 23:55:38.591461+00', '3116ee84-6c9d-4fde-8bcc-49587655c52a', NULL, NULL),
	('96b5a75b-a747-4312-92f0-3deaf06b04eb', '6db47d6b-6e2e-4886-a262-520a91854f4c', 'Bouvier', false, '2026-03-28 14:09:04.740412+00', '3116ee84-6c9d-4fde-8bcc-49587655c52a', NULL, NULL),
	('c38a992f-2051-4c6a-b670-488175652ba0', 'b63f45f3-fc01-4714-8cc4-a09ab49e18c7', 'Test', false, '2026-03-11 08:46:22.994568+00', '3d014e62-49a2-423c-87c9-0504dd75f4f3', NULL, NULL),
	('5c2fb79a-9505-4e38-819a-27f1f8fbfdf7', '8516d948-4970-453a-912e-e984afabddb9', 'Test', false, '2026-04-20 03:55:06.362262+00', '3229bf4c-dde7-41fd-a8de-1ae02a223867', NULL, NULL),
	('04eb56d7-3dfc-41ee-ba54-193790cd1437', '6db47d6b-6e2e-4886-a262-520a91854f4c', 'Moi', false, '2026-03-17 04:45:59.680458+00', '7d00b35d-e053-49ab-a505-460a89c97e68', '6db47d6b-6e2e-4886-a262-520a91854f4c', 'seb.pecoud.icoges@gmail.com'),
	('36112a16-5035-40ac-b67b-a8e71d0413fd', '6db47d6b-6e2e-4886-a262-520a91854f4c', 'Moi', false, '2026-03-20 17:33:13.391658+00', '3116ee84-6c9d-4fde-8bcc-49587655c52a', '6db47d6b-6e2e-4886-a262-520a91854f4c', 'seb.pecoud.icoges@gmail.com'),
	('12a19452-da8e-45bf-a344-48e3abbe740d', '6db47d6b-6e2e-4886-a262-520a91854f4c', 'Dim', false, '2026-03-20 17:34:44.646126+00', '3116ee84-6c9d-4fde-8bcc-49587655c52a', NULL, NULL),
	('0038de03-b416-41fe-8a00-e2ee2602c52e', '8516d948-4970-453a-912e-e984afabddb9', 'Moi', false, '2026-04-20 03:54:52.764916+00', '3229bf4c-dde7-41fd-a8de-1ae02a223867', '8516d948-4970-453a-912e-e984afabddb9', 'seb.pecoud@gmail.com');


--
-- Data for Name: asset_owners; Type: TABLE DATA; Schema: public; Owner: postgres
--

INSERT INTO "public"."asset_owners" ("id", "asset_id", "user_id", "trip_member_id", "display_name", "ownership_percent", "created_at") VALUES
	('d054bf53-b2c1-4cd3-913f-b68825d98028', '78eee63a-1751-45f9-a09b-24bb66dbeb8e', '6db47d6b-6e2e-4886-a262-520a91854f4c', NULL, 'Toi', 100, '2026-04-30 09:59:04.928758+00'),
	('87c11e61-2976-44bc-a064-8cf3c98aa162', 'f2f0acea-16ce-4336-9aa2-8408f4445da4', '8516d948-4970-453a-912e-e984afabddb9', NULL, 'Toi', 0, '2026-04-30 10:28:12.755204+00'),
	('1229dabc-a45f-4fae-9ed8-5f4bcf870def', 'f2f0acea-16ce-4336-9aa2-8408f4445da4', NULL, NULL, 'Dim', 100, '2026-04-30 10:28:29.010459+00');


--
-- Data for Name: wallets; Type: TABLE DATA; Schema: public; Owner: postgres
--

INSERT INTO "public"."wallets" ("id", "user_id", "name", "currency", "balance", "created_at", "type", "period_id", "balance_snapshot_at", "travel_id") VALUES
	('a917b294-a90a-4e48-8e7d-993156ac7af5', '6db47d6b-6e2e-4886-a262-520a91854f4c', 'Livert d''Epargne MonaBanq', 'EUR', 0, '2026-02-28 11:16:27.116485+00', 'savings', 'bffe4068-e6bc-482c-8f97-24d6b4f8808b', '2026-03-08 17:42:58.346+00', 'd6c3e70a-d31f-4647-91e8-e12830d0c00d'),
	('299a7a23-614b-42ad-a312-cbc468151daf', '2a575871-a403-43b9-aaf6-41bff3433d4a', 'Cash', 'THB', 0, '2026-02-26 10:57:53.37329+00', 'cash', 'afc8781c-24de-4a1b-bcbb-0981ac803699', '2026-02-26 10:57:53.37329+00', '3ea801ca-c940-4577-803d-d0ca7b4283db'),
	('36c16c32-d270-4875-9df7-c7ba246e1135', '2a575871-a403-43b9-aaf6-41bff3433d4a', 'Compte bancaire', 'EUR', 10000, '2026-02-26 10:57:53.37329+00', 'bank', 'afc8781c-24de-4a1b-bcbb-0981ac803699', '2026-02-26 10:57:53.37329+00', '3ea801ca-c940-4577-803d-d0ca7b4283db'),
	('5157144e-25e7-4a1d-aaa5-ab5a2d1dfc96', 'bfe2a38a-d934-45c9-9061-cee531cf5823', 'Compte bancaire', 'EUR', 0, '2026-02-26 11:07:59.037198+00', 'bank', 'd2a9158b-3dad-4e5b-81cf-2b705164bd52', '2026-02-26 11:07:59.037198+00', 'e2d5e15d-0796-42f0-9e2c-93fc2cbd54e0'),
	('38f46bf2-353a-4ec2-9d95-8ed92552d3a3', 'bfe2a38a-d934-45c9-9061-cee531cf5823', 'Cash', 'THB', 4000000, '2026-02-26 11:07:59.037198+00', 'cash', 'd2a9158b-3dad-4e5b-81cf-2b705164bd52', '2026-02-26 11:07:59.037198+00', 'e2d5e15d-0796-42f0-9e2c-93fc2cbd54e0'),
	('a17904a9-f468-4999-a181-888ecbcda5d3', '8516d948-4970-453a-912e-e984afabddb9', 'Compte bancaire', 'EUR', 0, '2026-03-03 14:55:08.78459+00', 'bank', '62840f74-3128-48c7-b431-2172f608246a', '2026-03-03 14:55:08.78459+00', '81343a04-99a2-4a55-9cc7-0a4dded6971e'),
	('b3f59570-25f4-40b4-863d-81c367cdc5da', 'b63f45f3-fc01-4714-8cc4-a09ab49e18c7', 'Test', 'VND', 100, '2026-03-15 07:21:33.9241+00', 'cash', 'a17d77d8-2eb6-4e75-8622-55fa4a7de8dd', '2026-03-15 07:21:33.9241+00', 'dd97e3e5-77b8-44e8-bcca-9dabb6fbc06d'),
	('1bdfb2a3-bbfd-4c0b-a074-c824c8919688', 'b63f45f3-fc01-4714-8cc4-a09ab49e18c7', 'Compte bancaire', 'EUR', 0, '2026-03-11 04:01:14.704122+00', 'bank', 'a17d77d8-2eb6-4e75-8622-55fa4a7de8dd', '2026-03-11 04:01:14.704122+00', 'dd97e3e5-77b8-44e8-bcca-9dabb6fbc06d'),
	('a34b80ed-1711-4205-8a7c-14e0e55eab93', 'b63f45f3-fc01-4714-8cc4-a09ab49e18c7', 'Cash', 'THB', 1000, '2026-03-11 04:01:14.704122+00', 'cash', 'a17d77d8-2eb6-4e75-8622-55fa4a7de8dd', '2026-03-11 04:25:31.405+00', 'dd97e3e5-77b8-44e8-bcca-9dabb6fbc06d'),
	('6999585d-9607-47f0-a565-37786bfb67d9', '6db47d6b-6e2e-4886-a262-520a91854f4c', 'Cash', 'THB', 0, '2026-02-10 13:27:31.83289+00', 'cash', 'bffe4068-e6bc-482c-8f97-24d6b4f8808b', '2026-03-11 08:05:38.343+00', 'd6c3e70a-d31f-4647-91e8-e12830d0c00d'),
	('05a20057-54c0-4f52-8bf1-4a2a22d30084', '6db47d6b-6e2e-4886-a262-520a91854f4c', 'Banque Revolut', 'THB', 0, '2026-02-16 06:00:07.125358+00', 'bank', 'bffe4068-e6bc-482c-8f97-24d6b4f8808b', '2026-03-11 08:05:54.836+00', 'd6c3e70a-d31f-4647-91e8-e12830d0c00d'),
	('113a9886-c1a3-4afe-9181-e382a5b0dfc9', '8516d948-4970-453a-912e-e984afabddb9', 'Cash', 'THB', 339997500, '2026-03-03 14:55:08.78459+00', 'cash', '62840f74-3128-48c7-b431-2172f608246a', '2026-03-06 01:56:07.108+00', '81343a04-99a2-4a55-9cc7-0a4dded6971e'),
	('64de2c12-6e64-4fdd-9ec6-184c956dcb38', '6db47d6b-6e2e-4886-a262-520a91854f4c', 'Cash', 'LAK', 810000, '2026-03-02 05:08:29.432919+00', 'cash', 'bffe4068-e6bc-482c-8f97-24d6b4f8808b', '2026-03-15 21:12:52.533+00', 'd6c3e70a-d31f-4647-91e8-e12830d0c00d'),
	('4e2f798d-caa6-4134-9da1-57097cc07265', '6db47d6b-6e2e-4886-a262-520a91854f4c', 'Carte MonaBanq', 'EUR', 282.22999999999997, '2026-02-10 13:27:31.83289+00', 'card', 'bffe4068-e6bc-482c-8f97-24d6b4f8808b', '2026-02-10 13:27:31.83289+00', 'd6c3e70a-d31f-4647-91e8-e12830d0c00d'),
	('0b8895e4-f4cb-4571-89ae-9a7afd42e7e0', '6db47d6b-6e2e-4886-a262-520a91854f4c', 'Cash', 'VND', 96000, '2026-03-15 07:12:41.417378+00', 'cash', 'bffe4068-e6bc-482c-8f97-24d6b4f8808b', '2026-03-23 10:21:50.384+00', 'd6c3e70a-d31f-4647-91e8-e12830d0c00d'),
	('6e21e00c-8e67-4878-a2d3-6bb3bb1c6ec5', '6db47d6b-6e2e-4886-a262-520a91854f4c', 'Compte Crédit Mutuel', 'EUR', -292.23, '2026-02-12 09:52:28.972012+00', 'bank', 'bffe4068-e6bc-482c-8f97-24d6b4f8808b', '2026-03-25 10:09:40.443+00', 'd6c3e70a-d31f-4647-91e8-e12830d0c00d'),
	('73d2ed75-3bd8-44fd-b907-17ecee6b2231', '6db47d6b-6e2e-4886-a262-520a91854f4c', 'Cash', 'JPY', 0, '2026-03-26 02:35:19.293476+00', 'cash', 'bffe4068-e6bc-482c-8f97-24d6b4f8808b', '2026-03-26 02:35:19.293476+00', 'd6c3e70a-d31f-4647-91e8-e12830d0c00d'),
	('770e54aa-eedf-469c-aa6e-923b82f0ae52', '6db47d6b-6e2e-4886-a262-520a91854f4c', 'Banque Australie', 'AUD', 0, '2026-04-05 05:38:18.820263+00', 'bank', 'bffe4068-e6bc-482c-8f97-24d6b4f8808b', '2026-04-05 05:38:18.820263+00', 'd6c3e70a-d31f-4647-91e8-e12830d0c00d'),
	('4a6ef04f-0f53-4612-a5a0-a317ce1942c8', '6db47d6b-6e2e-4886-a262-520a91854f4c', 'Carte Fortuneo', 'EUR', 1.36, '2026-04-10 01:53:09.053529+00', 'card', 'bffe4068-e6bc-482c-8f97-24d6b4f8808b', '2026-04-10 01:53:09.053529+00', 'd6c3e70a-d31f-4647-91e8-e12830d0c00d');


--
-- Data for Name: recurring_rules; Type: TABLE DATA; Schema: public; Owner: postgres
--

INSERT INTO "public"."recurring_rules" ("id", "user_id", "travel_id", "wallet_id", "label", "type", "amount", "currency", "category", "subcategory", "rule_type", "interval_count", "weekday", "monthday", "week_of_month", "start_date", "end_date", "max_occurrences", "next_due_at", "generated_until", "is_active", "created_at", "updated_at", "archived", "archived_at", "out_of_budget") VALUES
	('16593dde-34dc-4f26-985b-5d803bd4f929', 'b63f45f3-fc01-4714-8cc4-a09ab49e18c7', 'dd97e3e5-77b8-44e8-bcca-9dabb6fbc06d', '1bdfb2a3-bbfd-4c0b-a074-c824c8919688', 'Assurance', 'expense', 50, 'EUR', 'Autre', NULL, 'every_x_months', 1, NULL, 5, NULL, '2026-03-01', NULL, NULL, '2026-09-05', '2026-08-31', false, '2026-03-13 13:33:03.801663+00', '2026-03-13 13:35:11.639499+00', true, '2026-03-13 13:35:11.639499+00', false),
	('695e7e11-0900-4009-8a8b-baf4542030cc', 'b63f45f3-fc01-4714-8cc4-a09ab49e18c7', 'dd97e3e5-77b8-44e8-bcca-9dabb6fbc06d', '1bdfb2a3-bbfd-4c0b-a074-c824c8919688', 'Chômage', 'income', 1000, 'EUR', 'Caution', NULL, 'every_x_months', 1, 1, 2, NULL, '2026-03-01', NULL, NULL, '2026-09-02', '2026-08-31', false, '2026-03-13 12:02:55.942405+00', '2026-03-13 13:46:10.730703+00', true, '2026-03-13 13:46:10.730703+00', false),
	('a245cbe4-a5a9-463a-acd9-1007e7255607', '6db47d6b-6e2e-4886-a262-520a91854f4c', 'd6c3e70a-d31f-4647-91e8-e12830d0c00d', '4e2f798d-caa6-4134-9da1-57097cc07265', 'ChatGPT', 'expense', 23, 'EUR', 'Projet Personnel', 'Abonnement', 'every_x_months', 1, NULL, 13, NULL, '2026-04-01', NULL, NULL, '2026-12-31', '2026-12-31', true, '2026-03-15 04:29:27.867586+00', '2026-04-12 15:10:23.499289+00', false, NULL, true),
	('e38605eb-88bc-46f9-8672-3aaad637b6fe', '6db47d6b-6e2e-4886-a262-520a91854f4c', 'd6c3e70a-d31f-4647-91e8-e12830d0c00d', '4e2f798d-caa6-4134-9da1-57097cc07265', 'Netflix', 'expense', 3.4, 'EUR', 'Abonnement/Mobile', 'Abonnement app', 'every_x_months', 1, NULL, 15, NULL, '2026-04-14', NULL, NULL, '2026-12-31', '2026-12-31', true, '2026-03-16 10:01:56.80348+00', '2026-04-15 03:49:22.606566+00', false, NULL, false),
	('1a91bc58-47ed-4aa9-8701-df214f9f9dab', 'b63f45f3-fc01-4714-8cc4-a09ab49e18c7', 'dd97e3e5-77b8-44e8-bcca-9dabb6fbc06d', '1bdfb2a3-bbfd-4c0b-a074-c824c8919688', 'Chômage', 'expense', 100, 'EUR', 'Repas', NULL, 'daily', 1, NULL, NULL, NULL, '2026-03-13', NULL, NULL, '2026-09-01', '2026-08-31', false, '2026-03-13 13:47:24.654439+00', '2026-03-13 13:49:25.21191+00', true, '2026-03-13 13:49:25.21191+00', true),
	('c75659d9-810b-453a-9391-165102887484', 'b63f45f3-fc01-4714-8cc4-a09ab49e18c7', 'dd97e3e5-77b8-44e8-bcca-9dabb6fbc06d', '1bdfb2a3-bbfd-4c0b-a074-c824c8919688', 'rgeag', 'expense', 1000, 'EUR', 'Autre', NULL, 'weekly', 1, 2, NULL, NULL, '2026-03-13', NULL, NULL, '2026-09-01', '2026-08-31', false, '2026-03-13 13:47:59.542106+00', '2026-03-13 13:49:30.119162+00', true, '2026-03-13 13:49:30.119162+00', true),
	('333e1e68-7ad5-45be-b1c7-24bcb8d45ad6', '6db47d6b-6e2e-4886-a262-520a91854f4c', 'd6c3e70a-d31f-4647-91e8-e12830d0c00d', '770e54aa-eedf-469c-aa6e-923b82f0ae52', 'PVT Australie', 'income', 1000, 'AUD', 'Revenu', 'Salaire', 'weekly', 1, 0, NULL, NULL, '2026-05-18', '2026-12-20', NULL, '2026-12-20', '2026-12-20', true, '2026-03-17 01:20:44.906503+00', '2026-04-18 02:21:16.641837+00', false, NULL, false),
	('e7907111-b085-45ee-ba65-d816779da1f9', '6db47d6b-6e2e-4886-a262-520a91854f4c', 'd6c3e70a-d31f-4647-91e8-e12830d0c00d', '4e2f798d-caa6-4134-9da1-57097cc07265', 'Remboursement Mamie', 'expense', 1000, 'EUR', 'Autre', 'Remboursement', 'every_x_months', 1, NULL, 5, NULL, '2026-08-01', '2026-11-30', NULL, '2026-11-30', '2026-11-30', true, '2026-03-25 09:07:36.789454+00', '2026-04-18 05:41:18.093732+00', false, NULL, true),
	('57ea960b-60ff-46b8-97e8-8afa7f7ded75', 'b63f45f3-fc01-4714-8cc4-a09ab49e18c7', 'dd97e3e5-77b8-44e8-bcca-9dabb6fbc06d', '1bdfb2a3-bbfd-4c0b-a074-c824c8919688', 'Chômage', 'income', 1000, 'EUR', 'Revenu', NULL, 'every_x_months', 1, 1, 2, NULL, '2026-03-01', NULL, NULL, '2026-05-02', '2026-04-30', false, '2026-03-13 10:55:50.62256+00', '2026-03-13 10:57:51.408655+00', true, '2026-03-13 10:57:51.408655+00', false),
	('11b27a59-f400-4790-9703-6c7906b8b2c9', 'b63f45f3-fc01-4714-8cc4-a09ab49e18c7', 'dd97e3e5-77b8-44e8-bcca-9dabb6fbc06d', 'a34b80ed-1711-4205-8a7c-14e0e55eab93', 'ef', 'expense', 1, 'THB', 'Autre', NULL, 'every_x_months', 1, NULL, 1, NULL, '2026-03-13', NULL, NULL, '2026-10-01', '2026-09-02', false, '2026-03-13 13:49:06.280667+00', '2026-03-13 13:50:29.654439+00', true, '2026-03-13 13:50:29.654439+00', false),
	('284d6a3c-df3d-434b-b0b7-9674cb3696f0', '6db47d6b-6e2e-4886-a262-520a91854f4c', 'd6c3e70a-d31f-4647-91e8-e12830d0c00d', '4e2f798d-caa6-4134-9da1-57097cc07265', 'Google One', 'expense', 1.99, 'EUR', 'Abonnement/Mobile', 'Abonnement app', 'every_x_months', 1, NULL, 18, NULL, '2026-04-18', NULL, NULL, '2026-12-31', '2026-12-31', true, '2026-04-18 23:15:00.576258+00', '2026-04-18 23:15:01.325242+00', false, NULL, false),
	('0b7332da-5464-4797-9381-0a269e414984', '6db47d6b-6e2e-4886-a262-520a91854f4c', 'd6c3e70a-d31f-4647-91e8-e12830d0c00d', '4e2f798d-caa6-4134-9da1-57097cc07265', 'ChatGPT', 'expense', 23, 'EUR', 'Projet Personnel', NULL, 'every_x_months', 1, NULL, 13, NULL, '2026-04-01', NULL, NULL, '2027-03-13', '2027-02-28', false, '2026-03-15 04:28:43.809334+00', '2026-03-15 04:29:05.469737+00', true, '2026-03-15 04:29:05.469737+00', false),
	('2cc0c712-d11d-4f2c-b695-1d560d3a46f7', 'b63f45f3-fc01-4714-8cc4-a09ab49e18c7', 'dd97e3e5-77b8-44e8-bcca-9dabb6fbc06d', '1bdfb2a3-bbfd-4c0b-a074-c824c8919688', 'Assurance', 'expense', 100, 'EUR', 'Autre', NULL, 'monthly', 1, NULL, 5, NULL, '2026-03-01', NULL, NULL, '2026-03-01', NULL, false, '2026-03-13 07:35:54.427335+00', '2026-03-13 08:09:06.975005+00', true, '2026-03-13 08:09:06.975005+00', false),
	('471d5920-17a0-4c79-bba2-8c3a97650dce', '6db47d6b-6e2e-4886-a262-520a91854f4c', 'd6c3e70a-d31f-4647-91e8-e12830d0c00d', '4e2f798d-caa6-4134-9da1-57097cc07265', 'Netlify', 'expense', 17.39, 'EUR', 'Projet Personnel', 'Abonnement', 'every_x_months', 1, NULL, 29, NULL, '2026-03-29', NULL, NULL, '2026-12-31', '2026-12-31', true, '2026-03-29 22:31:14.53068+00', '2026-04-29 12:59:35.630039+00', false, NULL, true),
	('11c3d077-d277-49bc-926a-16558428a5fd', 'b63f45f3-fc01-4714-8cc4-a09ab49e18c7', 'dd97e3e5-77b8-44e8-bcca-9dabb6fbc06d', '1bdfb2a3-bbfd-4c0b-a074-c824c8919688', 'Assurance', 'expense', 200, 'EUR', 'Autre', NULL, 'every_x_months', 1, NULL, 2, NULL, '2026-03-01', NULL, NULL, '2026-05-02', '2026-04-30', false, '2026-03-13 08:09:46.557824+00', '2026-03-13 08:11:06.765717+00', true, '2026-03-13 08:11:06.765717+00', false),
	('25ff145c-55e7-474f-86ac-d0ce41f874a4', 'b63f45f3-fc01-4714-8cc4-a09ab49e18c7', 'dd97e3e5-77b8-44e8-bcca-9dabb6fbc06d', '1bdfb2a3-bbfd-4c0b-a074-c824c8919688', 'Chômage', 'income', 1000, 'EUR', NULL, NULL, 'every_x_months', 1, NULL, 2, NULL, '2026-03-01', NULL, NULL, '2026-05-02', '2026-04-30', false, '2026-03-13 08:21:51.918545+00', '2026-03-13 08:23:37.498483+00', true, '2026-03-13 08:23:37.498483+00', false),
	('dc3ba913-88d7-45c6-a81b-aa9e7c384600', 'b63f45f3-fc01-4714-8cc4-a09ab49e18c7', 'dd97e3e5-77b8-44e8-bcca-9dabb6fbc06d', '1bdfb2a3-bbfd-4c0b-a074-c824c8919688', 'Chômage', 'income', 1000, 'EUR', NULL, NULL, 'every_x_months', 1, NULL, 2, NULL, '2026-03-01', NULL, NULL, '2026-05-02', '2026-04-30', false, '2026-03-13 08:35:50.9456+00', '2026-03-13 08:36:14.628642+00', true, '2026-03-13 08:36:14.628642+00', false),
	('bebb7e0d-c951-4360-a7c4-a4a64128a402', 'b63f45f3-fc01-4714-8cc4-a09ab49e18c7', 'dd97e3e5-77b8-44e8-bcca-9dabb6fbc06d', '1bdfb2a3-bbfd-4c0b-a074-c824c8919688', 'Assurance', 'expense', 50, 'EUR', NULL, NULL, 'every_x_months', 1, NULL, 5, NULL, '2026-03-01', NULL, NULL, '2026-05-05', '2026-04-30', false, '2026-03-13 08:21:21.40719+00', '2026-03-13 10:25:35.89152+00', true, '2026-03-13 10:25:35.89152+00', false),
	('73765ca0-70d2-44c6-a63e-8c4a31f6dcac', 'b63f45f3-fc01-4714-8cc4-a09ab49e18c7', 'dd97e3e5-77b8-44e8-bcca-9dabb6fbc06d', 'a34b80ed-1711-4205-8a7c-14e0e55eab93', 'Assurance', 'expense', 12, 'THB', 'Sorties', 'Culturel', 'every_x_months', 1, NULL, 15, NULL, '2026-03-15', NULL, NULL, '2026-09-15', '2026-09-01', true, '2026-03-15 07:52:08.553621+00', '2026-03-15 08:43:03.552093+00', false, NULL, false),
	('b00b8caa-d9ee-477f-9627-92eb0b2ae7ba', 'b63f45f3-fc01-4714-8cc4-a09ab49e18c7', 'dd97e3e5-77b8-44e8-bcca-9dabb6fbc06d', '1bdfb2a3-bbfd-4c0b-a074-c824c8919688', 'Chômage', 'income', 1000, 'EUR', 'Revenu', NULL, 'every_x_months', 1, 1, 2, NULL, '2026-03-01', NULL, NULL, '2026-05-02', '2026-04-30', false, '2026-03-13 10:55:50.622568+00', '2026-03-13 10:58:21.90885+00', true, '2026-03-13 10:58:21.90885+00', false),
	('12662599-83d8-4fe5-81b1-60ccb55594f2', 'b63f45f3-fc01-4714-8cc4-a09ab49e18c7', 'dd97e3e5-77b8-44e8-bcca-9dabb6fbc06d', '1bdfb2a3-bbfd-4c0b-a074-c824c8919688', 'Chômage', 'income', 1000, 'EUR', 'Revenu', NULL, 'every_x_months', 1, NULL, 2, NULL, '2026-03-01', NULL, NULL, '2026-07-02', '2026-06-30', false, '2026-03-13 11:11:04.488287+00', '2026-03-13 11:12:55.013517+00', true, '2026-03-13 11:12:55.013517+00', false),
	('032792fb-08d5-4b4e-b957-b906322d4c4e', 'b63f45f3-fc01-4714-8cc4-a09ab49e18c7', 'dd97e3e5-77b8-44e8-bcca-9dabb6fbc06d', '1bdfb2a3-bbfd-4c0b-a074-c824c8919688', 'Chômage', 'income', 1000, 'EUR', 'Revenu', NULL, 'every_x_months', 1, NULL, 2, NULL, '2026-03-01', '2026-04-30', NULL, '2026-05-02', '2026-04-30', false, '2026-03-13 11:26:33.529725+00', '2026-03-13 12:01:58.005762+00', true, '2026-03-13 12:01:58.005762+00', false),
	('7d9d71de-6b0c-4fd5-8448-78853f2ed45f', '6db47d6b-6e2e-4886-a262-520a91854f4c', 'd6c3e70a-d31f-4647-91e8-e12830d0c00d', '6e21e00c-8e67-4878-a2d3-6bb3bb1c6ec5', 'Frais Crédit Mutuel', 'expense', 2.25, 'EUR', 'Frais bancaire', 'Tenue de compte', 'every_x_months', 1, NULL, 31, NULL, '2026-03-15', NULL, NULL, '2026-12-31', '2026-12-31', true, '2026-03-15 04:31:01.734224+00', '2026-03-18 13:32:29.723552+00', false, NULL, false),
	('010da0e4-eb9a-45b4-a485-f8c71b614e73', '6db47d6b-6e2e-4886-a262-520a91854f4c', 'd6c3e70a-d31f-4647-91e8-e12830d0c00d', '4e2f798d-caa6-4134-9da1-57097cc07265', 'Frais MonaB Uniq+', 'expense', 12, 'EUR', 'Frais bancaire', 'Tenue de compte', 'every_x_months', 1, NULL, 6, NULL, '2026-03-15', NULL, NULL, '2026-12-31', '2026-12-31', true, '2026-03-15 04:32:37.932097+00', '2026-03-18 13:32:55.311503+00', false, NULL, false),
	('4014eb18-4435-4254-8ddd-768f39731833', '6db47d6b-6e2e-4886-a262-520a91854f4c', 'd6c3e70a-d31f-4647-91e8-e12830d0c00d', '6e21e00c-8e67-4878-a2d3-6bb3bb1c6ec5', 'eSim Free', 'expense', 2, 'EUR', 'Abonnement/Mobile', 'Forfait mobile', 'every_x_months', 1, NULL, 5, NULL, '2026-04-01', NULL, NULL, '2026-12-31', '2026-12-31', true, '2026-03-15 04:30:16.735931+00', '2026-03-18 13:33:12.436335+00', false, NULL, false),
	('0b96cbc1-c52a-4870-804c-94e1b2143ec0', '6db47d6b-6e2e-4886-a262-520a91854f4c', 'd6c3e70a-d31f-4647-91e8-e12830d0c00d', '6e21e00c-8e67-4878-a2d3-6bb3bb1c6ec5', 'Chomage', 'income', 1443.3, 'EUR', 'Revenu', 'Chomage', 'every_x_months', 1, NULL, 2, NULL, '2026-03-17', '2026-09-06', NULL, '2026-09-06', '2026-09-06', true, '2026-03-17 01:11:45.015154+00', '2026-04-02 00:10:27.966426+00', false, NULL, false);


--
-- Data for Name: transactions; Type: TABLE DATA; Schema: public; Owner: postgres
--

INSERT INTO "public"."transactions" ("id", "user_id", "wallet_id", "type", "amount", "currency", "category", "label", "date_start", "date_end", "pay_now", "out_of_budget", "night_covered", "created_at", "period_id", "updated_at", "trip_expense_id", "affects_budget", "trip_share_link_id", "is_internal", "fx_rate_snapshot", "fx_source_snapshot", "fx_snapshot_at", "fx_base_currency_snapshot", "fx_tx_currency_snapshot", "subcategory", "travel_id", "recurring_rule_id", "occurrence_date", "generated_by_rule", "recurring_instance_status", "budget_date_start", "budget_date_end") VALUES
	('5bb48cad-154c-402a-a5d2-ac59b1aaf562', '6db47d6b-6e2e-4886-a262-520a91854f4c', '4e2f798d-caa6-4134-9da1-57097cc07265', 'income', 146.97, 'EUR', 'Ajustement wallet', 'Ajustement wallet — Carte MonaBanq (126,66 EUR → 273,63 EUR)', '2026-04-15', '2026-04-15', true, true, false, '2026-04-15 04:50:23.414564+00', 'bffe4068-e6bc-482c-8f97-24d6b4f8808b', '2026-04-15 04:50:23.414564+00', NULL, false, NULL, false, 187.33, 'fx', '2026-04-15 04:50:22.869+00', 'JPY', 'EUR', NULL, 'd6c3e70a-d31f-4647-91e8-e12830d0c00d', NULL, NULL, false, 'confirmed', '2026-04-15', '2026-04-15'),
	('70c21583-c8f1-4dd2-8d78-1922484fd8fe', '6db47d6b-6e2e-4886-a262-520a91854f4c', '6e21e00c-8e67-4878-a2d3-6bb3bb1c6ec5', 'expense', 300, 'EUR', 'Mouvement interne', 'Mouvement interne', '2026-04-17', '2026-04-17', true, true, false, '2026-04-17 12:30:44.062607+00', 'bffe4068-e6bc-482c-8f97-24d6b4f8808b', '2026-04-17 12:30:44.062607+00', NULL, false, NULL, false, 187.31, 'fx', '2026-04-17 12:30:42.199+00', 'JPY', 'EUR', 'Virement', 'd6c3e70a-d31f-4647-91e8-e12830d0c00d', NULL, NULL, false, 'confirmed', '2026-04-17', '2026-04-17'),
	('0bcc7354-52a5-4d87-9c40-29d9f641098c', '6db47d6b-6e2e-4886-a262-520a91854f4c', '4e2f798d-caa6-4134-9da1-57097cc07265', 'expense', 407.24, 'EUR', 'Visa', 'Visa PVT Autralie', '2026-04-01', '2026-04-01', true, false, false, '2026-04-01 05:47:45.742554+00', 'bffe4068-e6bc-482c-8f97-24d6b4f8808b', '2026-04-18 05:38:08.968526+00', NULL, true, NULL, false, 1.6693, 'fx', '2026-04-01 05:47:42.702+00', 'AUD', 'EUR', 'e-Visa', 'd6c3e70a-d31f-4647-91e8-e12830d0c00d', NULL, NULL, false, 'confirmed', '2026-05-08', '2026-05-08'),
	('0eadf56e-8c26-4919-af92-e618a9e8fdc1', '6db47d6b-6e2e-4886-a262-520a91854f4c', '6999585d-9607-47f0-a565-37786bfb67d9', 'expense', 230, 'THB', 'Repas', 'Repas', '2026-02-13', '2026-02-13', true, false, false, '2026-02-13 07:38:46.999972+00', 'bffe4068-e6bc-482c-8f97-24d6b4f8808b', '2026-02-13 07:38:46.999972+00', NULL, true, NULL, false, 1, 'none', '2026-02-25 15:51:00.701+00', 'THB', 'THB', 'Déjeuner', 'd6c3e70a-d31f-4647-91e8-e12830d0c00d', NULL, NULL, false, 'confirmed', '2026-02-13', '2026-02-13'),
	('a68ce7dd-729e-4252-bd31-477be21cbf84', '6db47d6b-6e2e-4886-a262-520a91854f4c', '73d2ed75-3bd8-44fd-b907-17ecee6b2231', 'expense', 330, 'JPY', 'Course', 'Course', '2026-04-07', '2026-04-07', true, false, false, '2026-04-07 00:58:52.408022+00', 'bffe4068-e6bc-482c-8f97-24d6b4f8808b', '2026-04-07 00:58:52.408022+00', NULL, true, NULL, false, 1, 'none', '2026-04-07 00:58:49.99+00', 'JPY', 'JPY', 'Produits maison', 'd6c3e70a-d31f-4647-91e8-e12830d0c00d', NULL, NULL, false, 'confirmed', '2026-04-07', '2026-04-07'),
	('79726fcd-9c54-42ec-9b88-6b45f40c02cb', '6db47d6b-6e2e-4886-a262-520a91854f4c', '4e2f798d-caa6-4134-9da1-57097cc07265', 'expense', 215, 'EUR', 'Mouvement interne', 'Mouvement interne', '2026-04-09', '2026-04-09', true, true, false, '2026-04-09 05:05:32.593102+00', 'bffe4068-e6bc-482c-8f97-24d6b4f8808b', '2026-04-09 05:05:32.593102+00', NULL, false, NULL, false, 185.13, 'fx', '2026-04-09 05:05:30.594+00', 'JPY', 'EUR', 'Virement', 'd6c3e70a-d31f-4647-91e8-e12830d0c00d', NULL, NULL, false, 'confirmed', '2026-04-09', '2026-04-09'),
	('cb0f0b43-19e4-4bca-816c-c6232e0e4ae0', '6db47d6b-6e2e-4886-a262-520a91854f4c', '73d2ed75-3bd8-44fd-b907-17ecee6b2231', 'expense', 1200, 'JPY', 'Laundry', '[Trip] Avance - Laundry', '2026-04-21', '2026-04-21', true, true, false, '2026-04-23 06:25:51.435907+00', 'bffe4068-e6bc-482c-8f97-24d6b4f8808b', '2026-04-23 06:25:51.435907+00', 'b0bf28ff-b8aa-47f1-8af7-5d1a53caabf7', false, NULL, false, 1, 'none', '2026-04-23 06:25:50.743+00', 'JPY', 'JPY', NULL, 'd6c3e70a-d31f-4647-91e8-e12830d0c00d', NULL, NULL, false, 'confirmed', '2026-04-21', '2026-04-21'),
	('15afc8c5-7b0f-4094-bc17-872bf905ce60', '6db47d6b-6e2e-4886-a262-520a91854f4c', '73d2ed75-3bd8-44fd-b907-17ecee6b2231', 'expense', 2000, 'JPY', 'Repas', 'Macdalle', '2026-04-25', '2026-04-25', true, false, false, '2026-04-25 13:11:13.05615+00', 'bffe4068-e6bc-482c-8f97-24d6b4f8808b', '2026-04-25 13:11:13.05615+00', NULL, true, NULL, false, 1, 'none', '2026-04-25 13:11:10.048+00', 'JPY', 'JPY', 'Dîner', 'd6c3e70a-d31f-4647-91e8-e12830d0c00d', NULL, NULL, false, 'confirmed', '2026-04-25', '2026-04-25'),
	('91ba86c3-d652-4e1f-9118-291ee3e7ef13', '6db47d6b-6e2e-4886-a262-520a91854f4c', '73d2ed75-3bd8-44fd-b907-17ecee6b2231', 'expense', 1180, 'JPY', 'Repas', '[Trip] Ramen', '2026-04-28', '2026-04-28', false, false, false, '2026-04-28 03:40:04.075739+00', 'bffe4068-e6bc-482c-8f97-24d6b4f8808b', '2026-04-28 03:40:04.075739+00', NULL, true, NULL, true, 1, 'none', '2026-04-28 03:40:03.845+00', 'JPY', 'JPY', 'Déjeuner', 'd6c3e70a-d31f-4647-91e8-e12830d0c00d', NULL, NULL, false, 'confirmed', '2026-04-28', '2026-04-28'),
	('830720cb-31e9-4742-8d86-0309ca58af1f', '6db47d6b-6e2e-4886-a262-520a91854f4c', '73d2ed75-3bd8-44fd-b907-17ecee6b2231', 'expense', 4110, 'JPY', 'Repas', '[Trip] Avance - Tkt j''ai screen', '2026-04-17', '2026-04-17', true, true, false, '2026-04-17 10:53:03.812252+00', 'bffe4068-e6bc-482c-8f97-24d6b4f8808b', '2026-04-17 10:53:03.812252+00', 'e6d5a9e7-2b69-4814-80d7-58118683b555', false, NULL, false, 1, 'none', '2026-04-17 10:53:03.013+00', 'JPY', 'JPY', 'Dîner', 'd6c3e70a-d31f-4647-91e8-e12830d0c00d', NULL, NULL, false, 'confirmed', '2026-04-17', '2026-04-17'),
	('dd6e8071-1cbc-49de-90c8-a24896f37588', '6db47d6b-6e2e-4886-a262-520a91854f4c', '73d2ed75-3bd8-44fd-b907-17ecee6b2231', 'expense', 2300, 'JPY', 'Sorties', '[Trip] Escalade', '2026-04-21', '2026-04-21', false, false, false, '2026-04-21 06:06:50.275025+00', 'bffe4068-e6bc-482c-8f97-24d6b4f8808b', '2026-04-21 06:06:50.275025+00', NULL, true, NULL, true, 1, 'none', '2026-04-21 06:06:49.736+00', 'JPY', 'JPY', 'Sportive', 'd6c3e70a-d31f-4647-91e8-e12830d0c00d', NULL, NULL, false, 'confirmed', '2026-04-21', '2026-04-21'),
	('31b335ca-8b60-43bd-a2dc-529c6fff8816', '6db47d6b-6e2e-4886-a262-520a91854f4c', '73d2ed75-3bd8-44fd-b907-17ecee6b2231', 'expense', 1760, 'JPY', 'Autre', 'Canne a Peche', '2026-04-11', '2026-04-11', true, true, false, '2026-04-11 08:29:59.2475+00', 'bffe4068-e6bc-482c-8f97-24d6b4f8808b', '2026-04-22 15:39:54.625901+00', NULL, false, NULL, false, 1, 'none', '2026-04-11 08:29:57.69+00', 'JPY', 'JPY', 'Divers', 'd6c3e70a-d31f-4647-91e8-e12830d0c00d', NULL, NULL, false, 'confirmed', '2026-04-11', '2026-04-11'),
	('4a687c56-6099-452a-a6ec-4ff01a3684a2', '6db47d6b-6e2e-4886-a262-520a91854f4c', '73d2ed75-3bd8-44fd-b907-17ecee6b2231', 'expense', 1718.66, 'JPY', 'Repas', '[Trip] Il a screen', '2026-04-23', '2026-04-23', false, false, false, '2026-04-23 06:15:07.673238+00', 'bffe4068-e6bc-482c-8f97-24d6b4f8808b', '2026-04-23 06:15:07.673238+00', NULL, true, NULL, true, 1, 'none', '2026-04-23 06:15:06.856+00', 'JPY', 'JPY', 'Déjeuner', 'd6c3e70a-d31f-4647-91e8-e12830d0c00d', NULL, NULL, false, 'confirmed', '2026-04-23', '2026-04-23'),
	('ea400178-6c1d-4434-9927-de5adeebc1df', '6db47d6b-6e2e-4886-a262-520a91854f4c', '73d2ed75-3bd8-44fd-b907-17ecee6b2231', 'expense', 2300, 'JPY', 'Sorties', 'Escalade', '2026-05-01', '2026-05-01', true, false, false, '2026-05-01 08:04:29.955848+00', 'bffe4068-e6bc-482c-8f97-24d6b4f8808b', '2026-05-01 08:04:29.955848+00', NULL, true, NULL, false, 1, 'none', '2026-05-01 08:04:29.435+00', 'JPY', 'JPY', 'Sportive', 'd6c3e70a-d31f-4647-91e8-e12830d0c00d', NULL, NULL, false, 'confirmed', '2026-05-01', '2026-05-01'),
	('ea914916-d06f-4d51-b3ae-e53d87520057', '6db47d6b-6e2e-4886-a262-520a91854f4c', '73d2ed75-3bd8-44fd-b907-17ecee6b2231', 'expense', 3160, 'JPY', 'Sorties', '[Trip] Avance - Bar', '2026-05-02', '2026-05-02', true, true, false, '2026-05-02 13:38:51.742543+00', 'bffe4068-e6bc-482c-8f97-24d6b4f8808b', '2026-05-02 13:38:51.742543+00', '88204749-78e9-41f7-9eaf-f87163e37427', false, NULL, false, 1, 'none', '2026-05-02 13:38:51.694+00', 'JPY', 'JPY', 'Fête', 'd6c3e70a-d31f-4647-91e8-e12830d0c00d', NULL, NULL, false, 'confirmed', '2026-05-02', '2026-05-02'),
	('5f81a882-dcf8-44bf-bef8-24e6850b7976', '6db47d6b-6e2e-4886-a262-520a91854f4c', '73d2ed75-3bd8-44fd-b907-17ecee6b2231', 'expense', 622, 'JPY', 'Sorties', '[Trip] Avance - Bière', '2026-05-05', '2026-05-05', true, true, false, '2026-05-05 13:34:25.236746+00', 'bffe4068-e6bc-482c-8f97-24d6b4f8808b', '2026-05-05 13:34:25.236746+00', '59146840-e959-44ed-a8a5-cdb405619239', false, NULL, false, 1, 'none', '2026-05-05 13:34:23.931+00', 'JPY', 'JPY', 'Fête', 'd6c3e70a-d31f-4647-91e8-e12830d0c00d', NULL, NULL, false, 'confirmed', '2026-05-05', '2026-05-05'),
	('e012f175-ecc4-47fe-b36a-7db1c103ff97', '6db47d6b-6e2e-4886-a262-520a91854f4c', '4e2f798d-caa6-4134-9da1-57097cc07265', 'expense', 29.63, 'EUR', 'Repas', '[Trip] Avance - BK', '2026-04-23', '2026-04-23', true, true, false, '2026-05-06 03:59:10.223328+00', 'bffe4068-e6bc-482c-8f97-24d6b4f8808b', '2026-05-06 03:59:10.223328+00', 'f00e79f7-dbb9-452b-9fa0-46bc9bb195be', false, NULL, false, 184.42, 'fx', '2026-05-06 03:59:09.328+00', 'JPY', 'EUR', 'Dîner', 'd6c3e70a-d31f-4647-91e8-e12830d0c00d', NULL, NULL, false, 'confirmed', '2026-04-23', '2026-04-23'),
	('44104654-e900-4834-a6ab-2901bf27ea9c', '6db47d6b-6e2e-4886-a262-520a91854f4c', '73d2ed75-3bd8-44fd-b907-17ecee6b2231', 'expense', 640, 'JPY', 'Repas', 'Mcdo', '2026-04-02', '2026-04-02', true, false, false, '2026-04-02 06:42:23.634638+00', 'bffe4068-e6bc-482c-8f97-24d6b4f8808b', '2026-04-02 06:42:23.634638+00', NULL, true, NULL, false, 1, 'none', '2026-04-02 06:42:21.636+00', 'JPY', 'JPY', 'Déjeuner', 'd6c3e70a-d31f-4647-91e8-e12830d0c00d', NULL, NULL, false, 'confirmed', '2026-04-02', '2026-04-02'),
	('9f5cc064-c5be-4ec8-aad4-3e1ff215e343', '6db47d6b-6e2e-4886-a262-520a91854f4c', '73d2ed75-3bd8-44fd-b907-17ecee6b2231', 'expense', 730, 'JPY', 'Repas', 'Repas', '2026-04-03', '2026-04-03', true, false, false, '2026-04-03 03:50:34.584872+00', 'bffe4068-e6bc-482c-8f97-24d6b4f8808b', '2026-04-03 03:50:34.584872+00', NULL, true, NULL, false, 1, 'none', '2026-04-03 03:50:32.522+00', 'JPY', 'JPY', 'Déjeuner', 'd6c3e70a-d31f-4647-91e8-e12830d0c00d', NULL, NULL, false, 'confirmed', '2026-04-03', '2026-04-03'),
	('4182622c-5bba-4635-a41e-c51fbbb72378', '6db47d6b-6e2e-4886-a262-520a91854f4c', '4e2f798d-caa6-4134-9da1-57097cc07265', 'income', 260, 'EUR', 'Mouvement interne', 'Mouvement interne', '2026-04-07', '2026-04-07', true, true, false, '2026-04-07 01:20:35.341007+00', 'bffe4068-e6bc-482c-8f97-24d6b4f8808b', '2026-04-07 01:20:55.27+00', NULL, false, NULL, false, 183.94, 'fx', '2026-04-07 01:20:34.442+00', 'JPY', 'EUR', 'Virement', 'd6c3e70a-d31f-4647-91e8-e12830d0c00d', NULL, NULL, false, 'confirmed', '2026-04-07', '2026-04-07'),
	('d82591c9-7728-40c6-84be-3664dee58480', '6db47d6b-6e2e-4886-a262-520a91854f4c', '73d2ed75-3bd8-44fd-b907-17ecee6b2231', 'expense', 443, 'JPY', 'Course', 'Course', '2026-04-08', '2026-04-08', true, false, false, '2026-04-09 05:10:25.876578+00', 'bffe4068-e6bc-482c-8f97-24d6b4f8808b', '2026-04-09 05:11:12.715+00', NULL, true, NULL, false, 1, 'none', '2026-04-09 05:10:23.121+00', 'JPY', 'JPY', 'Eau', 'd6c3e70a-d31f-4647-91e8-e12830d0c00d', NULL, NULL, false, 'confirmed', '2026-04-08', '2026-04-08'),
	('7d8a4b50-96a8-46bd-bf52-98ed0281a1f5', '6db47d6b-6e2e-4886-a262-520a91854f4c', '73d2ed75-3bd8-44fd-b907-17ecee6b2231', 'expense', 600, 'JPY', 'Laundry', '[Trip] Laundry', '2026-04-21', '2026-04-21', false, false, false, '2026-04-23 06:25:54.908873+00', 'bffe4068-e6bc-482c-8f97-24d6b4f8808b', '2026-04-23 06:25:54.908873+00', NULL, true, NULL, true, 1, 'none', '2026-04-23 06:25:54.254+00', 'JPY', 'JPY', NULL, 'd6c3e70a-d31f-4647-91e8-e12830d0c00d', NULL, NULL, false, 'confirmed', '2026-04-21', '2026-04-21'),
	('7fc830a1-25bc-40cc-abe8-58ca82255496', '6db47d6b-6e2e-4886-a262-520a91854f4c', '73d2ed75-3bd8-44fd-b907-17ecee6b2231', 'expense', 600, 'JPY', 'Repas', 'Repas', '2026-04-26', '2026-04-26', true, false, false, '2026-04-26 06:52:44.592798+00', 'bffe4068-e6bc-482c-8f97-24d6b4f8808b', '2026-04-26 06:52:44.592798+00', NULL, true, NULL, false, 1, 'none', '2026-04-26 06:52:41.271+00', 'JPY', 'JPY', 'Petit-déjeuner', 'd6c3e70a-d31f-4647-91e8-e12830d0c00d', NULL, NULL, false, 'confirmed', '2026-04-26', '2026-04-26'),
	('93afecfb-8511-4ebd-b75c-5eb87b0c23a7', '6db47d6b-6e2e-4886-a262-520a91854f4c', '4e2f798d-caa6-4134-9da1-57097cc07265', 'expense', 23, 'EUR', 'Projet Personnel', 'ChatGPT', '2026-04-10', '2026-04-10', true, true, false, '2026-04-12 15:16:27.176273+00', 'bffe4068-e6bc-482c-8f97-24d6b4f8808b', '2026-04-12 15:16:27.176273+00', NULL, false, NULL, false, 186.43, 'fx', '2026-04-12 15:16:26.082+00', 'JPY', 'EUR', 'Abonnement', 'd6c3e70a-d31f-4647-91e8-e12830d0c00d', NULL, NULL, false, 'confirmed', '2026-04-10', '2026-04-10'),
	('db1c1537-6308-42e3-a52d-1eedd3f6e056', '6db47d6b-6e2e-4886-a262-520a91854f4c', '4e2f798d-caa6-4134-9da1-57097cc07265', 'expense', 3.4, 'EUR', 'Abonnement/Mobile', 'Netflix', '2026-03-16', '2026-03-16', true, false, false, '2026-03-16 10:01:57.535513+00', 'bffe4068-e6bc-482c-8f97-24d6b4f8808b', '2026-04-15 03:49:20.711+00', NULL, true, NULL, false, NULL, NULL, '2026-03-16 10:01:57.535513+00', NULL, NULL, 'Abonnement app', 'd6c3e70a-d31f-4647-91e8-e12830d0c00d', 'e38605eb-88bc-46f9-8672-3aaad637b6fe', '2026-03-16', true, 'generated', '2026-03-16', '2026-03-16'),
	('640bd06c-0255-4115-943d-42329bb62f3c', '6db47d6b-6e2e-4886-a262-520a91854f4c', '4e2f798d-caa6-4134-9da1-57097cc07265', 'expense', 3.4, 'EUR', 'Abonnement/Mobile', 'Netflix', '2026-04-15', '2026-04-15', true, false, false, '2026-04-15 03:50:36.603983+00', 'bffe4068-e6bc-482c-8f97-24d6b4f8808b', '2026-04-15 03:50:36.603983+00', NULL, true, NULL, false, 187.33, 'fx', '2026-04-15 03:50:35.478+00', 'JPY', 'EUR', 'Abonnement app', 'd6c3e70a-d31f-4647-91e8-e12830d0c00d', NULL, NULL, false, 'confirmed', '2026-04-15', '2026-04-15'),
	('3a63e899-f0f2-4fd3-aaaf-d1dc65acc1c1', '6db47d6b-6e2e-4886-a262-520a91854f4c', '4e2f798d-caa6-4134-9da1-57097cc07265', 'expense', 53.2, 'EUR', 'Logement', '[Trip] Avance - Auberge', '2026-04-19', '2026-04-19', true, true, false, '2026-04-18 23:12:38.94047+00', 'bffe4068-e6bc-482c-8f97-24d6b4f8808b', '2026-04-18 23:12:38.94047+00', 'e962bc13-8852-4547-b07e-dfa533d4203d', false, NULL, false, 187.72, 'fx', '2026-04-18 23:12:38.647+00', 'JPY', 'EUR', 'Auberge', 'd6c3e70a-d31f-4647-91e8-e12830d0c00d', NULL, NULL, false, 'confirmed', '2026-04-19', '2026-04-19'),
	('f188dc6b-c543-40b3-a737-dac6e5d660f7', '6db47d6b-6e2e-4886-a262-520a91854f4c', '73d2ed75-3bd8-44fd-b907-17ecee6b2231', 'expense', 550, 'JPY', 'Sorties', '[Trip] Bière', '2026-04-07', '2026-04-07', false, false, false, '2026-04-07 13:19:36.332291+00', 'bffe4068-e6bc-482c-8f97-24d6b4f8808b', '2026-04-07 13:19:36.332291+00', NULL, true, NULL, true, 1, 'none', '2026-04-07 13:19:35.636+00', 'JPY', 'JPY', 'Fête', 'd6c3e70a-d31f-4647-91e8-e12830d0c00d', NULL, NULL, false, 'confirmed', '2026-04-07', '2026-04-07'),
	('e1280e8c-5c24-4996-a4a3-ac7149e21182', '6db47d6b-6e2e-4886-a262-520a91854f4c', '73d2ed75-3bd8-44fd-b907-17ecee6b2231', 'expense', 530, 'JPY', 'Sorties', '[Trip] Onsen', '2026-04-11', '2026-04-11', false, false, false, '2026-04-11 07:49:56.762538+00', 'bffe4068-e6bc-482c-8f97-24d6b4f8808b', '2026-04-11 07:49:56.762538+00', NULL, true, NULL, true, 1, 'none', '2026-04-11 07:49:56.395+00', 'JPY', 'JPY', 'Culturel', 'd6c3e70a-d31f-4647-91e8-e12830d0c00d', NULL, NULL, false, 'confirmed', '2026-04-11', '2026-04-11'),
	('caa2bc96-a94e-4c61-9bb4-7d245e135577', '6db47d6b-6e2e-4886-a262-520a91854f4c', '73d2ed75-3bd8-44fd-b907-17ecee6b2231', 'expense', 283.34, 'JPY', 'Repas', '[Trip] Petit dejeuner', '2026-04-17', '2026-04-17', false, false, false, '2026-04-16 10:24:58.051442+00', 'bffe4068-e6bc-482c-8f97-24d6b4f8808b', '2026-04-16 10:24:58.051442+00', NULL, true, NULL, true, 1, 'none', '2026-04-16 10:24:55.975+00', 'JPY', 'JPY', 'Petit-déjeuner', 'd6c3e70a-d31f-4647-91e8-e12830d0c00d', NULL, NULL, false, 'confirmed', '2026-04-17', '2026-04-17'),
	('52e83a6d-66c4-44d9-a8fb-a757a72d382d', '6db47d6b-6e2e-4886-a262-520a91854f4c', '73d2ed75-3bd8-44fd-b907-17ecee6b2231', 'expense', 2200, 'JPY', 'Sorties', '[Trip] Sport', '2026-04-10', '2026-04-10', false, false, false, '2026-04-10 11:10:38.599889+00', 'bffe4068-e6bc-482c-8f97-24d6b4f8808b', '2026-04-10 11:10:38.599889+00', NULL, true, NULL, true, 1, 'none', '2026-04-10 11:10:37.797+00', 'JPY', 'JPY', 'Sportive', 'd6c3e70a-d31f-4647-91e8-e12830d0c00d', NULL, NULL, false, 'confirmed', '2026-04-10', '2026-04-10'),
	('2def6ec4-77b3-4a06-ab23-7e8ccd838b26', '6db47d6b-6e2e-4886-a262-520a91854f4c', '73d2ed75-3bd8-44fd-b907-17ecee6b2231', 'expense', 1200, 'JPY', 'Laundry', '[Trip] Avance - Laundry', '2026-04-15', '2026-04-15', true, true, false, '2026-04-15 02:34:12.138099+00', 'bffe4068-e6bc-482c-8f97-24d6b4f8808b', '2026-04-15 02:34:12.138099+00', '9fd62365-1398-45dc-a928-63eca4eeb098', false, NULL, false, 1, 'none', '2026-04-15 02:34:11.655+00', 'JPY', 'JPY', 'Self Laundry', 'd6c3e70a-d31f-4647-91e8-e12830d0c00d', NULL, NULL, false, 'confirmed', '2026-04-15', '2026-04-15'),
	('375df23c-1217-4f02-822e-079af8a20db1', '6db47d6b-6e2e-4886-a262-520a91854f4c', '73d2ed75-3bd8-44fd-b907-17ecee6b2231', 'expense', 1005, 'JPY', 'Sorties', '[Trip] Billard', '2026-04-08', '2026-04-08', false, false, false, '2026-04-08 09:59:04.674799+00', 'bffe4068-e6bc-482c-8f97-24d6b4f8808b', '2026-04-08 09:59:04.674799+00', NULL, true, NULL, true, 1, 'none', '2026-04-08 09:59:03.805+00', 'JPY', 'JPY', 'Fête', 'd6c3e70a-d31f-4647-91e8-e12830d0c00d', NULL, NULL, false, 'confirmed', '2026-04-08', '2026-04-08'),
	('e780369f-5365-4cbb-bb51-b1e0a4eadad7', '6db47d6b-6e2e-4886-a262-520a91854f4c', '73d2ed75-3bd8-44fd-b907-17ecee6b2231', 'expense', 1800, 'JPY', 'Repas', '[Trip] Diner camping', '2026-04-16', '2026-04-16', false, false, false, '2026-04-16 10:25:54.935407+00', 'bffe4068-e6bc-482c-8f97-24d6b4f8808b', '2026-04-16 10:25:54.935407+00', NULL, true, NULL, true, 1, 'none', '2026-04-16 10:25:52.855+00', 'JPY', 'JPY', 'Dîner', 'd6c3e70a-d31f-4647-91e8-e12830d0c00d', NULL, NULL, false, 'confirmed', '2026-04-16', '2026-04-16'),
	('4bb04df2-3715-411e-9c7c-17e23f6a1deb', '6db47d6b-6e2e-4886-a262-520a91854f4c', '4e2f798d-caa6-4134-9da1-57097cc07265', 'expense', 9.59, 'EUR', 'Projet Personnel', '[Trip] Avance - gothicanal.com', '2026-04-06', '2026-04-06', true, true, false, '2026-04-06 08:45:59.065491+00', 'bffe4068-e6bc-482c-8f97-24d6b4f8808b', '2026-04-06 08:45:59.065491+00', '94431a17-037b-4740-bdfc-9b54718948bb', false, NULL, false, 183.94, 'fx', '2026-04-06 08:46:00.355+00', 'JPY', 'EUR', 'Logiciel', 'd6c3e70a-d31f-4647-91e8-e12830d0c00d', NULL, NULL, false, 'confirmed', '2026-04-06', '2026-04-06'),
	('b5f02e16-5d9f-4062-a161-23a2dd66ae89', '6db47d6b-6e2e-4886-a262-520a91854f4c', '73d2ed75-3bd8-44fd-b907-17ecee6b2231', 'expense', 466.66, 'JPY', 'Sorties', '[Trip] Bière', '2026-04-08', '2026-04-08', false, false, false, '2026-04-08 11:02:09.296933+00', 'bffe4068-e6bc-482c-8f97-24d6b4f8808b', '2026-04-08 11:02:09.296933+00', NULL, true, NULL, true, 1, 'none', '2026-04-08 11:02:08.475+00', 'JPY', 'JPY', 'Fête', 'd6c3e70a-d31f-4647-91e8-e12830d0c00d', NULL, NULL, false, 'confirmed', '2026-04-08', '2026-04-08'),
	('87bfc003-2c28-4e29-a33e-96be0a10e627', '6db47d6b-6e2e-4886-a262-520a91854f4c', '73d2ed75-3bd8-44fd-b907-17ecee6b2231', 'expense', 400, 'JPY', 'Laundry', '[Trip] Laundry', '2026-04-15', '2026-04-15', false, false, false, '2026-04-15 02:34:15.453909+00', 'bffe4068-e6bc-482c-8f97-24d6b4f8808b', '2026-04-15 02:34:15.453909+00', NULL, true, NULL, true, 1, 'none', '2026-04-15 02:34:15.034+00', 'JPY', 'JPY', 'Self Laundry', 'd6c3e70a-d31f-4647-91e8-e12830d0c00d', NULL, NULL, false, 'confirmed', '2026-04-15', '2026-04-15'),
	('aaa7c48e-c203-4f42-9b4d-4e938352289b', '6db47d6b-6e2e-4886-a262-520a91854f4c', '73d2ed75-3bd8-44fd-b907-17ecee6b2231', 'expense', 1500, 'JPY', 'Logement', '[Trip] RBNB', '2026-04-02', '2026-04-02', false, false, false, '2026-03-28 14:18:27.016778+00', 'bffe4068-e6bc-482c-8f97-24d6b4f8808b', '2026-03-28 14:18:27.016778+00', NULL, true, NULL, true, 1, 'none', '2026-03-28 14:18:26.656+00', 'JPY', 'JPY', 'Airbnb', 'd6c3e70a-d31f-4647-91e8-e12830d0c00d', NULL, NULL, false, 'confirmed', '2026-04-02', '2026-04-02'),
	('3d16f84b-d26e-4cf9-8dd5-0aa8a5317c1d', '6db47d6b-6e2e-4886-a262-520a91854f4c', '6e21e00c-8e67-4878-a2d3-6bb3bb1c6ec5', 'income', 448, 'EUR', 'Revenu', 'Remboursement Impôts s/ Revenu 2025', '2026-07-31', '2026-07-31', false, false, false, '2026-04-28 05:07:23.177821+00', 'bffe4068-e6bc-482c-8f97-24d6b4f8808b', '2026-04-28 05:07:51.745001+00', NULL, true, NULL, false, 1.6337, 'fx', '2026-04-28 05:07:19.225+00', 'AUD', 'EUR', 'Remboursement', 'd6c3e70a-d31f-4647-91e8-e12830d0c00d', NULL, NULL, false, 'confirmed', '2026-07-31', '2026-07-31'),
	('5ab69741-9527-4a96-a559-7188c728ef00', '6db47d6b-6e2e-4886-a262-520a91854f4c', '4e2f798d-caa6-4134-9da1-57097cc07265', 'expense', 12, 'EUR', 'Frais bancaire', 'Frais MonaB Uniq+', '2026-05-06', '2026-05-06', false, false, false, '2026-03-15 04:32:38.552877+00', 'bffe4068-e6bc-482c-8f97-24d6b4f8808b', '2026-03-18 13:32:54.57+00', NULL, true, NULL, false, NULL, NULL, '2026-03-15 04:32:38.552877+00', NULL, NULL, 'Tenue de compte', 'd6c3e70a-d31f-4647-91e8-e12830d0c00d', '010da0e4-eb9a-45b4-a485-f8c71b614e73', '2026-05-06', true, 'generated', '2026-05-06', '2026-05-06'),
	('0506e973-8f18-4d48-ba29-5740163fa306', '6db47d6b-6e2e-4886-a262-520a91854f4c', '4e2f798d-caa6-4134-9da1-57097cc07265', 'expense', 146.97, 'EUR', 'Santé', 'Consultation PVT Australie', '2026-04-15', '2026-04-15', true, false, false, '2026-04-15 04:51:07.97771+00', 'bffe4068-e6bc-482c-8f97-24d6b4f8808b', '2026-04-29 10:15:19.768919+00', NULL, true, NULL, false, 1.6558, 'fx', '2026-04-15 04:51:06.831+00', 'AUD', 'EUR', 'Consultation', 'd6c3e70a-d31f-4647-91e8-e12830d0c00d', NULL, NULL, false, 'confirmed', '2026-05-09', '2026-05-09'),
	('d0e89215-a431-4351-ae38-e9c089831e94', '6db47d6b-6e2e-4886-a262-520a91854f4c', '73d2ed75-3bd8-44fd-b907-17ecee6b2231', 'expense', 1666, 'JPY', 'Repas', '[Trip] Avance - 7/11', '2026-04-29', '2026-04-29', true, true, false, '2026-04-30 01:15:04.674099+00', 'bffe4068-e6bc-482c-8f97-24d6b4f8808b', '2026-04-30 01:15:04.674099+00', 'b96216ef-a6a4-4c67-9879-e48b6bb02841', false, NULL, false, 1, 'none', '2026-04-30 01:15:03.666+00', 'JPY', 'JPY', 'Dîner', 'd6c3e70a-d31f-4647-91e8-e12830d0c00d', NULL, NULL, false, 'confirmed', '2026-04-29', '2026-04-29'),
	('19824df3-3f09-47aa-a0b2-c702965b9b44', '6db47d6b-6e2e-4886-a262-520a91854f4c', '73d2ed75-3bd8-44fd-b907-17ecee6b2231', 'expense', 457, 'JPY', 'Course', 'Course', '2026-05-01', '2026-05-01', true, false, false, '2026-05-01 09:08:59.037931+00', 'bffe4068-e6bc-482c-8f97-24d6b4f8808b', '2026-05-01 09:08:59.037931+00', NULL, true, NULL, false, 1, 'none', '2026-05-01 09:08:58.635+00', 'JPY', 'JPY', 'Snacks', 'd6c3e70a-d31f-4647-91e8-e12830d0c00d', NULL, NULL, false, 'confirmed', '2026-05-01', '2026-05-01'),
	('f2ecfba0-37f5-4a78-83c9-9513457f7822', '6db47d6b-6e2e-4886-a262-520a91854f4c', '73d2ed75-3bd8-44fd-b907-17ecee6b2231', 'expense', 1580, 'JPY', 'Sorties', '[Trip] Bar', '2026-05-02', '2026-05-02', false, false, false, '2026-05-02 13:38:55.415796+00', 'bffe4068-e6bc-482c-8f97-24d6b4f8808b', '2026-05-02 13:38:55.415796+00', NULL, true, NULL, true, 1, 'none', '2026-05-02 13:38:55.649+00', 'JPY', 'JPY', 'Fête', 'd6c3e70a-d31f-4647-91e8-e12830d0c00d', NULL, NULL, false, 'confirmed', '2026-05-02', '2026-05-02'),
	('e246fcbb-a327-4090-bfab-6cf6638d0314', '6db47d6b-6e2e-4886-a262-520a91854f4c', '73d2ed75-3bd8-44fd-b907-17ecee6b2231', 'expense', 311, 'JPY', 'Sorties', '[Trip] Bière', '2026-05-05', '2026-05-05', false, false, false, '2026-05-05 13:34:30.008056+00', 'bffe4068-e6bc-482c-8f97-24d6b4f8808b', '2026-05-05 13:34:30.008056+00', NULL, true, NULL, true, 1, 'none', '2026-05-05 13:34:29.041+00', 'JPY', 'JPY', 'Fête', 'd6c3e70a-d31f-4647-91e8-e12830d0c00d', NULL, NULL, false, 'confirmed', '2026-05-05', '2026-05-05'),
	('0739026a-0a44-482c-8e9c-dd3dd5f055ff', '6db47d6b-6e2e-4886-a262-520a91854f4c', '4e2f798d-caa6-4134-9da1-57097cc07265', 'expense', 9.87, 'EUR', 'Repas', '[Trip] BK', '2026-04-23', '2026-04-23', false, false, false, '2026-05-06 03:59:13.828369+00', 'bffe4068-e6bc-482c-8f97-24d6b4f8808b', '2026-05-06 03:59:13.828369+00', NULL, true, NULL, true, 184.42, 'fx', '2026-05-06 03:59:12.928+00', 'JPY', 'EUR', 'Dîner', 'd6c3e70a-d31f-4647-91e8-e12830d0c00d', NULL, NULL, false, 'confirmed', '2026-04-23', '2026-04-23'),
	('6061dad7-7621-4d44-a8c8-f6036ed31f63', '6db47d6b-6e2e-4886-a262-520a91854f4c', '73d2ed75-3bd8-44fd-b907-17ecee6b2231', 'expense', 333.33, 'JPY', 'Transport', '[Trip] Parking', '2026-04-11', '2026-04-11', false, false, false, '2026-05-06 03:59:33.16839+00', 'bffe4068-e6bc-482c-8f97-24d6b4f8808b', '2026-05-06 03:59:33.16839+00', NULL, true, NULL, true, 1, 'none', '2026-05-06 03:59:32.267+00', 'JPY', 'JPY', 'Parking', 'd6c3e70a-d31f-4647-91e8-e12830d0c00d', NULL, NULL, false, 'confirmed', '2026-04-11', '2026-04-11'),
	('46f2ab76-600d-4d46-9e0f-36e902bd8f15', '6db47d6b-6e2e-4886-a262-520a91854f4c', '73d2ed75-3bd8-44fd-b907-17ecee6b2231', 'expense', 340, 'JPY', 'Repas', 'Repas', '2026-04-03', '2026-04-03', true, false, false, '2026-04-03 09:48:10.7207+00', 'bffe4068-e6bc-482c-8f97-24d6b4f8808b', '2026-04-03 09:48:10.7207+00', NULL, true, NULL, false, 1, 'none', '2026-04-03 09:48:09.307+00', 'JPY', 'JPY', 'Snack', 'd6c3e70a-d31f-4647-91e8-e12830d0c00d', NULL, NULL, false, 'confirmed', '2026-04-03', '2026-04-03'),
	('28d18e25-e456-4142-b4a3-c24ba10768f7', '6db47d6b-6e2e-4886-a262-520a91854f4c', '6e21e00c-8e67-4878-a2d3-6bb3bb1c6ec5', 'expense', 260, 'EUR', 'Mouvement interne', 'Mouvement interne', '2026-04-07', '2026-04-07', true, true, false, '2026-04-07 01:21:13.676479+00', 'bffe4068-e6bc-482c-8f97-24d6b4f8808b', '2026-04-07 01:21:13.676479+00', NULL, false, NULL, false, 183.94, 'fx', '2026-04-07 01:21:12.893+00', 'JPY', 'EUR', 'Virement', 'd6c3e70a-d31f-4647-91e8-e12830d0c00d', NULL, NULL, false, 'confirmed', '2026-04-07', '2026-04-07'),
	('db775ed9-cbb1-4965-8be4-7a4cd2437613', '6db47d6b-6e2e-4886-a262-520a91854f4c', '73d2ed75-3bd8-44fd-b907-17ecee6b2231', 'income', 40000, 'JPY', 'Mouvement interne', 'Mouvement interne', '2026-04-09', '2026-04-09', true, true, false, '2026-04-09 05:11:30.36224+00', 'bffe4068-e6bc-482c-8f97-24d6b4f8808b', '2026-04-09 05:11:30.36224+00', NULL, false, NULL, false, 1, 'none', '2026-04-09 05:11:28.439+00', 'JPY', 'JPY', 'Virement', 'd6c3e70a-d31f-4647-91e8-e12830d0c00d', NULL, NULL, false, 'confirmed', '2026-04-09', '2026-04-09'),
	('3ccfd1c7-1e85-4c71-b5ed-9220ce822f7f', '6db47d6b-6e2e-4886-a262-520a91854f4c', '73d2ed75-3bd8-44fd-b907-17ecee6b2231', 'expense', 200, 'JPY', 'Logement', 'Taxe de séjour', '2026-04-10', '2026-04-10', true, false, false, '2026-04-11 00:58:08.569853+00', 'bffe4068-e6bc-482c-8f97-24d6b4f8808b', '2026-04-11 00:58:08.569853+00', NULL, true, NULL, false, 1, 'none', '2026-04-11 00:58:07.755+00', 'JPY', 'JPY', 'Auberge', 'd6c3e70a-d31f-4647-91e8-e12830d0c00d', NULL, NULL, false, 'confirmed', '2026-04-10', '2026-04-10'),
	('b4a85735-9f66-4827-a9cc-e0b2b7882d85', '6db47d6b-6e2e-4886-a262-520a91854f4c', '73d2ed75-3bd8-44fd-b907-17ecee6b2231', 'expense', 100, 'JPY', 'Laundry', 'Laundry', '2026-04-11', '2026-04-11', true, false, false, '2026-04-11 00:58:17.555491+00', 'bffe4068-e6bc-482c-8f97-24d6b4f8808b', '2026-04-11 00:58:17.555491+00', NULL, true, NULL, false, 1, 'none', '2026-04-11 00:58:17.814+00', 'JPY', 'JPY', NULL, 'd6c3e70a-d31f-4647-91e8-e12830d0c00d', NULL, NULL, false, 'confirmed', '2026-04-11', '2026-04-11'),
	('7f15e4ba-cb46-4c20-a4b8-4d85d85311e7', '6db47d6b-6e2e-4886-a262-520a91854f4c', '73d2ed75-3bd8-44fd-b907-17ecee6b2231', 'expense', 1107, 'JPY', 'Repas', 'Repas', '2026-04-13', '2026-04-13', true, false, false, '2026-04-13 06:14:57.216857+00', 'bffe4068-e6bc-482c-8f97-24d6b4f8808b', '2026-04-13 06:14:57.216857+00', NULL, true, NULL, false, 1, 'none', '2026-04-13 06:14:54.183+00', 'JPY', 'JPY', 'Déjeuner', 'd6c3e70a-d31f-4647-91e8-e12830d0c00d', NULL, NULL, false, 'confirmed', '2026-04-13', '2026-04-13'),
	('3d9ff059-2e0f-4686-8b9d-6e2d9c16930b', '6db47d6b-6e2e-4886-a262-520a91854f4c', '73d2ed75-3bd8-44fd-b907-17ecee6b2231', 'expense', 1746.67, 'JPY', 'Transport', '[Trip] Ile', '2026-04-23', '2026-04-23', false, false, false, '2026-04-23 07:48:08.62284+00', 'bffe4068-e6bc-482c-8f97-24d6b4f8808b', '2026-04-23 07:48:08.62284+00', NULL, true, NULL, true, 1, 'none', '2026-04-23 07:48:07.393+00', 'JPY', 'JPY', 'Péage', 'd6c3e70a-d31f-4647-91e8-e12830d0c00d', NULL, NULL, false, 'confirmed', '2026-04-23', '2026-04-23'),
	('1603c275-fa92-4fec-bbda-57d4b9b7516d', '6db47d6b-6e2e-4886-a262-520a91854f4c', '6999585d-9607-47f0-a565-37786bfb67d9', 'expense', 60, 'THB', 'Cadeau', 'Dons Temple', '2026-02-28', '2026-02-28', true, false, false, '2026-02-28 11:14:17.674196+00', 'bffe4068-e6bc-482c-8f97-24d6b4f8808b', '2026-03-18 11:53:06.987+00', NULL, true, NULL, false, 1, 'none', '2026-02-28 11:14:16.919+00', 'THB', 'THB', 'Hôte', 'd6c3e70a-d31f-4647-91e8-e12830d0c00d', NULL, NULL, false, 'confirmed', '2026-02-28', '2026-02-28'),
	('10093db0-2011-4e02-8528-82fa6dd6eee6', '6db47d6b-6e2e-4886-a262-520a91854f4c', '4e2f798d-caa6-4134-9da1-57097cc07265', 'expense', 3.4, 'EUR', 'Abonnement/Mobile', 'Netflix', '2026-05-15', '2026-05-15', false, false, false, '2026-04-15 03:49:22.606566+00', 'bffe4068-e6bc-482c-8f97-24d6b4f8808b', '2026-04-15 03:49:22.606566+00', NULL, true, NULL, false, NULL, NULL, '2026-04-15 03:49:22.606566+00', NULL, NULL, 'Abonnement app', 'd6c3e70a-d31f-4647-91e8-e12830d0c00d', 'e38605eb-88bc-46f9-8672-3aaad637b6fe', '2026-05-15', true, 'generated', '2026-05-15', '2026-05-15'),
	('90eff3fd-5495-4f25-9a92-ebfb8aa4c4f6', '6db47d6b-6e2e-4886-a262-520a91854f4c', '4e2f798d-caa6-4134-9da1-57097cc07265', 'expense', 3.4, 'EUR', 'Abonnement/Mobile', 'Netflix', '2026-07-15', '2026-07-15', false, false, false, '2026-04-15 03:49:22.606566+00', 'bffe4068-e6bc-482c-8f97-24d6b4f8808b', '2026-04-15 03:49:22.606566+00', NULL, true, NULL, false, NULL, NULL, '2026-04-15 03:49:22.606566+00', NULL, NULL, 'Abonnement app', 'd6c3e70a-d31f-4647-91e8-e12830d0c00d', 'e38605eb-88bc-46f9-8672-3aaad637b6fe', '2026-07-15', true, 'generated', '2026-07-15', '2026-07-15'),
	('4772c4a3-3572-4a92-b5c3-61aeb3bb2dc4', '6db47d6b-6e2e-4886-a262-520a91854f4c', '4e2f798d-caa6-4134-9da1-57097cc07265', 'expense', 3.4, 'EUR', 'Abonnement/Mobile', 'Netflix', '2026-08-15', '2026-08-15', false, false, false, '2026-04-15 03:49:22.606566+00', 'bffe4068-e6bc-482c-8f97-24d6b4f8808b', '2026-04-15 03:49:22.606566+00', NULL, true, NULL, false, NULL, NULL, '2026-04-15 03:49:22.606566+00', NULL, NULL, 'Abonnement app', 'd6c3e70a-d31f-4647-91e8-e12830d0c00d', 'e38605eb-88bc-46f9-8672-3aaad637b6fe', '2026-08-15', true, 'generated', '2026-08-15', '2026-08-15'),
	('eb1a5160-fea4-4a22-aa00-6d2961a74960', '6db47d6b-6e2e-4886-a262-520a91854f4c', '4e2f798d-caa6-4134-9da1-57097cc07265', 'expense', 3.4, 'EUR', 'Abonnement/Mobile', 'Netflix', '2026-09-15', '2026-09-15', false, false, false, '2026-04-15 03:49:22.606566+00', 'bffe4068-e6bc-482c-8f97-24d6b4f8808b', '2026-04-15 03:49:22.606566+00', NULL, true, NULL, false, NULL, NULL, '2026-04-15 03:49:22.606566+00', NULL, NULL, 'Abonnement app', 'd6c3e70a-d31f-4647-91e8-e12830d0c00d', 'e38605eb-88bc-46f9-8672-3aaad637b6fe', '2026-09-15', true, 'generated', '2026-09-15', '2026-09-15'),
	('8ae5a97c-a700-44b9-8df6-affd75112a3d', '6db47d6b-6e2e-4886-a262-520a91854f4c', '4e2f798d-caa6-4134-9da1-57097cc07265', 'expense', 3.4, 'EUR', 'Abonnement/Mobile', 'Netflix', '2026-10-15', '2026-10-15', false, false, false, '2026-04-15 03:49:22.606566+00', 'bffe4068-e6bc-482c-8f97-24d6b4f8808b', '2026-04-15 03:49:22.606566+00', NULL, true, NULL, false, NULL, NULL, '2026-04-15 03:49:22.606566+00', NULL, NULL, 'Abonnement app', 'd6c3e70a-d31f-4647-91e8-e12830d0c00d', 'e38605eb-88bc-46f9-8672-3aaad637b6fe', '2026-10-15', true, 'generated', '2026-10-15', '2026-10-15'),
	('0a7f20be-b230-4607-bff4-40681454c389', '6db47d6b-6e2e-4886-a262-520a91854f4c', '4e2f798d-caa6-4134-9da1-57097cc07265', 'expense', 3.4, 'EUR', 'Abonnement/Mobile', 'Netflix', '2026-11-15', '2026-11-15', false, false, false, '2026-04-15 03:49:22.606566+00', 'bffe4068-e6bc-482c-8f97-24d6b4f8808b', '2026-04-15 03:49:22.606566+00', NULL, true, NULL, false, NULL, NULL, '2026-04-15 03:49:22.606566+00', NULL, NULL, 'Abonnement app', 'd6c3e70a-d31f-4647-91e8-e12830d0c00d', 'e38605eb-88bc-46f9-8672-3aaad637b6fe', '2026-11-15', true, 'generated', '2026-11-15', '2026-11-15'),
	('88a8e008-9b8c-485f-b6e1-83baa630a317', '6db47d6b-6e2e-4886-a262-520a91854f4c', '4e2f798d-caa6-4134-9da1-57097cc07265', 'expense', 3.4, 'EUR', 'Abonnement/Mobile', 'Netflix', '2026-12-15', '2026-12-15', false, false, false, '2026-04-15 03:49:22.606566+00', 'bffe4068-e6bc-482c-8f97-24d6b4f8808b', '2026-04-15 03:49:22.606566+00', NULL, true, NULL, false, NULL, NULL, '2026-04-15 03:49:22.606566+00', NULL, NULL, 'Abonnement app', 'd6c3e70a-d31f-4647-91e8-e12830d0c00d', 'e38605eb-88bc-46f9-8672-3aaad637b6fe', '2026-12-15', true, 'generated', '2026-12-15', '2026-12-15'),
	('31b69e2c-9b73-4448-b5fc-ee32c20ed511', '6db47d6b-6e2e-4886-a262-520a91854f4c', '4e2f798d-caa6-4134-9da1-57097cc07265', 'expense', 17.73, 'EUR', 'Logement', '[Trip] Auberge', '2026-04-19', '2026-04-19', false, false, false, '2026-04-18 23:12:43.337659+00', 'bffe4068-e6bc-482c-8f97-24d6b4f8808b', '2026-04-18 23:12:43.337659+00', NULL, true, NULL, true, 187.72, 'fx', '2026-04-18 23:12:43.067+00', 'JPY', 'EUR', 'Auberge', 'd6c3e70a-d31f-4647-91e8-e12830d0c00d', NULL, NULL, false, 'confirmed', '2026-04-19', '2026-04-19'),
	('fca2f596-df4a-4d72-b73d-bf0db48f73f9', '6db47d6b-6e2e-4886-a262-520a91854f4c', '73d2ed75-3bd8-44fd-b907-17ecee6b2231', 'expense', 1666.67, 'JPY', 'Transport', '[Trip] Essence', '2026-04-11', '2026-04-11', false, false, false, '2026-04-11 08:38:39.752779+00', 'bffe4068-e6bc-482c-8f97-24d6b4f8808b', '2026-04-11 08:38:39.752779+00', NULL, true, NULL, true, 1, 'none', '2026-04-11 08:38:39.371+00', 'JPY', 'JPY', 'Essence', 'd6c3e70a-d31f-4647-91e8-e12830d0c00d', NULL, NULL, false, 'confirmed', '2026-04-11', '2026-04-11'),
	('a126294d-3457-4481-b9b0-525c1af00e7e', '6db47d6b-6e2e-4886-a262-520a91854f4c', '73d2ed75-3bd8-44fd-b907-17ecee6b2231', 'expense', 110, 'JPY', 'Course', 'Course', '2026-04-17', '2026-04-17', true, false, false, '2026-04-17 12:36:42.674028+00', 'bffe4068-e6bc-482c-8f97-24d6b4f8808b', '2026-04-17 12:37:05.033426+00', NULL, true, NULL, false, 1, 'none', '2026-04-17 12:36:40.786+00', 'JPY', 'JPY', NULL, 'd6c3e70a-d31f-4647-91e8-e12830d0c00d', NULL, NULL, false, 'confirmed', '2026-04-17', '2026-04-17'),
	('41b1d564-97cc-4d96-b456-86b0f161e2f1', '6db47d6b-6e2e-4886-a262-520a91854f4c', '73d2ed75-3bd8-44fd-b907-17ecee6b2231', 'expense', 1941, 'JPY', 'Course', 'Course', '2026-04-21', '2026-04-21', true, false, false, '2026-04-21 07:29:55.99701+00', 'bffe4068-e6bc-482c-8f97-24d6b4f8808b', '2026-04-21 07:29:55.99701+00', NULL, true, NULL, false, 1, 'none', '2026-04-21 07:29:54.513+00', 'JPY', 'JPY', 'Supermarché', 'd6c3e70a-d31f-4647-91e8-e12830d0c00d', NULL, NULL, false, 'confirmed', '2026-04-21', '2026-04-22'),
	('d3991464-b55e-4679-8c7f-80a0aba1edcb', '6db47d6b-6e2e-4886-a262-520a91854f4c', '73d2ed75-3bd8-44fd-b907-17ecee6b2231', 'expense', 2000, 'JPY', 'Sorties', '[Trip] Avance - Baseball', '2026-04-26', '2026-04-26', true, true, false, '2026-04-26 06:53:37.555019+00', 'bffe4068-e6bc-482c-8f97-24d6b4f8808b', '2026-04-26 06:53:37.555019+00', '7c51249b-099a-44ac-82c0-ef540c71dbd6', false, NULL, false, 1, 'none', '2026-04-26 06:53:34.916+00', 'JPY', 'JPY', 'Sportive', 'd6c3e70a-d31f-4647-91e8-e12830d0c00d', NULL, NULL, false, 'confirmed', '2026-04-26', '2026-04-26'),
	('7ea7fb24-fc89-4ef7-8685-bfd1f94e91b2', '6db47d6b-6e2e-4886-a262-520a91854f4c', '6e21e00c-8e67-4878-a2d3-6bb3bb1c6ec5', 'expense', 500, 'EUR', 'Mouvement interne', 'Mouvement interne', '2026-04-28', '2026-04-28', true, true, false, '2026-04-28 05:24:47.212039+00', 'bffe4068-e6bc-482c-8f97-24d6b4f8808b', '2026-04-28 05:24:47.212039+00', NULL, false, NULL, false, 187.06, 'fx', '2026-04-28 05:24:43.26+00', 'JPY', 'EUR', 'Virement', 'd6c3e70a-d31f-4647-91e8-e12830d0c00d', NULL, NULL, false, 'confirmed', '2026-04-28', '2026-04-28'),
	('9a992c24-0022-4e0e-b772-e519daeca0d9', '6db47d6b-6e2e-4886-a262-520a91854f4c', '4e2f798d-caa6-4134-9da1-57097cc07265', 'expense', 53.44, 'EUR', 'Logement', '[Trip] Avance - Love Hotel', '2026-04-15', '2026-04-15', true, true, false, '2026-04-15 08:22:22.498018+00', 'bffe4068-e6bc-482c-8f97-24d6b4f8808b', '2026-04-15 08:22:22.498018+00', 'c66fe349-d979-4393-be59-baff42395d40', false, NULL, false, 187.33, 'fx', '2026-04-15 08:22:21.786+00', 'JPY', 'EUR', 'Hôtel', 'd6c3e70a-d31f-4647-91e8-e12830d0c00d', NULL, NULL, false, 'confirmed', '2026-04-15', '2026-04-15'),
	('c343cb7c-3a4e-430b-94ba-abccf00cddf6', '6db47d6b-6e2e-4886-a262-520a91854f4c', '4e2f798d-caa6-4134-9da1-57097cc07265', 'expense', 17.81, 'EUR', 'Logement', '[Trip] Love Hotel', '2026-04-15', '2026-04-15', false, false, false, '2026-04-15 08:22:26.060539+00', 'bffe4068-e6bc-482c-8f97-24d6b4f8808b', '2026-04-15 08:22:26.060539+00', NULL, true, NULL, true, 187.33, 'fx', '2026-04-15 08:22:25.466+00', 'JPY', 'EUR', 'Hôtel', 'd6c3e70a-d31f-4647-91e8-e12830d0c00d', NULL, NULL, false, 'confirmed', '2026-04-15', '2026-04-15'),
	('9c7c3c1f-4036-4a83-8e58-a8fc2acb49f9', '6db47d6b-6e2e-4886-a262-520a91854f4c', '73d2ed75-3bd8-44fd-b907-17ecee6b2231', 'expense', 2000, 'JPY', 'Cadeau', '[Trip] Avance - Cadeau parent Aya', '2026-04-02', '2026-04-02', true, true, false, '2026-04-02 07:05:04.503183+00', 'bffe4068-e6bc-482c-8f97-24d6b4f8808b', '2026-04-02 07:05:04.503183+00', '12f9bed1-3b80-4231-a37f-e9212daa60bc', false, NULL, false, 1, 'none', '2026-04-02 07:05:03.986+00', 'JPY', 'JPY', 'Cadeau', 'd6c3e70a-d31f-4647-91e8-e12830d0c00d', NULL, NULL, false, 'confirmed', '2026-04-02', '2026-04-02'),
	('c16b2fd5-ed86-48ff-bfd8-ea16e7ce692c', '6db47d6b-6e2e-4886-a262-520a91854f4c', '73d2ed75-3bd8-44fd-b907-17ecee6b2231', 'expense', 600, 'JPY', 'Sorties', '[Trip] Onsen', '2026-03-29', '2026-03-29', false, false, false, '2026-03-31 07:44:06.758593+00', 'bffe4068-e6bc-482c-8f97-24d6b4f8808b', '2026-03-31 07:44:06.758593+00', NULL, true, NULL, true, 1, 'none', '2026-03-31 07:44:06.288+00', 'JPY', 'JPY', 'Culturel', 'd6c3e70a-d31f-4647-91e8-e12830d0c00d', NULL, NULL, false, 'confirmed', '2026-03-29', '2026-03-29'),
	('e117e9be-dce9-44bf-af3f-950b2f74694f', '6db47d6b-6e2e-4886-a262-520a91854f4c', '73d2ed75-3bd8-44fd-b907-17ecee6b2231', 'expense', 6300, 'JPY', 'Sorties', '[Trip] Avance - Baseball', '2026-04-02', '2026-04-02', true, true, false, '2026-04-02 07:04:38.109648+00', 'bffe4068-e6bc-482c-8f97-24d6b4f8808b', '2026-04-02 07:04:38.109648+00', 'dbfcf8af-8c2c-4905-90be-2e10495a7d4f', false, NULL, false, 1, 'none', '2026-04-02 07:04:37.597+00', 'JPY', 'JPY', 'Événement', 'd6c3e70a-d31f-4647-91e8-e12830d0c00d', NULL, NULL, false, 'confirmed', '2026-04-02', '2026-04-02'),
	('d5dcc662-8b23-476a-a81c-8e52096ea90a', '6db47d6b-6e2e-4886-a262-520a91854f4c', '73d2ed75-3bd8-44fd-b907-17ecee6b2231', 'expense', 1650, 'JPY', 'Sorties', '[Trip] Avance - Bière', '2026-04-18', '2026-04-18', true, true, false, '2026-04-18 13:56:03.132902+00', 'bffe4068-e6bc-482c-8f97-24d6b4f8808b', '2026-04-18 13:56:03.132902+00', '8022338d-53cd-43b3-b4b2-e925a44ea3ff', false, NULL, false, 1, 'none', '2026-04-18 13:56:02.267+00', 'JPY', 'JPY', 'Fête', 'd6c3e70a-d31f-4647-91e8-e12830d0c00d', NULL, NULL, false, 'confirmed', '2026-04-18', '2026-04-18'),
	('eaf91c78-3611-4e29-a332-c3c809eebd67', '6db47d6b-6e2e-4886-a262-520a91854f4c', '73d2ed75-3bd8-44fd-b907-17ecee6b2231', 'expense', 2000, 'JPY', 'Autre', '[Trip] Avance - Avance espece', '2026-03-26', '2026-03-26', true, true, false, '2026-03-26 04:25:05.162928+00', 'bffe4068-e6bc-482c-8f97-24d6b4f8808b', '2026-03-26 04:25:05.162928+00', '6558fbe3-14c0-4e5a-ae12-313752e92dd6', false, NULL, false, 1, 'none', '2026-03-26 04:25:05.242+00', 'JPY', 'JPY', 'Divers', 'd6c3e70a-d31f-4647-91e8-e12830d0c00d', NULL, NULL, false, 'confirmed', '2026-03-26', '2026-03-26'),
	('06812eae-c19a-4ca9-a402-5e88912262e9', '6db47d6b-6e2e-4886-a262-520a91854f4c', '73d2ed75-3bd8-44fd-b907-17ecee6b2231', 'expense', 1690, 'JPY', 'Sorties', '[Trip] Verre et billard', '2026-03-26', '2026-03-26', false, false, false, '2026-03-26 04:53:14.605975+00', 'bffe4068-e6bc-482c-8f97-24d6b4f8808b', '2026-03-26 04:53:14.605975+00', NULL, true, NULL, true, 1, 'none', '2026-03-26 04:53:14.419+00', 'JPY', 'JPY', 'Fête', 'd6c3e70a-d31f-4647-91e8-e12830d0c00d', NULL, NULL, false, 'confirmed', '2026-03-26', '2026-03-26'),
	('c2bb5feb-33d7-4cc2-bb80-4cb326f6f43d', '6db47d6b-6e2e-4886-a262-520a91854f4c', '73d2ed75-3bd8-44fd-b907-17ecee6b2231', 'expense', 833, 'JPY', 'Repas', '[Trip] 7/11', '2026-04-29', '2026-04-29', false, false, false, '2026-04-30 01:15:09.753677+00', 'bffe4068-e6bc-482c-8f97-24d6b4f8808b', '2026-04-30 01:15:09.753677+00', NULL, true, NULL, true, 1, 'none', '2026-04-30 01:15:09.135+00', 'JPY', 'JPY', 'Dîner', 'd6c3e70a-d31f-4647-91e8-e12830d0c00d', NULL, NULL, false, 'confirmed', '2026-04-29', '2026-04-29'),
	('f348de57-dd01-4de3-a338-89d711d61e0f', '6db47d6b-6e2e-4886-a262-520a91854f4c', '73d2ed75-3bd8-44fd-b907-17ecee6b2231', 'expense', 1100, 'JPY', 'Sorties', 'Sorties', '2026-05-01', '2026-05-01', true, false, false, '2026-05-01 10:15:42.684472+00', 'bffe4068-e6bc-482c-8f97-24d6b4f8808b', '2026-05-01 10:15:42.684472+00', NULL, true, NULL, false, 1, 'none', '2026-05-01 10:15:41.788+00', 'JPY', 'JPY', 'Fête', 'd6c3e70a-d31f-4647-91e8-e12830d0c00d', NULL, NULL, false, 'confirmed', '2026-05-01', '2026-05-01'),
	('c56ceabd-ca95-4b02-9f3d-ff9a5f7c4165', '6db47d6b-6e2e-4886-a262-520a91854f4c', '4e2f798d-caa6-4134-9da1-57097cc07265', 'expense', 6, 'EUR', 'Abonnement/Mobile', '[Trip] Avance - HBO', '2026-04-23', '2026-04-23', true, true, false, '2026-04-23 09:44:36.745095+00', 'bffe4068-e6bc-482c-8f97-24d6b4f8808b', '2026-04-23 09:44:36.745095+00', '1b27518d-d7f4-48ec-97a9-8fa4e9119071', false, NULL, false, 186.81, 'fx', '2026-04-23 09:44:35.144+00', 'JPY', 'EUR', 'Abonnement app', 'd6c3e70a-d31f-4647-91e8-e12830d0c00d', NULL, NULL, false, 'confirmed', '2026-04-23', '2026-04-23'),
	('af91688a-7c5f-4c22-950b-32544a0d3bdf', '6db47d6b-6e2e-4886-a262-520a91854f4c', '73d2ed75-3bd8-44fd-b907-17ecee6b2231', 'expense', 650, 'JPY', 'Repas', 'Repas', '2026-04-03', '2026-04-03', true, false, false, '2026-04-03 11:59:24.394838+00', 'bffe4068-e6bc-482c-8f97-24d6b4f8808b', '2026-04-03 11:59:24.394838+00', NULL, true, NULL, false, 1, 'none', '2026-04-03 11:59:23.65+00', 'JPY', 'JPY', 'Dîner', 'd6c3e70a-d31f-4647-91e8-e12830d0c00d', NULL, NULL, false, 'confirmed', '2026-04-03', '2026-04-03'),
	('47d1e798-a07e-4c1e-9f11-f03e10833469', '6db47d6b-6e2e-4886-a262-520a91854f4c', '6e21e00c-8e67-4878-a2d3-6bb3bb1c6ec5', 'expense', 0.56, 'EUR', 'Frais bancaire', 'Frais bancaire', '2026-04-02', '2026-04-02', true, false, false, '2026-04-07 01:22:23.596704+00', 'bffe4068-e6bc-482c-8f97-24d6b4f8808b', '2026-04-07 01:22:23.596704+00', NULL, true, NULL, false, 183.94, 'fx', '2026-04-07 01:22:21.794+00', 'JPY', 'EUR', 'Tenue de compte', 'd6c3e70a-d31f-4647-91e8-e12830d0c00d', NULL, NULL, false, 'confirmed', '2026-04-02', '2026-04-02'),
	('a7efad68-c81d-4ea3-9de3-75ab6981a6a4', '6db47d6b-6e2e-4886-a262-520a91854f4c', '4e2f798d-caa6-4134-9da1-57097cc07265', 'expense', 20, 'EUR', 'Abonnement/Mobile', 'Solde Spliit Spotify', '2026-03-26', '2026-03-26', true, false, false, '2026-03-09 09:10:51.662366+00', 'bffe4068-e6bc-482c-8f97-24d6b4f8808b', '2026-04-11 01:27:18.532734+00', NULL, true, NULL, false, 182.57, 'fx', '2026-03-09 09:10:50.667+00', 'JPY', 'EUR', 'Abonnement app', 'd6c3e70a-d31f-4647-91e8-e12830d0c00d', NULL, NULL, false, 'confirmed', '2026-03-26', '2026-03-26'),
	('5715e920-2bf2-45b6-8f67-77c0cb31668a', '6db47d6b-6e2e-4886-a262-520a91854f4c', '73d2ed75-3bd8-44fd-b907-17ecee6b2231', 'expense', 1000, 'JPY', 'Sorties', '[Trip] Baseball', '2026-04-26', '2026-04-26', false, false, false, '2026-04-26 06:53:42.678672+00', 'bffe4068-e6bc-482c-8f97-24d6b4f8808b', '2026-04-26 06:53:42.678672+00', NULL, true, NULL, true, 1, 'none', '2026-04-26 06:53:40.113+00', 'JPY', 'JPY', 'Sportive', 'd6c3e70a-d31f-4647-91e8-e12830d0c00d', NULL, NULL, false, 'confirmed', '2026-04-26', '2026-04-26'),
	('fb5bff9f-cb5e-48c8-8217-f2d5ddcd9749', '6db47d6b-6e2e-4886-a262-520a91854f4c', '4e2f798d-caa6-4134-9da1-57097cc07265', 'income', 4.18, 'EUR', 'Ajustement wallet', 'Ajustement wallet — Carte MonaBanq (269,45 EUR → 273,63 EUR)', '2026-04-15', '2026-04-15', true, true, false, '2026-04-15 03:57:28.740532+00', 'bffe4068-e6bc-482c-8f97-24d6b4f8808b', '2026-04-15 03:57:28.740532+00', NULL, false, NULL, false, 187.33, 'fx', '2026-04-15 03:57:28.252+00', 'JPY', 'EUR', NULL, 'd6c3e70a-d31f-4647-91e8-e12830d0c00d', NULL, NULL, false, 'confirmed', '2026-04-15', '2026-04-15'),
	('92a32d40-4c73-4da9-9c5d-4ce4e0f8257d', '6db47d6b-6e2e-4886-a262-520a91854f4c', '4e2f798d-caa6-4134-9da1-57097cc07265', 'expense', 1.99, 'EUR', 'Abonnement/Mobile', 'Google One', '2026-05-18', '2026-05-18', false, false, false, '2026-04-18 23:15:01.325242+00', 'bffe4068-e6bc-482c-8f97-24d6b4f8808b', '2026-04-18 23:15:01.325242+00', NULL, true, NULL, false, NULL, NULL, '2026-04-18 23:15:01.325242+00', NULL, NULL, 'Abonnement app', 'd6c3e70a-d31f-4647-91e8-e12830d0c00d', '284d6a3c-df3d-434b-b0b7-9674cb3696f0', '2026-05-18', true, 'generated', '2026-05-18', '2026-05-18'),
	('14220c4e-f2df-43d1-b0c8-ad2fd13e96f8', '6db47d6b-6e2e-4886-a262-520a91854f4c', '4e2f798d-caa6-4134-9da1-57097cc07265', 'expense', 1.99, 'EUR', 'Abonnement/Mobile', 'Google One', '2026-06-18', '2026-06-18', false, false, false, '2026-04-18 23:15:01.325242+00', 'bffe4068-e6bc-482c-8f97-24d6b4f8808b', '2026-04-18 23:15:01.325242+00', NULL, true, NULL, false, NULL, NULL, '2026-04-18 23:15:01.325242+00', NULL, NULL, 'Abonnement app', 'd6c3e70a-d31f-4647-91e8-e12830d0c00d', '284d6a3c-df3d-434b-b0b7-9674cb3696f0', '2026-06-18', true, 'generated', '2026-06-18', '2026-06-18'),
	('f9a099a1-d7a4-461f-9aea-b88f96917dfa', '6db47d6b-6e2e-4886-a262-520a91854f4c', '4e2f798d-caa6-4134-9da1-57097cc07265', 'expense', 1.99, 'EUR', 'Abonnement/Mobile', 'Google One', '2026-07-18', '2026-07-18', false, false, false, '2026-04-18 23:15:01.325242+00', 'bffe4068-e6bc-482c-8f97-24d6b4f8808b', '2026-04-18 23:15:01.325242+00', NULL, true, NULL, false, NULL, NULL, '2026-04-18 23:15:01.325242+00', NULL, NULL, 'Abonnement app', 'd6c3e70a-d31f-4647-91e8-e12830d0c00d', '284d6a3c-df3d-434b-b0b7-9674cb3696f0', '2026-07-18', true, 'generated', '2026-07-18', '2026-07-18'),
	('de53ca60-ee6f-425a-b8d0-90d9f51fa130', '6db47d6b-6e2e-4886-a262-520a91854f4c', '4e2f798d-caa6-4134-9da1-57097cc07265', 'expense', 1.99, 'EUR', 'Abonnement/Mobile', 'Google One', '2026-08-18', '2026-08-18', false, false, false, '2026-04-18 23:15:01.325242+00', 'bffe4068-e6bc-482c-8f97-24d6b4f8808b', '2026-04-18 23:15:01.325242+00', NULL, true, NULL, false, NULL, NULL, '2026-04-18 23:15:01.325242+00', NULL, NULL, 'Abonnement app', 'd6c3e70a-d31f-4647-91e8-e12830d0c00d', '284d6a3c-df3d-434b-b0b7-9674cb3696f0', '2026-08-18', true, 'generated', '2026-08-18', '2026-08-18'),
	('5c7ed55c-d53b-4e4d-8781-c35964b37406', '6db47d6b-6e2e-4886-a262-520a91854f4c', '4e2f798d-caa6-4134-9da1-57097cc07265', 'expense', 1.99, 'EUR', 'Abonnement/Mobile', 'Google One', '2026-09-18', '2026-09-18', false, false, false, '2026-04-18 23:15:01.325242+00', 'bffe4068-e6bc-482c-8f97-24d6b4f8808b', '2026-04-18 23:15:01.325242+00', NULL, true, NULL, false, NULL, NULL, '2026-04-18 23:15:01.325242+00', NULL, NULL, 'Abonnement app', 'd6c3e70a-d31f-4647-91e8-e12830d0c00d', '284d6a3c-df3d-434b-b0b7-9674cb3696f0', '2026-09-18', true, 'generated', '2026-09-18', '2026-09-18'),
	('438e9350-eec9-411a-bc94-7c7447dfe374', '6db47d6b-6e2e-4886-a262-520a91854f4c', '4e2f798d-caa6-4134-9da1-57097cc07265', 'expense', 1.99, 'EUR', 'Abonnement/Mobile', 'Google One', '2026-10-18', '2026-10-18', false, false, false, '2026-04-18 23:15:01.325242+00', 'bffe4068-e6bc-482c-8f97-24d6b4f8808b', '2026-04-18 23:15:01.325242+00', NULL, true, NULL, false, NULL, NULL, '2026-04-18 23:15:01.325242+00', NULL, NULL, 'Abonnement app', 'd6c3e70a-d31f-4647-91e8-e12830d0c00d', '284d6a3c-df3d-434b-b0b7-9674cb3696f0', '2026-10-18', true, 'generated', '2026-10-18', '2026-10-18'),
	('e15aa0c9-c717-41c2-9b93-0d3c9136c4e6', '6db47d6b-6e2e-4886-a262-520a91854f4c', '4e2f798d-caa6-4134-9da1-57097cc07265', 'expense', 1.99, 'EUR', 'Abonnement/Mobile', 'Google One', '2026-11-18', '2026-11-18', false, false, false, '2026-04-18 23:15:01.325242+00', 'bffe4068-e6bc-482c-8f97-24d6b4f8808b', '2026-04-18 23:15:01.325242+00', NULL, true, NULL, false, NULL, NULL, '2026-04-18 23:15:01.325242+00', NULL, NULL, 'Abonnement app', 'd6c3e70a-d31f-4647-91e8-e12830d0c00d', '284d6a3c-df3d-434b-b0b7-9674cb3696f0', '2026-11-18', true, 'generated', '2026-11-18', '2026-11-18'),
	('35408e79-afdd-47fd-8305-cef6347ae6e9', '6db47d6b-6e2e-4886-a262-520a91854f4c', '4e2f798d-caa6-4134-9da1-57097cc07265', 'expense', 1.99, 'EUR', 'Abonnement/Mobile', 'Google One', '2026-12-18', '2026-12-18', false, false, false, '2026-04-18 23:15:01.325242+00', 'bffe4068-e6bc-482c-8f97-24d6b4f8808b', '2026-04-18 23:15:01.325242+00', NULL, true, NULL, false, NULL, NULL, '2026-04-18 23:15:01.325242+00', NULL, NULL, 'Abonnement app', 'd6c3e70a-d31f-4647-91e8-e12830d0c00d', '284d6a3c-df3d-434b-b0b7-9674cb3696f0', '2026-12-18', true, 'generated', '2026-12-18', '2026-12-18'),
	('54099ce2-625d-41af-b30e-3023b97100e9', '6db47d6b-6e2e-4886-a262-520a91854f4c', '4e2f798d-caa6-4134-9da1-57097cc07265', 'expense', 1.99, 'EUR', 'Abonnement/Mobile', 'Google One', '2026-04-18', '2026-04-18', true, false, false, '2026-04-18 23:15:01.325242+00', 'bffe4068-e6bc-482c-8f97-24d6b4f8808b', '2026-04-18 23:15:16.301992+00', NULL, true, NULL, false, 187.72, 'fx', '2026-04-18 23:15:01.325242+00', 'JPY', 'EUR', NULL, 'd6c3e70a-d31f-4647-91e8-e12830d0c00d', '284d6a3c-df3d-434b-b0b7-9674cb3696f0', '2026-04-18', true, 'confirmed', '2026-04-18', '2026-04-18'),
	('6af9de03-cd99-4b80-8fc7-b8641bdf165c', '6db47d6b-6e2e-4886-a262-520a91854f4c', '4e2f798d-caa6-4134-9da1-57097cc07265', 'expense', 280.32, 'EUR', 'Transport Internationale', 'Vol Japan to Australie', '2026-04-18', '2026-04-18', true, false, true, '2026-04-17 12:42:36.672924+00', 'bffe4068-e6bc-482c-8f97-24d6b4f8808b', '2026-04-18 23:45:37.024278+00', NULL, true, NULL, false, 1.6425, 'fx', '2026-04-17 12:42:33.782+00', 'AUD', 'EUR', 'Vol', 'd6c3e70a-d31f-4647-91e8-e12830d0c00d', NULL, NULL, false, 'confirmed', '2026-05-08', '2026-05-08'),
	('60096db5-f1a4-4e69-9987-26b154524598', '6db47d6b-6e2e-4886-a262-520a91854f4c', '73d2ed75-3bd8-44fd-b907-17ecee6b2231', 'expense', 2500, 'JPY', 'Logement', '[Trip] Camping', '2026-04-13', '2026-04-13', false, false, false, '2026-04-13 08:50:01.686685+00', 'bffe4068-e6bc-482c-8f97-24d6b4f8808b', '2026-04-13 08:50:01.686685+00', NULL, true, NULL, true, 1, 'none', '2026-04-13 08:50:00.927+00', 'JPY', 'JPY', 'Camping', 'd6c3e70a-d31f-4647-91e8-e12830d0c00d', NULL, NULL, false, 'confirmed', '2026-04-13', '2026-04-13'),
	('4855acce-ff19-4806-854f-40ec001a87db', '6db47d6b-6e2e-4886-a262-520a91854f4c', '73d2ed75-3bd8-44fd-b907-17ecee6b2231', 'expense', 800, 'JPY', 'Transport', '[Trip] Avance - Parking', '2026-04-11', '2026-04-11', true, true, false, '2026-05-06 04:00:01.251491+00', 'bffe4068-e6bc-482c-8f97-24d6b4f8808b', '2026-05-06 04:00:01.251491+00', 'ab6dad61-d0fc-4237-b134-da0bec035926', false, NULL, false, 1, 'none', '2026-05-06 04:00:00.351+00', 'JPY', 'JPY', 'Parking', 'd6c3e70a-d31f-4647-91e8-e12830d0c00d', NULL, NULL, false, 'confirmed', '2026-04-11', '2026-04-11'),
	('69502a1e-03d0-459a-aad8-8e6ac414bec1', '6db47d6b-6e2e-4886-a262-520a91854f4c', '4e2f798d-caa6-4134-9da1-57097cc07265', 'expense', 106.32, 'EUR', 'Logement', 'Auberge Brisbane', '2026-04-28', '2026-04-28', true, false, false, '2026-04-28 05:25:51.897451+00', 'bffe4068-e6bc-482c-8f97-24d6b4f8808b', '2026-04-28 05:25:51.897451+00', NULL, true, NULL, false, 1.6337, 'fx', '2026-04-28 05:25:48.114+00', 'AUD', 'EUR', 'Auberge', 'd6c3e70a-d31f-4647-91e8-e12830d0c00d', NULL, NULL, false, 'confirmed', '2026-05-09', '2026-05-11'),
	('4bbbc5ac-b010-4f17-ad0f-8b2158d5dd9c', '6db47d6b-6e2e-4886-a262-520a91854f4c', '73d2ed75-3bd8-44fd-b907-17ecee6b2231', 'expense', 1300, 'JPY', 'Sorties', 'Baseball', '2026-04-30', '2026-04-30', true, false, false, '2026-04-30 03:09:52.676638+00', 'bffe4068-e6bc-482c-8f97-24d6b4f8808b', '2026-04-30 03:09:52.676638+00', NULL, true, NULL, false, 1, 'none', '2026-04-30 03:09:51.61+00', 'JPY', 'JPY', 'Sportive', 'd6c3e70a-d31f-4647-91e8-e12830d0c00d', NULL, NULL, false, 'confirmed', '2026-04-30', '2026-04-30'),
	('186560a2-f926-4140-9a29-b26f9c58c50e', '6db47d6b-6e2e-4886-a262-520a91854f4c', '4e2f798d-caa6-4134-9da1-57097cc07265', 'expense', 8.74, 'EUR', 'Sorties', 'Sorties', '2026-05-01', '2026-05-01', true, false, false, '2026-05-01 10:16:22.487448+00', 'bffe4068-e6bc-482c-8f97-24d6b4f8808b', '2026-05-01 10:16:22.487448+00', NULL, true, NULL, false, 183.21, 'fx', '2026-05-01 10:16:21.055+00', 'JPY', 'EUR', 'Fête', 'd6c3e70a-d31f-4647-91e8-e12830d0c00d', NULL, NULL, false, 'confirmed', '2026-05-01', '2026-05-01'),
	('1c2528ce-4173-4b85-953e-d7d9c12fb751', '6db47d6b-6e2e-4886-a262-520a91854f4c', '73d2ed75-3bd8-44fd-b907-17ecee6b2231', 'expense', 991.33, 'JPY', 'Course', '[Trip] Camping course', '2026-04-11', '2026-04-11', false, false, false, '2026-04-11 09:02:25.652303+00', 'bffe4068-e6bc-482c-8f97-24d6b4f8808b', '2026-04-11 09:02:25.652303+00', NULL, true, NULL, true, 1, 'none', '2026-04-11 09:02:25.21+00', 'JPY', 'JPY', 'Supermarché', 'd6c3e70a-d31f-4647-91e8-e12830d0c00d', NULL, NULL, false, 'confirmed', '2026-04-11', '2026-04-11'),
	('8cf5a60a-883b-45ed-859b-038134b772d4', '6db47d6b-6e2e-4886-a262-520a91854f4c', '73d2ed75-3bd8-44fd-b907-17ecee6b2231', 'expense', 85, 'JPY', 'Course', 'Course', '2026-04-20', '2026-04-20', true, false, false, '2026-04-20 05:52:32.236369+00', 'bffe4068-e6bc-482c-8f97-24d6b4f8808b', '2026-04-20 05:52:32.236369+00', NULL, true, NULL, false, 1, 'none', '2026-04-20 05:52:30.294+00', 'JPY', 'JPY', 'Eau', 'd6c3e70a-d31f-4647-91e8-e12830d0c00d', NULL, NULL, false, 'confirmed', '2026-04-20', '2026-04-20'),
	('0f44a7ad-ffba-43be-8f7b-6ab3cbf6e3c9', '6db47d6b-6e2e-4886-a262-520a91854f4c', '73d2ed75-3bd8-44fd-b907-17ecee6b2231', 'expense', 150, 'JPY', 'Course', 'Lait', '2026-04-22', '2026-04-22', true, false, false, '2026-04-22 12:25:08.339919+00', 'bffe4068-e6bc-482c-8f97-24d6b4f8808b', '2026-04-22 12:25:08.339919+00', NULL, true, NULL, false, 1, 'none', '2026-04-22 12:25:06.892+00', 'JPY', 'JPY', 'Snacks', 'd6c3e70a-d31f-4647-91e8-e12830d0c00d', NULL, NULL, false, 'confirmed', '2026-04-22', '2026-04-22'),
	('93a0bbc7-2dec-45e4-b696-8104f26fbce8', '6db47d6b-6e2e-4886-a262-520a91854f4c', '73d2ed75-3bd8-44fd-b907-17ecee6b2231', 'expense', 1800, 'JPY', 'Sorties', '[Trip] Avance - 7/11', '2026-05-02', '2026-05-02', true, true, false, '2026-05-02 13:39:32.389786+00', 'bffe4068-e6bc-482c-8f97-24d6b4f8808b', '2026-05-02 13:39:32.389786+00', '10ab99df-2a9c-4f99-9dad-ce1ec4246f12', false, NULL, false, 1, 'none', '2026-05-02 13:39:32.592+00', 'JPY', 'JPY', 'Fête', 'd6c3e70a-d31f-4647-91e8-e12830d0c00d', NULL, NULL, false, 'confirmed', '2026-05-02', '2026-05-02'),
	('c57f0f10-2ea3-4f9d-98bc-a740d6615cfd', '6db47d6b-6e2e-4886-a262-520a91854f4c', '73d2ed75-3bd8-44fd-b907-17ecee6b2231', 'expense', 4200, 'JPY', 'Sorties', '[Trip] Avance - Beerzzila', '2026-05-04', '2026-05-04', true, true, false, '2026-05-04 09:34:15.414621+00', 'bffe4068-e6bc-482c-8f97-24d6b4f8808b', '2026-05-04 09:34:15.414621+00', '90fe6b10-080f-4a2d-8d7a-959671445110', false, NULL, false, 1, 'none', '2026-05-04 09:34:15.012+00', 'JPY', 'JPY', 'Fête', 'd6c3e70a-d31f-4647-91e8-e12830d0c00d', NULL, NULL, false, 'confirmed', '2026-05-04', '2026-05-04'),
	('c4d57c8b-733f-43ae-8670-4c3057932e85', '6db47d6b-6e2e-4886-a262-520a91854f4c', '6999585d-9607-47f0-a565-37786bfb67d9', 'expense', 300, 'THB', 'Transport', 'Velo', '2026-02-28', '2026-03-01', true, false, false, '2026-02-28 07:21:17.869678+00', 'bffe4068-e6bc-482c-8f97-24d6b4f8808b', '2026-03-18 11:47:32.644+00', NULL, true, NULL, false, 1, 'none', '2026-02-28 07:21:14.643+00', 'THB', 'THB', 'Location vélo', 'd6c3e70a-d31f-4647-91e8-e12830d0c00d', NULL, NULL, false, 'confirmed', '2026-02-28', '2026-03-01'),
	('b35d19b3-0987-43d0-a0c3-056ff3e78a31', '6db47d6b-6e2e-4886-a262-520a91854f4c', '4e2f798d-caa6-4134-9da1-57097cc07265', 'expense', 2, 'EUR', 'Abonnement/Mobile', '[Trip] HBO', '2026-04-23', '2026-04-23', false, false, false, '2026-04-23 09:44:42.524189+00', 'bffe4068-e6bc-482c-8f97-24d6b4f8808b', '2026-04-23 09:44:42.524189+00', NULL, true, NULL, true, 186.81, 'fx', '2026-04-23 09:44:41.832+00', 'JPY', 'EUR', 'Abonnement app', 'd6c3e70a-d31f-4647-91e8-e12830d0c00d', NULL, NULL, false, 'confirmed', '2026-04-23', '2026-04-23'),
	('934f487a-d0b7-4528-b7a2-870f6e22321a', '6db47d6b-6e2e-4886-a262-520a91854f4c', '73d2ed75-3bd8-44fd-b907-17ecee6b2231', 'expense', 3850, 'JPY', 'Sorties', 'Escalade', '2026-04-26', '2026-04-26', true, false, false, '2026-04-26 12:33:27.574927+00', 'bffe4068-e6bc-482c-8f97-24d6b4f8808b', '2026-04-26 12:33:27.574927+00', NULL, true, NULL, false, 1, 'none', '2026-04-26 12:33:24.225+00', 'JPY', 'JPY', 'Sportive', 'd6c3e70a-d31f-4647-91e8-e12830d0c00d', NULL, NULL, false, 'confirmed', '2026-04-26', '2026-04-26'),
	('0cf5f6da-7d44-4a79-a389-509130ee9e4d', '6db47d6b-6e2e-4886-a262-520a91854f4c', '6e21e00c-8e67-4878-a2d3-6bb3bb1c6ec5', 'expense', 2.25, 'EUR', 'Frais bancaire', 'Frais Crédit Mutuel', '2026-03-31', '2026-03-31', true, false, false, '2026-04-07 01:24:56.797624+00', 'bffe4068-e6bc-482c-8f97-24d6b4f8808b', '2026-04-07 01:24:56.797624+00', NULL, true, NULL, false, 183.94, 'fx', '2026-04-07 01:24:54.903+00', 'JPY', 'EUR', 'Tenue de compte', 'd6c3e70a-d31f-4647-91e8-e12830d0c00d', NULL, NULL, false, 'confirmed', '2026-03-31', '2026-03-31'),
	('10d0c348-bcdb-4b29-a5cd-6dae6939c1f7', '6db47d6b-6e2e-4886-a262-520a91854f4c', '4a6ef04f-0f53-4612-a5a0-a317ce1942c8', 'expense', 14.31, 'EUR', 'Abonnement/Mobile', '10go Saily', '2026-04-27', '2026-04-27', true, false, false, '2026-04-28 05:26:47.77587+00', 'bffe4068-e6bc-482c-8f97-24d6b4f8808b', '2026-04-28 11:46:47.373732+00', NULL, true, NULL, false, 187.06, 'fx', '2026-04-28 05:26:44.561+00', 'JPY', 'EUR', 'Recharge data', 'd6c3e70a-d31f-4647-91e8-e12830d0c00d', NULL, NULL, false, 'confirmed', '2026-04-27', '2026-04-27'),
	('eef13813-81dc-4a13-9b87-0a4d0c6f69a6', '8516d948-4970-453a-912e-e984afabddb9', '113a9886-c1a3-4afe-9181-e382a5b0dfc9', 'expense', 1000, 'THB', 'Repas', 'Autre', '2026-04-12', '2026-04-12', true, false, false, '2026-04-11 01:36:59.460273+00', '62840f74-3128-48c7-b431-2172f608246a', '2026-04-11 01:50:32.589338+00', NULL, true, NULL, false, 1, 'none', '2026-04-11 01:36:59.331+00', 'THB', 'THB', 'Petit-déjeuner', '81343a04-99a2-4a55-9cc7-0a4dded6971e', NULL, NULL, false, 'confirmed', '2026-04-11', '2026-04-11'),
	('27ca1644-5f7e-4288-9ac0-50dc0b499775', '6db47d6b-6e2e-4886-a262-520a91854f4c', '73d2ed75-3bd8-44fd-b907-17ecee6b2231', 'expense', 400, 'JPY', 'Repas', '7/11', '2026-04-30', '2026-04-30', true, false, false, '2026-04-30 03:10:11.557629+00', 'bffe4068-e6bc-482c-8f97-24d6b4f8808b', '2026-04-30 03:10:11.557629+00', NULL, true, NULL, false, 1, 'none', '2026-04-30 03:10:10.671+00', 'JPY', 'JPY', 'Petit-déjeuner', 'd6c3e70a-d31f-4647-91e8-e12830d0c00d', NULL, NULL, false, 'confirmed', '2026-04-30', '2026-04-30'),
	('0a0ee13b-d528-438b-8a97-f7d42f5f30f5', '6db47d6b-6e2e-4886-a262-520a91854f4c', '73d2ed75-3bd8-44fd-b907-17ecee6b2231', 'expense', 3000, 'JPY', 'Repas', '[Trip] Avance - Ra', '2026-05-01', '2026-05-01', true, true, false, '2026-05-01 12:18:36.722188+00', 'bffe4068-e6bc-482c-8f97-24d6b4f8808b', '2026-05-01 12:18:36.722188+00', 'd08451a1-4377-4ccd-9747-1887aff2db50', false, NULL, false, 1, 'none', '2026-05-01 12:18:36.133+00', 'JPY', 'JPY', 'Dîner', 'd6c3e70a-d31f-4647-91e8-e12830d0c00d', NULL, NULL, false, 'confirmed', '2026-05-01', '2026-05-01'),
	('be380fbc-f42a-49dc-8c17-571bd0c7b04a', '6db47d6b-6e2e-4886-a262-520a91854f4c', '73d2ed75-3bd8-44fd-b907-17ecee6b2231', 'expense', 5700, 'JPY', 'Repas', '[Trip] Avance - Ramen', '2026-04-09', '2026-04-09', true, true, false, '2026-04-09 12:05:40.922443+00', 'bffe4068-e6bc-482c-8f97-24d6b4f8808b', '2026-04-09 12:05:40.922443+00', '37040fce-c2f6-4b58-8258-4d089363a09e', false, NULL, false, 1, 'none', '2026-04-09 12:05:38.358+00', 'JPY', 'JPY', 'Déjeuner', 'd6c3e70a-d31f-4647-91e8-e12830d0c00d', NULL, NULL, false, 'confirmed', '2026-04-09', '2026-04-09'),
	('496bb10c-00ff-4370-9fd7-ed67fb041d06', '6db47d6b-6e2e-4886-a262-520a91854f4c', '73d2ed75-3bd8-44fd-b907-17ecee6b2231', 'expense', 900, 'JPY', 'Sorties', '[Trip] 7/11', '2026-05-02', '2026-05-02', false, false, false, '2026-05-02 13:39:36.094952+00', 'bffe4068-e6bc-482c-8f97-24d6b4f8808b', '2026-05-02 13:39:36.094952+00', NULL, true, NULL, true, 1, 'none', '2026-05-02 13:39:36.327+00', 'JPY', 'JPY', 'Fête', 'd6c3e70a-d31f-4647-91e8-e12830d0c00d', NULL, NULL, false, 'confirmed', '2026-05-02', '2026-05-02'),
	('b8b4ae81-081b-478e-8c67-25151fde3a3b', '6db47d6b-6e2e-4886-a262-520a91854f4c', '73d2ed75-3bd8-44fd-b907-17ecee6b2231', 'expense', 1000, 'JPY', 'Transport', '[Trip] Essence', '2026-04-03', '2026-04-03', false, false, false, '2026-04-03 12:45:47.197403+00', 'bffe4068-e6bc-482c-8f97-24d6b4f8808b', '2026-04-03 12:45:47.197403+00', NULL, true, NULL, true, 1, 'none', '2026-04-03 12:45:46.374+00', 'JPY', 'JPY', 'Essence', 'd6c3e70a-d31f-4647-91e8-e12830d0c00d', NULL, NULL, false, 'confirmed', '2026-04-03', '2026-04-03'),
	('ad1d9627-e242-4b28-bad2-c97b11070c89', '6db47d6b-6e2e-4886-a262-520a91854f4c', '6999585d-9607-47f0-a565-37786bfb67d9', 'expense', 200, 'THB', 'Repas', '[Trip] Breakfast', '2026-02-16', '2026-02-16', false, false, false, '2026-02-19 05:00:52.122684+00', 'bffe4068-e6bc-482c-8f97-24d6b4f8808b', '2026-02-19 05:00:52.122684+00', NULL, true, NULL, true, 1, 'none', '2026-02-25 15:51:08.119+00', 'THB', 'THB', NULL, 'd6c3e70a-d31f-4647-91e8-e12830d0c00d', NULL, NULL, false, 'confirmed', '2026-02-16', '2026-02-16'),
	('68cc0c8b-901f-46e9-a907-33c226f0c9f8', '6db47d6b-6e2e-4886-a262-520a91854f4c', '4e2f798d-caa6-4134-9da1-57097cc07265', 'expense', 53.2, 'EUR', 'Logement', '[Trip] Avance - Auberge', '2026-04-20', '2026-04-20', true, true, false, '2026-04-18 23:16:08.681534+00', 'bffe4068-e6bc-482c-8f97-24d6b4f8808b', '2026-04-18 23:16:08.681534+00', 'ec035ce9-96e0-4855-b225-211c65783565', false, NULL, false, 187.72, 'fx', '2026-04-18 23:16:08.427+00', 'JPY', 'EUR', 'Auberge', 'd6c3e70a-d31f-4647-91e8-e12830d0c00d', NULL, NULL, false, 'confirmed', '2026-04-20', '2026-04-20'),
	('ea45ea61-cd9c-4ef1-8aa5-78f4e9d774b3', '6db47d6b-6e2e-4886-a262-520a91854f4c', '73d2ed75-3bd8-44fd-b907-17ecee6b2231', 'expense', 2800, 'JPY', 'Sorties', '[Trip] Beerzzila', '2026-05-04', '2026-05-04', false, false, false, '2026-05-04 09:34:19.526156+00', 'bffe4068-e6bc-482c-8f97-24d6b4f8808b', '2026-05-04 09:34:19.526156+00', NULL, true, NULL, true, 1, 'none', '2026-05-04 09:34:19.171+00', 'JPY', 'JPY', 'Fête', 'd6c3e70a-d31f-4647-91e8-e12830d0c00d', NULL, NULL, false, 'confirmed', '2026-05-04', '2026-05-04'),
	('c018ea77-59fa-40fb-bff2-bdbf675bbca0', '6db47d6b-6e2e-4886-a262-520a91854f4c', '73d2ed75-3bd8-44fd-b907-17ecee6b2231', 'expense', 800, 'JPY', 'Sorties', '[Trip] Bière', '2026-04-20', '2026-04-20', false, false, false, '2026-04-20 07:13:11.321691+00', 'bffe4068-e6bc-482c-8f97-24d6b4f8808b', '2026-04-20 07:13:11.321691+00', NULL, true, NULL, true, 1, 'none', '2026-04-20 07:13:10.369+00', 'JPY', 'JPY', 'Fête', 'd6c3e70a-d31f-4647-91e8-e12830d0c00d', NULL, NULL, false, 'confirmed', '2026-04-20', '2026-04-20'),
	('9a95f81b-a1ed-4f9a-b318-3f883b848070', '6db47d6b-6e2e-4886-a262-520a91854f4c', '73d2ed75-3bd8-44fd-b907-17ecee6b2231', 'expense', 700, 'JPY', 'Sorties', '[Trip] Onsen', '2026-04-22', '2026-04-22', false, false, false, '2026-04-22 12:26:08.223907+00', 'bffe4068-e6bc-482c-8f97-24d6b4f8808b', '2026-04-22 12:26:08.223907+00', NULL, true, NULL, true, 1, 'none', '2026-04-22 12:26:07.102+00', 'JPY', 'JPY', 'Sportive', 'd6c3e70a-d31f-4647-91e8-e12830d0c00d', NULL, NULL, false, 'confirmed', '2026-04-22', '2026-04-22'),
	('41557191-9c90-48e4-8cdb-7597a01897f7', '6db47d6b-6e2e-4886-a262-520a91854f4c', '73d2ed75-3bd8-44fd-b907-17ecee6b2231', 'expense', 266.67, 'JPY', 'Transport', '[Trip] Parking', '2026-04-11', '2026-04-11', false, false, false, '2026-05-06 04:00:04.40212+00', 'bffe4068-e6bc-482c-8f97-24d6b4f8808b', '2026-05-06 04:00:04.40212+00', NULL, true, NULL, true, 1, 'none', '2026-05-06 04:00:03.502+00', 'JPY', 'JPY', 'Parking', 'd6c3e70a-d31f-4647-91e8-e12830d0c00d', NULL, NULL, false, 'confirmed', '2026-04-11', '2026-04-11'),
	('c2ae3d57-cf8c-48f4-9c7e-c10ab237746e', '6db47d6b-6e2e-4886-a262-520a91854f4c', '73d2ed75-3bd8-44fd-b907-17ecee6b2231', 'expense', 1010, 'JPY', 'Repas', 'Repas', '2026-04-15', '2026-04-15', true, false, false, '2026-04-15 08:23:45.16404+00', 'bffe4068-e6bc-482c-8f97-24d6b4f8808b', '2026-04-15 08:23:45.16404+00', NULL, true, NULL, false, 1, 'none', '2026-04-15 08:23:44.521+00', 'JPY', 'JPY', 'Déjeuner', 'd6c3e70a-d31f-4647-91e8-e12830d0c00d', NULL, NULL, false, 'confirmed', '2026-04-15', '2026-04-15'),
	('d15ed65c-83eb-4817-98ce-174a57191ecd', '6db47d6b-6e2e-4886-a262-520a91854f4c', '73d2ed75-3bd8-44fd-b907-17ecee6b2231', 'expense', 230, 'JPY', 'Repas', 'Repas', '2026-04-04', '2026-04-04', true, false, false, '2026-04-03 23:16:43.004981+00', 'bffe4068-e6bc-482c-8f97-24d6b4f8808b', '2026-04-03 23:16:43.004981+00', NULL, true, NULL, false, 1, 'none', '2026-04-03 23:16:41.34+00', 'JPY', 'JPY', 'Petit-déjeuner', 'd6c3e70a-d31f-4647-91e8-e12830d0c00d', NULL, NULL, false, 'confirmed', '2026-04-04', '2026-04-04'),
	('86c3b396-c4b1-4e35-8b03-851128aeef13', '6db47d6b-6e2e-4886-a262-520a91854f4c', '73d2ed75-3bd8-44fd-b907-17ecee6b2231', 'expense', 400, 'JPY', 'Sorties', '[Trip] Bière', '2026-04-23', '2026-04-23', false, false, false, '2026-04-23 09:45:43.542388+00', 'bffe4068-e6bc-482c-8f97-24d6b4f8808b', '2026-04-23 09:45:43.542388+00', NULL, true, NULL, true, 1, 'none', '2026-04-23 09:45:42.641+00', 'JPY', 'JPY', 'Fête', 'd6c3e70a-d31f-4647-91e8-e12830d0c00d', NULL, NULL, false, 'confirmed', '2026-04-23', '2026-04-23'),
	('29d350e7-34c4-4643-a2be-bdefd1f8f8da', '8516d948-4970-453a-912e-e984afabddb9', '113a9886-c1a3-4afe-9181-e382a5b0dfc9', 'expense', 1500, 'THB', 'Test Trois', 'Test Trois', '2026-04-11', '2026-04-11', true, false, false, '2026-04-11 01:42:41.693513+00', '62840f74-3128-48c7-b431-2172f608246a', '2026-04-11 01:42:41.693513+00', NULL, true, NULL, false, 0.04405458608214514, 'fx', '2026-04-11 01:42:40.452+00', 'AUD', 'THB', NULL, '81343a04-99a2-4a55-9cc7-0a4dded6971e', NULL, NULL, false, 'confirmed', '2026-04-11', '2026-04-11'),
	('b322ace8-0e98-4365-8de1-94310337b119', '6db47d6b-6e2e-4886-a262-520a91854f4c', '73d2ed75-3bd8-44fd-b907-17ecee6b2231', 'expense', 1000, 'JPY', 'Sorties', '[Trip] Avance - Onsen', '2026-04-26', '2026-04-26', true, true, false, '2026-04-26 12:34:48.724583+00', 'bffe4068-e6bc-482c-8f97-24d6b4f8808b', '2026-04-26 12:34:48.724583+00', '9f71ccca-b629-4fd4-b8a4-7697c1a5ad32', false, NULL, false, 1, 'none', '2026-04-26 12:34:45.802+00', 'JPY', 'JPY', 'Sportive', 'd6c3e70a-d31f-4647-91e8-e12830d0c00d', NULL, NULL, false, 'confirmed', '2026-04-26', '2026-04-26'),
	('0451dd46-7379-47d5-8867-f04eaef26a69', '6db47d6b-6e2e-4886-a262-520a91854f4c', '4e2f798d-caa6-4134-9da1-57097cc07265', 'expense', 15, 'EUR', 'Mouvement interne', 'Mouvement interne', '2026-04-28', '2026-04-28', true, true, false, '2026-04-28 05:27:26.725177+00', 'bffe4068-e6bc-482c-8f97-24d6b4f8808b', '2026-04-28 05:27:26.725177+00', NULL, false, NULL, false, 187.06, 'fx', '2026-04-28 05:27:23.441+00', 'JPY', 'EUR', 'Virement', 'd6c3e70a-d31f-4647-91e8-e12830d0c00d', NULL, NULL, false, 'confirmed', '2026-04-28', '2026-04-28'),
	('46f5869b-3fb1-496c-a910-eaf6bf93d52d', '6db47d6b-6e2e-4886-a262-520a91854f4c', '4a6ef04f-0f53-4612-a5a0-a317ce1942c8', 'income', 15, 'EUR', 'Mouvement interne', 'Mouvement interne', '2026-04-28', '2026-04-28', true, true, false, '2026-04-28 05:27:55.445209+00', 'bffe4068-e6bc-482c-8f97-24d6b4f8808b', '2026-04-28 05:27:55.445209+00', NULL, false, NULL, false, 187.06, 'fx', '2026-04-28 05:27:52.538+00', 'JPY', 'EUR', 'Virement', 'd6c3e70a-d31f-4647-91e8-e12830d0c00d', NULL, NULL, false, 'confirmed', '2026-04-28', '2026-04-28'),
	('4202f0da-0a2e-4831-a1bd-b9cfca427f2f', '6db47d6b-6e2e-4886-a262-520a91854f4c', '4e2f798d-caa6-4134-9da1-57097cc07265', 'expense', 54.17, 'EUR', 'Mouvement interne', 'Mouvement interne', '2026-04-30', '2026-04-30', true, true, false, '2026-04-30 03:11:07.25832+00', 'bffe4068-e6bc-482c-8f97-24d6b4f8808b', '2026-04-30 03:11:07.25832+00', NULL, false, NULL, false, 187.05, 'fx', '2026-04-30 03:11:05.868+00', 'JPY', 'EUR', 'Retrait', 'd6c3e70a-d31f-4647-91e8-e12830d0c00d', NULL, NULL, false, 'confirmed', '2026-04-30', '2026-04-30'),
	('415f9726-2262-45d5-a370-dae901f2d419', '6db47d6b-6e2e-4886-a262-520a91854f4c', '73d2ed75-3bd8-44fd-b907-17ecee6b2231', 'expense', 1500, 'JPY', 'Repas', '[Trip] Ra', '2026-05-01', '2026-05-01', false, false, false, '2026-05-01 12:18:40.230718+00', 'bffe4068-e6bc-482c-8f97-24d6b4f8808b', '2026-05-01 12:18:40.230718+00', NULL, true, NULL, true, 1, 'none', '2026-05-01 12:18:39.656+00', 'JPY', 'JPY', 'Dîner', 'd6c3e70a-d31f-4647-91e8-e12830d0c00d', NULL, NULL, false, 'confirmed', '2026-05-01', '2026-05-01'),
	('63aa13ff-bfad-44d2-88c6-631c78c1891b', '6db47d6b-6e2e-4886-a262-520a91854f4c', '73d2ed75-3bd8-44fd-b907-17ecee6b2231', 'expense', 1400, 'JPY', 'Sorties', 'Baseball', '2026-05-03', '2026-05-03', true, false, false, '2026-05-03 04:31:18.096791+00', 'bffe4068-e6bc-482c-8f97-24d6b4f8808b', '2026-05-03 04:31:18.096791+00', NULL, true, NULL, false, 1, 'none', '2026-05-03 04:31:17.32+00', 'JPY', 'JPY', 'Sportive', 'd6c3e70a-d31f-4647-91e8-e12830d0c00d', NULL, NULL, false, 'confirmed', '2026-05-03', '2026-05-03'),
	('a254ebaa-03b0-44ed-bb45-d9415bea81fd', '6db47d6b-6e2e-4886-a262-520a91854f4c', '4e2f798d-caa6-4134-9da1-57097cc07265', 'expense', 17.73, 'EUR', 'Logement', '[Trip] Auberge', '2026-04-20', '2026-04-20', false, false, false, '2026-04-18 23:16:11.927661+00', 'bffe4068-e6bc-482c-8f97-24d6b4f8808b', '2026-04-18 23:16:11.927661+00', NULL, true, NULL, true, 187.72, 'fx', '2026-04-18 23:16:11.666+00', 'JPY', 'EUR', 'Auberge', 'd6c3e70a-d31f-4647-91e8-e12830d0c00d', NULL, NULL, false, 'confirmed', '2026-04-20', '2026-04-20'),
	('471e9a3c-6ba6-4d74-99f7-e4cb165937b9', '6db47d6b-6e2e-4886-a262-520a91854f4c', '73d2ed75-3bd8-44fd-b907-17ecee6b2231', 'expense', 2000, 'JPY', 'Sorties', '[Trip] Avance - Biere', '2026-05-04', '2026-05-04', true, true, false, '2026-05-04 11:03:49.900905+00', 'bffe4068-e6bc-482c-8f97-24d6b4f8808b', '2026-05-04 11:03:49.900905+00', 'ea96cae3-1b9a-4ada-b8b9-6ae64c76c880', false, NULL, false, 1, 'none', '2026-05-04 11:03:49.502+00', 'JPY', 'JPY', 'Fête', 'd6c3e70a-d31f-4647-91e8-e12830d0c00d', NULL, NULL, false, 'confirmed', '2026-05-04', '2026-05-04'),
	('c3a66c26-5acc-438d-b3ba-637676a7e77a', '6db47d6b-6e2e-4886-a262-520a91854f4c', '73d2ed75-3bd8-44fd-b907-17ecee6b2231', 'expense', 666.67, 'JPY', 'Transport', '[Trip] Parcking', '2026-04-17', '2026-04-17', false, false, false, '2026-04-18 01:35:25.232564+00', 'bffe4068-e6bc-482c-8f97-24d6b4f8808b', '2026-04-18 01:35:25.232564+00', NULL, true, NULL, true, 1, 'none', '2026-04-18 01:35:25.017+00', 'JPY', 'JPY', 'Parking', 'd6c3e70a-d31f-4647-91e8-e12830d0c00d', NULL, NULL, false, 'confirmed', '2026-04-17', '2026-04-17'),
	('1b9b92e0-b8e7-48e7-a81a-8937952d780e', '6db47d6b-6e2e-4886-a262-520a91854f4c', '73d2ed75-3bd8-44fd-b907-17ecee6b2231', 'expense', 1900, 'JPY', 'Repas', '[Trip] Ramen', '2026-04-09', '2026-04-09', false, false, false, '2026-04-09 12:05:44.262905+00', 'bffe4068-e6bc-482c-8f97-24d6b4f8808b', '2026-04-09 12:05:44.262905+00', NULL, true, NULL, true, 1, 'none', '2026-04-09 12:05:41.773+00', 'JPY', 'JPY', 'Déjeuner', 'd6c3e70a-d31f-4647-91e8-e12830d0c00d', NULL, NULL, false, 'confirmed', '2026-04-09', '2026-04-09'),
	('27b2d3b0-8af6-481a-8ad7-faa8e9872936', '6db47d6b-6e2e-4886-a262-520a91854f4c', '73d2ed75-3bd8-44fd-b907-17ecee6b2231', 'expense', 308, 'JPY', 'Sorties', 'Sorties', '2026-04-20', '2026-04-20', true, false, false, '2026-04-20 07:24:42.501524+00', 'bffe4068-e6bc-482c-8f97-24d6b4f8808b', '2026-04-20 07:24:42.501524+00', NULL, true, NULL, false, 1, 'none', '2026-04-20 07:24:39.86+00', 'JPY', 'JPY', 'Fête', 'd6c3e70a-d31f-4647-91e8-e12830d0c00d', NULL, NULL, false, 'confirmed', '2026-04-20', '2026-04-20'),
	('5f03124b-fd58-4457-b2ab-89038b32d86c', '6db47d6b-6e2e-4886-a262-520a91854f4c', '4e2f798d-caa6-4134-9da1-57097cc07265', 'expense', 7.33, 'EUR', 'Logement', '[Trip] Hotel', '2026-04-22', '2026-04-22', false, false, false, '2026-04-22 12:27:29.193542+00', 'bffe4068-e6bc-482c-8f97-24d6b4f8808b', '2026-04-22 12:27:29.193542+00', NULL, true, NULL, true, 187.14, 'fx', '2026-04-22 12:27:28.056+00', 'JPY', 'EUR', 'Hôtel', 'd6c3e70a-d31f-4647-91e8-e12830d0c00d', NULL, NULL, false, 'confirmed', '2026-04-22', '2026-04-22'),
	('3c1672ba-ced1-40f6-a097-8fa535e3b657', '6db47d6b-6e2e-4886-a262-520a91854f4c', '73d2ed75-3bd8-44fd-b907-17ecee6b2231', 'expense', 622, 'JPY', 'Sorties', '[Trip] Avance - Bière', '2026-05-06', '2026-05-06', true, true, false, '2026-05-05 15:57:26.353516+00', 'bffe4068-e6bc-482c-8f97-24d6b4f8808b', '2026-05-05 15:57:26.353516+00', '1e3132c4-c4f2-45ba-9b08-811fe66673bb', false, NULL, false, 1, 'none', '2026-05-05 15:57:25.292+00', 'JPY', 'JPY', 'Fête', 'd6c3e70a-d31f-4647-91e8-e12830d0c00d', NULL, NULL, false, 'confirmed', '2026-05-05', '2026-05-05'),
	('a59f83c2-79b9-4dde-b55a-e29541a1709a', '6db47d6b-6e2e-4886-a262-520a91854f4c', '73d2ed75-3bd8-44fd-b907-17ecee6b2231', 'expense', 4000, 'JPY', 'Transport', '[Trip] Avance - Essence', '2026-04-08', '2026-04-08', true, true, false, '2026-05-06 04:00:22.029951+00', 'bffe4068-e6bc-482c-8f97-24d6b4f8808b', '2026-05-06 04:00:22.029951+00', 'a0f4d282-f0c0-42f7-b2e4-1e2cf9bdf8cd', false, NULL, false, 1, 'none', '2026-05-06 04:00:21.135+00', 'JPY', 'JPY', 'Essence', 'd6c3e70a-d31f-4647-91e8-e12830d0c00d', NULL, NULL, false, 'confirmed', '2026-04-08', '2026-04-08'),
	('f5c7d444-bb86-4d4f-afda-2ffaac4c329f', '6db47d6b-6e2e-4886-a262-520a91854f4c', '6999585d-9607-47f0-a565-37786bfb67d9', 'expense', 45, 'THB', 'Repas', 'Cafe', '2026-02-24', '2026-02-24', true, false, false, '2026-02-24 01:13:06.296513+00', 'bffe4068-e6bc-482c-8f97-24d6b4f8808b', '2026-02-24 01:13:06.296513+00', NULL, true, NULL, false, 1, 'none', '2026-02-25 15:51:03.228+00', 'THB', 'THB', 'Café', 'd6c3e70a-d31f-4647-91e8-e12830d0c00d', NULL, NULL, false, 'confirmed', '2026-02-24', '2026-02-24'),
	('7359f999-19d8-43fd-b994-f99eafaa60dd', '6db47d6b-6e2e-4886-a262-520a91854f4c', '6e21e00c-8e67-4878-a2d3-6bb3bb1c6ec5', 'expense', 2.25, 'EUR', 'Frais bancaire', 'Frais Crédit Mutuel', '2026-06-30', '2026-06-30', false, false, false, '2026-03-15 04:31:02.048187+00', 'bffe4068-e6bc-482c-8f97-24d6b4f8808b', '2026-03-18 13:32:28.731+00', NULL, true, NULL, false, NULL, NULL, '2026-03-15 04:31:02.048187+00', NULL, NULL, 'Tenue de compte', 'd6c3e70a-d31f-4647-91e8-e12830d0c00d', '7d9d71de-6b0c-4fd5-8448-78853f2ed45f', '2026-06-30', true, 'generated', '2026-06-30', '2026-06-30'),
	('0140e7a2-d42d-411b-9a42-9421673e112a', '6db47d6b-6e2e-4886-a262-520a91854f4c', '73d2ed75-3bd8-44fd-b907-17ecee6b2231', 'expense', 2330, 'JPY', 'Logement', 'Game', '2026-04-03', '2026-04-03', true, false, false, '2026-04-03 23:17:18.087187+00', 'bffe4068-e6bc-482c-8f97-24d6b4f8808b', '2026-04-03 23:17:18.087187+00', NULL, true, NULL, false, 1, 'none', '2026-04-03 23:17:16.038+00', 'JPY', 'JPY', 'Auberge', 'd6c3e70a-d31f-4647-91e8-e12830d0c00d', NULL, NULL, false, 'confirmed', '2026-04-03', '2026-04-03'),
	('cd7b1611-1983-4922-a74c-a2e832323597', '6db47d6b-6e2e-4886-a262-520a91854f4c', '73d2ed75-3bd8-44fd-b907-17ecee6b2231', 'expense', 1280, 'JPY', 'Repas', 'Repas', '2026-04-07', '2026-04-07', true, false, false, '2026-04-07 12:34:29.043954+00', 'bffe4068-e6bc-482c-8f97-24d6b4f8808b', '2026-04-07 12:34:29.043954+00', NULL, true, NULL, false, 1, 'none', '2026-04-07 12:34:27.259+00', 'JPY', 'JPY', 'Dîner', 'd6c3e70a-d31f-4647-91e8-e12830d0c00d', NULL, NULL, false, 'confirmed', '2026-04-07', '2026-04-07'),
	('f767307f-aa11-4505-a8a3-f9ce6fa317d7', '6db47d6b-6e2e-4886-a262-520a91854f4c', '73d2ed75-3bd8-44fd-b907-17ecee6b2231', 'expense', 603, 'JPY', 'Sorties', 'Sorties', '2026-04-09', '2026-04-09', true, false, false, '2026-04-09 12:16:03.803101+00', 'bffe4068-e6bc-482c-8f97-24d6b4f8808b', '2026-04-09 12:16:03.803101+00', NULL, true, NULL, false, 1, 'none', '2026-04-09 12:16:01.249+00', 'JPY', 'JPY', 'Fête', 'd6c3e70a-d31f-4647-91e8-e12830d0c00d', NULL, NULL, false, 'confirmed', '2026-04-09', '2026-04-09'),
	('2092908c-2c3c-4800-8d84-d46465d1ce05', '8516d948-4970-453a-912e-e984afabddb9', '113a9886-c1a3-4afe-9181-e382a5b0dfc9', 'expense', 1500, 'THB', 'Test Trois', 'Test Trois', '2026-04-15', '2026-04-15', true, false, false, '2026-04-11 01:43:32.243036+00', '62840f74-3128-48c7-b431-2172f608246a', '2026-04-11 01:50:46.552261+00', NULL, true, NULL, false, 0.04405458608214514, 'fx', '2026-04-11 01:43:32.001+00', 'AUD', 'THB', NULL, '81343a04-99a2-4a55-9cc7-0a4dded6971e', NULL, NULL, false, 'confirmed', '2026-04-15', '2026-04-15'),
	('b910b2a2-4e76-4421-9569-cf79391b490b', '6db47d6b-6e2e-4886-a262-520a91854f4c', '73d2ed75-3bd8-44fd-b907-17ecee6b2231', 'expense', 323, 'JPY', 'Repas', 'Repas', '2026-04-18', '2026-04-18', true, false, false, '2026-04-18 01:36:40.739082+00', 'bffe4068-e6bc-482c-8f97-24d6b4f8808b', '2026-04-18 01:36:40.739082+00', NULL, true, NULL, false, 1, 'none', '2026-04-18 01:36:40.059+00', 'JPY', 'JPY', 'Petit-déjeuner', 'd6c3e70a-d31f-4647-91e8-e12830d0c00d', NULL, NULL, false, 'confirmed', '2026-04-18', '2026-04-18'),
	('4e6d00cb-b042-4c63-93e7-d877ea904588', '6db47d6b-6e2e-4886-a262-520a91854f4c', '73d2ed75-3bd8-44fd-b907-17ecee6b2231', 'expense', 200, 'JPY', 'Course', 'Lait', '2026-04-19', '2026-04-19', true, false, false, '2026-04-19 02:46:27.296539+00', 'bffe4068-e6bc-482c-8f97-24d6b4f8808b', '2026-04-19 02:46:27.296539+00', NULL, true, NULL, false, 1, 'none', '2026-04-19 02:46:26.257+00', 'JPY', 'JPY', 'Snacks', 'd6c3e70a-d31f-4647-91e8-e12830d0c00d', NULL, NULL, false, 'confirmed', '2026-04-19', '2026-04-19'),
	('212bde1f-c78c-4dbc-a5c0-07ac803d69a0', '6db47d6b-6e2e-4886-a262-520a91854f4c', '73d2ed75-3bd8-44fd-b907-17ecee6b2231', 'expense', 500, 'JPY', 'Sorties', '[Trip] Onsen', '2026-04-26', '2026-04-26', false, false, false, '2026-04-26 12:34:54.020553+00', 'bffe4068-e6bc-482c-8f97-24d6b4f8808b', '2026-04-26 12:34:54.020553+00', NULL, true, NULL, true, 1, 'none', '2026-04-26 12:34:51.128+00', 'JPY', 'JPY', 'Sportive', 'd6c3e70a-d31f-4647-91e8-e12830d0c00d', NULL, NULL, false, 'confirmed', '2026-04-26', '2026-04-26'),
	('88eaf993-2749-4333-85c3-1712f9bae14b', '6db47d6b-6e2e-4886-a262-520a91854f4c', '4e2f798d-caa6-4134-9da1-57097cc07265', 'income', 500, 'EUR', 'Mouvement interne', 'Mouvement interne', '2026-04-28', '2026-04-28', true, true, false, '2026-04-28 05:28:10.345662+00', 'bffe4068-e6bc-482c-8f97-24d6b4f8808b', '2026-04-28 05:28:10.345662+00', NULL, false, NULL, false, 187.06, 'fx', '2026-04-28 05:28:07.465+00', 'JPY', 'EUR', 'Virement', 'd6c3e70a-d31f-4647-91e8-e12830d0c00d', NULL, NULL, false, 'confirmed', '2026-04-28', '2026-04-28'),
	('71b7f958-fbaa-4c37-8ed2-f6de87c1df16', '6db47d6b-6e2e-4886-a262-520a91854f4c', '73d2ed75-3bd8-44fd-b907-17ecee6b2231', 'expense', 2000, 'JPY', 'Ajustement wallet', 'Ajustement wallet — Cash (3 262,00 JPY → 1 262,00 JPY)', '2026-04-30', '2026-04-30', true, true, false, '2026-04-30 03:11:19.709677+00', 'bffe4068-e6bc-482c-8f97-24d6b4f8808b', '2026-04-30 03:11:19.709677+00', NULL, false, NULL, false, 1, 'none', '2026-04-30 03:11:18.976+00', 'JPY', 'JPY', NULL, 'd6c3e70a-d31f-4647-91e8-e12830d0c00d', NULL, NULL, false, 'confirmed', '2026-04-30', '2026-04-30'),
	('a44ccfcf-92b5-4b42-b07b-be1a683a6fe0', '6db47d6b-6e2e-4886-a262-520a91854f4c', '73d2ed75-3bd8-44fd-b907-17ecee6b2231', 'income', 10000, 'JPY', 'Mouvement interne', 'Mouvement interne', '2026-04-30', '2026-04-30', true, true, false, '2026-04-30 03:11:30.823576+00', 'bffe4068-e6bc-482c-8f97-24d6b4f8808b', '2026-04-30 03:11:30.823576+00', NULL, false, NULL, false, 1, 'none', '2026-04-30 03:11:29.961+00', 'JPY', 'JPY', 'Retrait', 'd6c3e70a-d31f-4647-91e8-e12830d0c00d', NULL, NULL, false, 'confirmed', '2026-04-30', '2026-04-30'),
	('00be2917-9580-4a42-9359-daac1f47475d', '6db47d6b-6e2e-4886-a262-520a91854f4c', '4e2f798d-caa6-4134-9da1-57097cc07265', 'expense', 110.69, 'EUR', 'Mouvement interne', 'Mouvement interne', '2026-05-02', '2026-05-02', true, true, false, '2026-05-02 00:20:38.147867+00', 'bffe4068-e6bc-482c-8f97-24d6b4f8808b', '2026-05-02 00:20:38.147867+00', NULL, false, NULL, false, 183.21, 'fx', '2026-05-02 00:20:37.343+00', 'JPY', 'EUR', 'Retrait', 'd6c3e70a-d31f-4647-91e8-e12830d0c00d', NULL, NULL, false, 'confirmed', '2026-05-02', '2026-05-02'),
	('91f747c9-4783-43b9-ba08-19853f9d01d8', '6db47d6b-6e2e-4886-a262-520a91854f4c', '4e2f798d-caa6-4134-9da1-57097cc07265', 'expense', 31.53, 'EUR', 'Transport', '[Trip] Avance - Parking', '2026-04-14', '2026-04-14', true, true, false, '2026-04-15 08:24:50.310814+00', 'bffe4068-e6bc-482c-8f97-24d6b4f8808b', '2026-04-15 08:24:50.310814+00', '9c06452a-52d7-437a-aedf-ab926bdb7723', false, NULL, false, 187.33, 'fx', '2026-04-15 08:24:49.61+00', 'JPY', 'EUR', 'Parking', 'd6c3e70a-d31f-4647-91e8-e12830d0c00d', NULL, NULL, false, 'confirmed', '2026-04-14', '2026-04-14'),
	('680c9889-fa5d-4e02-a3df-63831fbc6545', '6db47d6b-6e2e-4886-a262-520a91854f4c', '73d2ed75-3bd8-44fd-b907-17ecee6b2231', 'expense', 1666.67, 'JPY', 'Logement', '[Trip] Camping de Pute', '2026-04-11', '2026-04-11', false, false, false, '2026-04-12 03:49:57.197911+00', 'bffe4068-e6bc-482c-8f97-24d6b4f8808b', '2026-04-12 03:49:57.197911+00', NULL, true, NULL, true, 1, 'none', '2026-04-12 03:49:56.227+00', 'JPY', 'JPY', 'Camping', 'd6c3e70a-d31f-4647-91e8-e12830d0c00d', NULL, NULL, false, 'confirmed', '2026-04-11', '2026-04-11'),
	('624be382-452e-40fd-bdf1-38b2d88dbb73', '6db47d6b-6e2e-4886-a262-520a91854f4c', '73d2ed75-3bd8-44fd-b907-17ecee6b2231', 'expense', 2466.67, 'JPY', 'Course', '[Trip] Camping course', '2026-04-13', '2026-04-13', false, false, false, '2026-04-13 09:22:37.629902+00', 'bffe4068-e6bc-482c-8f97-24d6b4f8808b', '2026-04-13 09:22:37.629902+00', NULL, true, NULL, true, 1, 'none', '2026-04-13 09:22:37.165+00', 'JPY', 'JPY', 'Supermarché', 'd6c3e70a-d31f-4647-91e8-e12830d0c00d', NULL, NULL, false, 'confirmed', '2026-04-13', '2026-04-13'),
	('023c3191-5494-49ab-85fd-64c2a0148c34', '6db47d6b-6e2e-4886-a262-520a91854f4c', '73d2ed75-3bd8-44fd-b907-17ecee6b2231', 'expense', 5000, 'JPY', 'Logement', '[Trip] Avance - Camping de Pute', '2026-04-11', '2026-04-11', true, true, false, '2026-04-12 03:49:51.976662+00', 'bffe4068-e6bc-482c-8f97-24d6b4f8808b', '2026-04-12 03:49:51.976662+00', '7166b021-81bf-4721-8258-45327e042072', false, NULL, false, 1, 'none', '2026-04-12 03:49:50.943+00', 'JPY', 'JPY', 'Camping', 'd6c3e70a-d31f-4647-91e8-e12830d0c00d', NULL, NULL, false, 'confirmed', '2026-04-11', '2026-04-11'),
	('b4dbb0ee-bacd-47a9-97e6-ab4539288a37', '6db47d6b-6e2e-4886-a262-520a91854f4c', '73d2ed75-3bd8-44fd-b907-17ecee6b2231', 'income', 20000, 'JPY', 'Mouvement interne', 'Mouvement interne', '2026-05-02', '2026-05-02', true, true, false, '2026-05-02 00:20:50.660959+00', 'bffe4068-e6bc-482c-8f97-24d6b4f8808b', '2026-05-02 00:20:50.660959+00', NULL, false, NULL, false, 1, 'none', '2026-05-02 00:20:50.356+00', 'JPY', 'JPY', 'Retrait', 'd6c3e70a-d31f-4647-91e8-e12830d0c00d', NULL, NULL, false, 'confirmed', '2026-05-02', '2026-05-02'),
	('0c12f730-1333-4366-b7d5-a8ececa7d5df', '6db47d6b-6e2e-4886-a262-520a91854f4c', '73d2ed75-3bd8-44fd-b907-17ecee6b2231', 'expense', 1050, 'JPY', 'Sorties', '[Trip] Karaoke', '2026-04-20', '2026-04-20', false, false, false, '2026-04-20 11:49:56.647488+00', 'bffe4068-e6bc-482c-8f97-24d6b4f8808b', '2026-04-20 11:49:56.647488+00', NULL, true, NULL, true, 1, 'none', '2026-04-20 11:49:55.754+00', 'JPY', 'JPY', 'Culturel', 'd6c3e70a-d31f-4647-91e8-e12830d0c00d', NULL, NULL, false, 'confirmed', '2026-04-20', '2026-04-20'),
	('36cf7fbe-9bc9-44a3-90fc-a630117a26a4', '6db47d6b-6e2e-4886-a262-520a91854f4c', '73d2ed75-3bd8-44fd-b907-17ecee6b2231', 'expense', 577, 'JPY', 'Repas', '7/11', '2026-05-03', '2026-05-03', true, false, false, '2026-05-03 04:31:55.689117+00', 'bffe4068-e6bc-482c-8f97-24d6b4f8808b', '2026-05-03 04:31:55.689117+00', NULL, true, NULL, false, 1, 'none', '2026-05-03 04:31:54.351+00', 'JPY', 'JPY', 'Petit-déjeuner', 'd6c3e70a-d31f-4647-91e8-e12830d0c00d', NULL, NULL, false, 'confirmed', '2026-05-03', '2026-05-03'),
	('e5713974-2df0-4fe3-a959-25d64a2abdc0', '6db47d6b-6e2e-4886-a262-520a91854f4c', '73d2ed75-3bd8-44fd-b907-17ecee6b2231', 'expense', 1300, 'JPY', 'Repas', '[Trip] Restau Nouille', '2026-04-22', '2026-04-22', false, false, false, '2026-04-22 13:21:58.998815+00', 'bffe4068-e6bc-482c-8f97-24d6b4f8808b', '2026-04-22 13:21:58.998815+00', NULL, true, NULL, true, 1, 'none', '2026-04-22 13:21:57.461+00', 'JPY', 'JPY', 'Dîner', 'd6c3e70a-d31f-4647-91e8-e12830d0c00d', NULL, NULL, false, 'confirmed', '2026-04-22', '2026-04-22'),
	('d81c69a2-06d4-4fd1-ad28-f20086797640', '6db47d6b-6e2e-4886-a262-520a91854f4c', '73d2ed75-3bd8-44fd-b907-17ecee6b2231', 'expense', 311, 'JPY', 'Sorties', '[Trip] Bière', '2026-05-06', '2026-05-06', false, false, false, '2026-05-05 15:57:28.60699+00', 'bffe4068-e6bc-482c-8f97-24d6b4f8808b', '2026-05-05 15:57:28.60699+00', NULL, true, NULL, true, 1, 'none', '2026-05-05 15:57:27.546+00', 'JPY', 'JPY', 'Fête', 'd6c3e70a-d31f-4647-91e8-e12830d0c00d', NULL, NULL, false, 'confirmed', '2026-05-05', '2026-05-05'),
	('f667f151-b1cb-408b-b3d6-8b7cf1263dab', '6db47d6b-6e2e-4886-a262-520a91854f4c', '73d2ed75-3bd8-44fd-b907-17ecee6b2231', 'expense', 1333.33, 'JPY', 'Transport', '[Trip] Essence', '2026-04-08', '2026-04-08', false, false, false, '2026-05-06 04:00:25.162102+00', 'bffe4068-e6bc-482c-8f97-24d6b4f8808b', '2026-05-06 04:00:25.162102+00', NULL, true, NULL, true, 1, 'none', '2026-05-06 04:00:24.263+00', 'JPY', 'JPY', 'Essence', 'd6c3e70a-d31f-4647-91e8-e12830d0c00d', NULL, NULL, false, 'confirmed', '2026-04-08', '2026-04-08'),
	('c505070a-2988-44b4-ae1a-f74ef7ffb17e', '6db47d6b-6e2e-4886-a262-520a91854f4c', '73d2ed75-3bd8-44fd-b907-17ecee6b2231', 'expense', 600, 'JPY', 'Sorties', 'Sorties', '2026-04-26', '2026-04-26', true, false, false, '2026-04-26 12:55:10.710221+00', 'bffe4068-e6bc-482c-8f97-24d6b4f8808b', '2026-04-26 12:55:10.710221+00', NULL, true, NULL, false, 1, 'none', '2026-04-26 12:55:08.223+00', 'JPY', 'JPY', 'Fête', 'd6c3e70a-d31f-4647-91e8-e12830d0c00d', NULL, NULL, false, 'confirmed', '2026-04-26', '2026-04-26'),
	('23d335ee-3300-442d-b62e-e3ccb7d55513', '6db47d6b-6e2e-4886-a262-520a91854f4c', '73d2ed75-3bd8-44fd-b907-17ecee6b2231', 'expense', 300, 'JPY', 'Repas', 'Repas', '2026-04-04', '2026-04-04', true, false, false, '2026-04-04 02:01:41.853387+00', 'bffe4068-e6bc-482c-8f97-24d6b4f8808b', '2026-04-04 02:01:41.853387+00', NULL, true, NULL, false, 1, 'none', '2026-04-04 02:01:39.9+00', 'JPY', 'JPY', 'Snack', 'd6c3e70a-d31f-4647-91e8-e12830d0c00d', NULL, NULL, false, 'confirmed', '2026-04-04', '2026-04-04'),
	('60723fd3-5481-4a1b-ab3c-8c5d37889caf', '6db47d6b-6e2e-4886-a262-520a91854f4c', '770e54aa-eedf-469c-aa6e-923b82f0ae52', 'income', 1000, 'AUD', 'Revenu', 'PVT Australie', '2026-05-24', '2026-05-24', false, false, false, '2026-04-18 02:21:16.641837+00', 'bffe4068-e6bc-482c-8f97-24d6b4f8808b', '2026-04-18 02:21:16.641837+00', NULL, true, NULL, false, NULL, NULL, '2026-04-18 02:21:16.641837+00', NULL, NULL, 'Salaire', 'd6c3e70a-d31f-4647-91e8-e12830d0c00d', '333e1e68-7ad5-45be-b1c7-24bcb8d45ad6', '2026-05-24', true, 'generated', '2026-05-24', '2026-05-24'),
	('2101a501-18c8-4f51-8b37-4363728ff925', '6db47d6b-6e2e-4886-a262-520a91854f4c', '770e54aa-eedf-469c-aa6e-923b82f0ae52', 'income', 1000, 'AUD', 'Revenu', 'PVT Australie', '2026-05-31', '2026-05-31', false, false, false, '2026-04-18 02:21:16.641837+00', 'bffe4068-e6bc-482c-8f97-24d6b4f8808b', '2026-04-18 02:21:16.641837+00', NULL, true, NULL, false, NULL, NULL, '2026-04-18 02:21:16.641837+00', NULL, NULL, 'Salaire', 'd6c3e70a-d31f-4647-91e8-e12830d0c00d', '333e1e68-7ad5-45be-b1c7-24bcb8d45ad6', '2026-05-31', true, 'generated', '2026-05-31', '2026-05-31'),
	('102f2ae7-620f-4d1f-8ed8-c6249c3beb2b', '6db47d6b-6e2e-4886-a262-520a91854f4c', '73d2ed75-3bd8-44fd-b907-17ecee6b2231', 'expense', 3710, 'JPY', 'Logement', 'Manga club', '2026-04-10', '2026-04-10', true, false, false, '2026-04-10 01:43:37.996338+00', 'bffe4068-e6bc-482c-8f97-24d6b4f8808b', '2026-04-10 02:24:42.769+00', NULL, true, NULL, false, 1, 'none', '2026-04-10 01:43:35.515+00', 'JPY', 'JPY', 'Auberge', 'd6c3e70a-d31f-4647-91e8-e12830d0c00d', NULL, NULL, false, 'confirmed', '2026-04-09', '2026-04-09'),
	('c20f9ef8-e9f6-4912-9854-b1b4400f2168', '8516d948-4970-453a-912e-e984afabddb9', 'a17904a9-f468-4999-a181-888ecbcda5d3', 'income', 1500, 'EUR', 'Mouvement interne', 'Mouvement interne', '2026-04-11', '2026-04-11', true, true, false, '2026-04-11 01:45:17.625168+00', '62840f74-3128-48c7-b431-2172f608246a', '2026-04-11 01:45:17.625168+00', NULL, false, NULL, false, 1.6561, 'fx', '2026-04-11 01:45:17.014+00', 'AUD', 'EUR', NULL, '81343a04-99a2-4a55-9cc7-0a4dded6971e', NULL, NULL, false, 'confirmed', '2026-04-11', '2026-04-11'),
	('70f7e023-650b-4846-b7ae-d96fb06af882', '6db47d6b-6e2e-4886-a262-520a91854f4c', '770e54aa-eedf-469c-aa6e-923b82f0ae52', 'income', 1000, 'AUD', 'Revenu', 'PVT Australie', '2026-06-07', '2026-06-07', false, false, false, '2026-04-18 02:21:16.641837+00', 'bffe4068-e6bc-482c-8f97-24d6b4f8808b', '2026-04-18 02:21:16.641837+00', NULL, true, NULL, false, NULL, NULL, '2026-04-18 02:21:16.641837+00', NULL, NULL, 'Salaire', 'd6c3e70a-d31f-4647-91e8-e12830d0c00d', '333e1e68-7ad5-45be-b1c7-24bcb8d45ad6', '2026-06-07', true, 'generated', '2026-06-07', '2026-06-07'),
	('fc5be79f-73dd-45ca-8409-7d9edabf17b7', '6db47d6b-6e2e-4886-a262-520a91854f4c', '770e54aa-eedf-469c-aa6e-923b82f0ae52', 'income', 1000, 'AUD', 'Revenu', 'PVT Australie', '2026-06-14', '2026-06-14', false, false, false, '2026-04-18 02:21:16.641837+00', 'bffe4068-e6bc-482c-8f97-24d6b4f8808b', '2026-04-18 02:21:16.641837+00', NULL, true, NULL, false, NULL, NULL, '2026-04-18 02:21:16.641837+00', NULL, NULL, 'Salaire', 'd6c3e70a-d31f-4647-91e8-e12830d0c00d', '333e1e68-7ad5-45be-b1c7-24bcb8d45ad6', '2026-06-14', true, 'generated', '2026-06-14', '2026-06-14'),
	('e202830b-3007-4a0e-af5b-30e9d2aeec70', '6db47d6b-6e2e-4886-a262-520a91854f4c', '4e2f798d-caa6-4134-9da1-57097cc07265', 'expense', 23, 'EUR', 'Projet Personnel', 'ChatGPT', '2026-11-13', '2026-11-13', false, true, false, '2026-03-15 04:29:28.197012+00', 'bffe4068-e6bc-482c-8f97-24d6b4f8808b', '2026-04-12 15:10:21.922+00', NULL, false, NULL, false, NULL, NULL, '2026-03-15 04:29:28.197012+00', NULL, NULL, 'Abonnement', 'd6c3e70a-d31f-4647-91e8-e12830d0c00d', 'a245cbe4-a5a9-463a-acd9-1007e7255607', '2026-11-13', true, 'generated', '2026-11-13', '2026-11-13'),
	('17433322-4563-4052-913d-35f9161108ee', '6db47d6b-6e2e-4886-a262-520a91854f4c', '73d2ed75-3bd8-44fd-b907-17ecee6b2231', 'expense', 1000, 'JPY', 'Logement', 'Bidon cassé', '2026-04-14', '2026-04-14', true, false, false, '2026-04-14 02:24:30.039982+00', 'bffe4068-e6bc-482c-8f97-24d6b4f8808b', '2026-04-14 02:24:30.039982+00', NULL, true, NULL, false, 1, 'none', '2026-04-14 02:24:28.676+00', 'JPY', 'JPY', 'Camping', 'd6c3e70a-d31f-4647-91e8-e12830d0c00d', NULL, NULL, false, 'confirmed', '2026-04-13', '2026-04-13'),
	('60be3751-764d-40b2-bed4-5b55fea50ac9', '6db47d6b-6e2e-4886-a262-520a91854f4c', '770e54aa-eedf-469c-aa6e-923b82f0ae52', 'income', 1000, 'AUD', 'Revenu', 'PVT Australie', '2026-06-21', '2026-06-21', false, false, false, '2026-04-18 02:21:16.641837+00', 'bffe4068-e6bc-482c-8f97-24d6b4f8808b', '2026-04-18 02:21:16.641837+00', NULL, true, NULL, false, NULL, NULL, '2026-04-18 02:21:16.641837+00', NULL, NULL, 'Salaire', 'd6c3e70a-d31f-4647-91e8-e12830d0c00d', '333e1e68-7ad5-45be-b1c7-24bcb8d45ad6', '2026-06-21', true, 'generated', '2026-06-21', '2026-06-21'),
	('6d2c0293-9ea8-47c7-8fb9-defd4be14da2', '6db47d6b-6e2e-4886-a262-520a91854f4c', '770e54aa-eedf-469c-aa6e-923b82f0ae52', 'income', 1000, 'AUD', 'Revenu', 'PVT Australie', '2026-06-28', '2026-06-28', false, false, false, '2026-04-18 02:21:16.641837+00', 'bffe4068-e6bc-482c-8f97-24d6b4f8808b', '2026-04-18 02:21:16.641837+00', NULL, true, NULL, false, NULL, NULL, '2026-04-18 02:21:16.641837+00', NULL, NULL, 'Salaire', 'd6c3e70a-d31f-4647-91e8-e12830d0c00d', '333e1e68-7ad5-45be-b1c7-24bcb8d45ad6', '2026-06-28', true, 'generated', '2026-06-28', '2026-06-28'),
	('5383e52b-99ce-4276-a4ed-fb687396f254', '6db47d6b-6e2e-4886-a262-520a91854f4c', '770e54aa-eedf-469c-aa6e-923b82f0ae52', 'income', 1000, 'AUD', 'Revenu', 'PVT Australie', '2026-07-05', '2026-07-05', false, false, false, '2026-04-18 02:21:16.641837+00', 'bffe4068-e6bc-482c-8f97-24d6b4f8808b', '2026-04-18 02:21:16.641837+00', NULL, true, NULL, false, NULL, NULL, '2026-04-18 02:21:16.641837+00', NULL, NULL, 'Salaire', 'd6c3e70a-d31f-4647-91e8-e12830d0c00d', '333e1e68-7ad5-45be-b1c7-24bcb8d45ad6', '2026-07-05', true, 'generated', '2026-07-05', '2026-07-05'),
	('4bbed437-c6d3-42a4-99c9-645ee04fe45e', '6db47d6b-6e2e-4886-a262-520a91854f4c', '770e54aa-eedf-469c-aa6e-923b82f0ae52', 'income', 1000, 'AUD', 'Revenu', 'PVT Australie', '2026-07-12', '2026-07-12', false, false, false, '2026-04-18 02:21:16.641837+00', 'bffe4068-e6bc-482c-8f97-24d6b4f8808b', '2026-04-18 02:21:16.641837+00', NULL, true, NULL, false, NULL, NULL, '2026-04-18 02:21:16.641837+00', NULL, NULL, 'Salaire', 'd6c3e70a-d31f-4647-91e8-e12830d0c00d', '333e1e68-7ad5-45be-b1c7-24bcb8d45ad6', '2026-07-12', true, 'generated', '2026-07-12', '2026-07-12'),
	('84fa4db0-b953-4f3d-91a1-35e66bbc3b9b', '6db47d6b-6e2e-4886-a262-520a91854f4c', '770e54aa-eedf-469c-aa6e-923b82f0ae52', 'income', 1000, 'AUD', 'Revenu', 'PVT Australie', '2026-07-19', '2026-07-19', false, false, false, '2026-04-18 02:21:16.641837+00', 'bffe4068-e6bc-482c-8f97-24d6b4f8808b', '2026-04-18 02:21:16.641837+00', NULL, true, NULL, false, NULL, NULL, '2026-04-18 02:21:16.641837+00', NULL, NULL, 'Salaire', 'd6c3e70a-d31f-4647-91e8-e12830d0c00d', '333e1e68-7ad5-45be-b1c7-24bcb8d45ad6', '2026-07-19', true, 'generated', '2026-07-19', '2026-07-19'),
	('58e6656c-0bd8-4d91-acb1-04f01cdf04a9', '6db47d6b-6e2e-4886-a262-520a91854f4c', '770e54aa-eedf-469c-aa6e-923b82f0ae52', 'income', 1000, 'AUD', 'Revenu', 'PVT Australie', '2026-07-26', '2026-07-26', false, false, false, '2026-04-18 02:21:16.641837+00', 'bffe4068-e6bc-482c-8f97-24d6b4f8808b', '2026-04-18 02:21:16.641837+00', NULL, true, NULL, false, NULL, NULL, '2026-04-18 02:21:16.641837+00', NULL, NULL, 'Salaire', 'd6c3e70a-d31f-4647-91e8-e12830d0c00d', '333e1e68-7ad5-45be-b1c7-24bcb8d45ad6', '2026-07-26', true, 'generated', '2026-07-26', '2026-07-26'),
	('2931e00b-a599-4082-99eb-d676d833dbb5', '6db47d6b-6e2e-4886-a262-520a91854f4c', '770e54aa-eedf-469c-aa6e-923b82f0ae52', 'income', 1000, 'AUD', 'Revenu', 'PVT Australie', '2026-08-02', '2026-08-02', false, false, false, '2026-04-18 02:21:16.641837+00', 'bffe4068-e6bc-482c-8f97-24d6b4f8808b', '2026-04-18 02:21:16.641837+00', NULL, true, NULL, false, NULL, NULL, '2026-04-18 02:21:16.641837+00', NULL, NULL, 'Salaire', 'd6c3e70a-d31f-4647-91e8-e12830d0c00d', '333e1e68-7ad5-45be-b1c7-24bcb8d45ad6', '2026-08-02', true, 'generated', '2026-08-02', '2026-08-02'),
	('1ad679a0-518c-4da3-82a2-26254ad2db4c', '6db47d6b-6e2e-4886-a262-520a91854f4c', '770e54aa-eedf-469c-aa6e-923b82f0ae52', 'income', 1000, 'AUD', 'Revenu', 'PVT Australie', '2026-08-09', '2026-08-09', false, false, false, '2026-04-18 02:21:16.641837+00', 'bffe4068-e6bc-482c-8f97-24d6b4f8808b', '2026-04-18 02:21:16.641837+00', NULL, true, NULL, false, NULL, NULL, '2026-04-18 02:21:16.641837+00', NULL, NULL, 'Salaire', 'd6c3e70a-d31f-4647-91e8-e12830d0c00d', '333e1e68-7ad5-45be-b1c7-24bcb8d45ad6', '2026-08-09', true, 'generated', '2026-08-09', '2026-08-09'),
	('aa6c6de3-f3f9-45e0-8dec-024a58f8630d', '6db47d6b-6e2e-4886-a262-520a91854f4c', '770e54aa-eedf-469c-aa6e-923b82f0ae52', 'income', 1000, 'AUD', 'Revenu', 'PVT Australie', '2026-08-16', '2026-08-16', false, false, false, '2026-04-18 02:21:16.641837+00', 'bffe4068-e6bc-482c-8f97-24d6b4f8808b', '2026-04-18 02:21:16.641837+00', NULL, true, NULL, false, NULL, NULL, '2026-04-18 02:21:16.641837+00', NULL, NULL, 'Salaire', 'd6c3e70a-d31f-4647-91e8-e12830d0c00d', '333e1e68-7ad5-45be-b1c7-24bcb8d45ad6', '2026-08-16', true, 'generated', '2026-08-16', '2026-08-16'),
	('0daafbcc-2511-4763-8b15-60ab240e7d58', '6db47d6b-6e2e-4886-a262-520a91854f4c', '4e2f798d-caa6-4134-9da1-57097cc07265', 'expense', 60.73, 'EUR', 'Autre', 'Withe Card', '2026-04-28', '2026-04-28', true, false, false, '2026-04-28 06:27:33.129726+00', 'bffe4068-e6bc-482c-8f97-24d6b4f8808b', '2026-04-28 06:27:33.129726+00', NULL, true, NULL, false, 1.6337, 'fx', '2026-04-28 06:27:28.364+00', 'AUD', 'EUR', 'Divers', 'd6c3e70a-d31f-4647-91e8-e12830d0c00d', NULL, NULL, false, 'confirmed', '2026-05-11', '2026-05-11'),
	('dbf04c83-aca6-4b77-8457-a7c6b8d54073', '6db47d6b-6e2e-4886-a262-520a91854f4c', '4e2f798d-caa6-4134-9da1-57097cc07265', 'expense', 10.51, 'EUR', 'Transport', '[Trip] Parking', '2026-04-14', '2026-04-14', false, false, false, '2026-04-15 08:24:53.198895+00', 'bffe4068-e6bc-482c-8f97-24d6b4f8808b', '2026-04-15 08:24:53.198895+00', NULL, true, NULL, true, 187.33, 'fx', '2026-04-15 08:24:52.518+00', 'JPY', 'EUR', 'Parking', 'd6c3e70a-d31f-4647-91e8-e12830d0c00d', NULL, NULL, false, 'confirmed', '2026-04-14', '2026-04-14'),
	('af5e79f9-41e3-448c-acfb-d9e69ce149c6', '6db47d6b-6e2e-4886-a262-520a91854f4c', '73d2ed75-3bd8-44fd-b907-17ecee6b2231', 'expense', 1666.67, 'JPY', 'Sorties', '[Trip] Bière', '2026-04-07', '2026-04-07', false, false, false, '2026-04-07 12:40:17.644666+00', 'bffe4068-e6bc-482c-8f97-24d6b4f8808b', '2026-04-07 12:40:17.644666+00', NULL, true, NULL, true, 1, 'none', '2026-04-07 12:40:17.094+00', 'JPY', 'JPY', 'Fête', 'd6c3e70a-d31f-4647-91e8-e12830d0c00d', NULL, NULL, false, 'confirmed', '2026-04-07', '2026-04-07'),
	('a2f32232-35c0-41c4-a2a8-896728dec339', '6db47d6b-6e2e-4886-a262-520a91854f4c', '4e2f798d-caa6-4134-9da1-57097cc07265', 'expense', 6.22, 'EUR', 'Sorties', 'Sorties', '2026-05-01', '2026-05-01', true, false, false, '2026-05-02 00:22:09.157441+00', 'bffe4068-e6bc-482c-8f97-24d6b4f8808b', '2026-05-02 00:22:09.157441+00', NULL, true, NULL, false, 183.21, 'fx', '2026-05-02 00:22:07.902+00', 'JPY', 'EUR', 'Fête', 'd6c3e70a-d31f-4647-91e8-e12830d0c00d', NULL, NULL, false, 'confirmed', '2026-05-01', '2026-05-01'),
	('aef81ccf-0cc7-4eb9-bedd-ba2ba8131e25', '6db47d6b-6e2e-4886-a262-520a91854f4c', '64de2c12-6e64-4fdd-9ec6-184c956dcb38', 'expense', 117000, 'LAK', 'Repas', 'Petit Dejeuner', '2026-03-09', '2026-03-09', true, false, false, '2026-03-09 02:58:07.956608+00', 'bffe4068-e6bc-482c-8f97-24d6b4f8808b', '2026-03-09 02:58:07.956608+00', NULL, true, NULL, false, 1, 'none', '2026-03-09 02:58:07.515+00', 'LAK', 'LAK', 'Petit-déjeuner', 'd6c3e70a-d31f-4647-91e8-e12830d0c00d', NULL, NULL, false, 'confirmed', '2026-03-09', '2026-03-09'),
	('e0faebab-46d2-4a74-bce4-011a8883c3a5', '6db47d6b-6e2e-4886-a262-520a91854f4c', '6999585d-9607-47f0-a565-37786bfb67d9', 'expense', 1000, 'THB', 'Caution', 'Caution arena', '2026-02-13', '2026-02-13', true, true, false, '2026-02-13 13:52:59.359823+00', 'bffe4068-e6bc-482c-8f97-24d6b4f8808b', '2026-02-14 00:12:58.377428+00', NULL, true, NULL, false, 1, 'none', '2026-02-25 15:51:09.813+00', 'THB', 'THB', 'Location véhicule', 'd6c3e70a-d31f-4647-91e8-e12830d0c00d', NULL, NULL, false, 'confirmed', '2026-02-13', '2026-02-13'),
	('c9d3dac5-e166-4b42-9309-a3bd72b2435c', '6db47d6b-6e2e-4886-a262-520a91854f4c', '6999585d-9607-47f0-a565-37786bfb67d9', 'expense', 245, 'THB', 'Course', '7-11', '2026-02-20', '2026-02-20', true, false, false, '2026-02-20 10:40:06.288768+00', 'bffe4068-e6bc-482c-8f97-24d6b4f8808b', '2026-02-20 10:40:06.288768+00', NULL, true, NULL, false, 1, 'none', '2026-02-25 15:51:14.081+00', 'THB', 'THB', 'Supermarché', 'd6c3e70a-d31f-4647-91e8-e12830d0c00d', NULL, NULL, false, 'confirmed', '2026-02-20', '2026-02-20'),
	('34771eb7-3df3-4132-b716-140562b36778', '6db47d6b-6e2e-4886-a262-520a91854f4c', '6999585d-9607-47f0-a565-37786bfb67d9', 'income', 5000, 'THB', 'Mouvement interne', 'Retrait', '2026-02-18', '2026-02-18', true, true, false, '2026-02-18 07:25:46.252944+00', 'bffe4068-e6bc-482c-8f97-24d6b4f8808b', '2026-02-19 09:07:52.304149+00', NULL, true, NULL, false, 1, 'none', '2026-02-25 15:51:13.761+00', 'THB', 'THB', 'Retrait', 'd6c3e70a-d31f-4647-91e8-e12830d0c00d', NULL, NULL, false, 'confirmed', '2026-02-18', '2026-02-18'),
	('de442cd7-1e9d-4c00-b941-79c18ceb4c94', '6db47d6b-6e2e-4886-a262-520a91854f4c', '6e21e00c-8e67-4878-a2d3-6bb3bb1c6ec5', 'income', 1430, 'EUR', 'Revenu', 'Chomage', '2026-03-03', '2026-03-03', true, false, false, '2026-02-23 06:54:20.153467+00', 'bffe4068-e6bc-482c-8f97-24d6b4f8808b', '2026-03-18 11:55:03.198+00', NULL, true, NULL, false, 36.573, 'ecb', '2026-02-25 15:51:28.352+00', 'THB', 'EUR', 'Chomage', 'd6c3e70a-d31f-4647-91e8-e12830d0c00d', NULL, NULL, false, 'confirmed', '2026-03-03', '2026-03-03'),
	('5191aa3c-ae18-4a80-80bf-74b97e1a35d2', '6db47d6b-6e2e-4886-a262-520a91854f4c', '6999585d-9607-47f0-a565-37786bfb67d9', 'expense', 567, 'THB', 'Transport', 'Taxi to Emm House', '2026-02-19', '2026-02-19', true, false, false, '2026-02-19 10:43:13.622518+00', 'bffe4068-e6bc-482c-8f97-24d6b4f8808b', '2026-02-19 13:44:06.216581+00', NULL, true, NULL, false, 1, 'none', '2026-02-25 15:51:11.458+00', 'THB', 'THB', 'Taxi / VTC', 'd6c3e70a-d31f-4647-91e8-e12830d0c00d', NULL, NULL, false, 'confirmed', '2026-02-19', '2026-02-19'),
	('3cdf8a4d-5e96-4154-a694-011091ab45f8', '6db47d6b-6e2e-4886-a262-520a91854f4c', '6999585d-9607-47f0-a565-37786bfb67d9', 'expense', 380, 'THB', 'Transport', 'Bus et boat pour bateau', '2026-02-13', '2026-02-13', true, false, false, '2026-02-13 06:46:30.69865+00', 'bffe4068-e6bc-482c-8f97-24d6b4f8808b', '2026-02-13 08:20:52.108926+00', NULL, true, NULL, false, 1, 'none', '2026-02-25 15:51:09.159+00', 'THB', 'THB', 'Bus local', 'd6c3e70a-d31f-4647-91e8-e12830d0c00d', NULL, NULL, false, 'confirmed', '2026-02-13', '2026-02-13'),
	('cbfff879-6d65-4d91-b55b-a51b02ba0917', '6db47d6b-6e2e-4886-a262-520a91854f4c', '6999585d-9607-47f0-a565-37786bfb67d9', 'expense', 100, 'THB', 'Laundry', 'Laundry', '2026-02-22', '2026-02-22', true, false, false, '2026-02-22 04:22:55.332773+00', 'bffe4068-e6bc-482c-8f97-24d6b4f8808b', '2026-03-14 11:09:10.066798+00', NULL, true, NULL, false, 1, 'none', '2026-02-25 15:51:16.701+00', 'THB', 'THB', NULL, 'd6c3e70a-d31f-4647-91e8-e12830d0c00d', NULL, NULL, false, 'confirmed', '2026-02-22', '2026-02-22'),
	('f7577ba1-70f8-45a1-ae04-c7b80ca5b22d', '6db47d6b-6e2e-4886-a262-520a91854f4c', '73d2ed75-3bd8-44fd-b907-17ecee6b2231', 'expense', 1000, 'JPY', 'Logement', '[Trip] Avance - Late checkoit', '2026-04-24', '2026-04-24', true, true, false, '2026-04-24 02:45:44.817676+00', 'bffe4068-e6bc-482c-8f97-24d6b4f8808b', '2026-04-24 02:45:44.817676+00', 'b9d01b4c-7947-4e77-b54e-27b64a9ad586', false, NULL, false, 1, 'none', '2026-04-24 02:45:43.67+00', 'JPY', 'JPY', 'Hôtel', 'd6c3e70a-d31f-4647-91e8-e12830d0c00d', NULL, NULL, false, 'confirmed', '2026-04-24', '2026-04-24'),
	('44b7fce4-1cbb-493e-b13b-a3f468576c3a', '6db47d6b-6e2e-4886-a262-520a91854f4c', '73d2ed75-3bd8-44fd-b907-17ecee6b2231', 'expense', 333.34, 'JPY', 'Logement', '[Trip] Late checkoit', '2026-04-24', '2026-04-24', false, false, false, '2026-04-24 02:45:48.114257+00', 'bffe4068-e6bc-482c-8f97-24d6b4f8808b', '2026-04-24 02:45:48.114257+00', NULL, true, NULL, true, 1, 'none', '2026-04-24 02:45:47.052+00', 'JPY', 'JPY', 'Hôtel', 'd6c3e70a-d31f-4647-91e8-e12830d0c00d', NULL, NULL, false, 'confirmed', '2026-04-24', '2026-04-24'),
	('aa413986-d76c-4504-b8ea-add763bd9276', '6db47d6b-6e2e-4886-a262-520a91854f4c', '770e54aa-eedf-469c-aa6e-923b82f0ae52', 'income', 1000, 'AUD', 'Revenu', 'PVT Australie', '2026-07-31', '2026-07-31', false, false, false, '2026-03-17 01:20:45.472094+00', 'bffe4068-e6bc-482c-8f97-24d6b4f8808b', '2026-04-18 02:21:15.475+00', NULL, true, NULL, false, NULL, NULL, '2026-03-17 01:20:45.472094+00', NULL, NULL, 'Salaire', 'd6c3e70a-d31f-4647-91e8-e12830d0c00d', '333e1e68-7ad5-45be-b1c7-24bcb8d45ad6', '2026-07-31', true, 'generated', '2026-07-31', '2026-07-31'),
	('de9e30a7-86e8-4ef1-9ec4-b675000d2191', '6db47d6b-6e2e-4886-a262-520a91854f4c', '770e54aa-eedf-469c-aa6e-923b82f0ae52', 'income', 1000, 'AUD', 'Revenu', 'PVT Australie', '2026-08-31', '2026-08-31', false, false, false, '2026-03-17 01:20:45.472094+00', 'bffe4068-e6bc-482c-8f97-24d6b4f8808b', '2026-04-18 02:21:15.475+00', NULL, true, NULL, false, NULL, NULL, '2026-03-17 01:20:45.472094+00', NULL, NULL, 'Salaire', 'd6c3e70a-d31f-4647-91e8-e12830d0c00d', '333e1e68-7ad5-45be-b1c7-24bcb8d45ad6', '2026-08-31', true, 'generated', '2026-08-31', '2026-08-31'),
	('7a1fa76b-37ec-48e7-9347-a33ae70b66b5', '6db47d6b-6e2e-4886-a262-520a91854f4c', '770e54aa-eedf-469c-aa6e-923b82f0ae52', 'income', 1000, 'AUD', 'Revenu', 'PVT Australie', '2026-09-30', '2026-09-30', false, false, false, '2026-03-17 01:20:45.472094+00', 'bffe4068-e6bc-482c-8f97-24d6b4f8808b', '2026-04-18 02:21:15.475+00', NULL, true, NULL, false, NULL, NULL, '2026-03-17 01:20:45.472094+00', NULL, NULL, 'Salaire', 'd6c3e70a-d31f-4647-91e8-e12830d0c00d', '333e1e68-7ad5-45be-b1c7-24bcb8d45ad6', '2026-09-30', true, 'generated', '2026-09-30', '2026-09-30'),
	('0e980d97-1f11-4af1-997e-bcb1370d4bc1', '6db47d6b-6e2e-4886-a262-520a91854f4c', '770e54aa-eedf-469c-aa6e-923b82f0ae52', 'income', 1000, 'AUD', 'Revenu', 'PVT Australie', '2026-10-31', '2026-10-31', false, false, false, '2026-03-17 01:20:45.472094+00', 'bffe4068-e6bc-482c-8f97-24d6b4f8808b', '2026-04-18 02:21:15.475+00', NULL, true, NULL, false, NULL, NULL, '2026-03-17 01:20:45.472094+00', NULL, NULL, 'Salaire', 'd6c3e70a-d31f-4647-91e8-e12830d0c00d', '333e1e68-7ad5-45be-b1c7-24bcb8d45ad6', '2026-10-31', true, 'generated', '2026-10-31', '2026-10-31'),
	('03b0f8a6-68a0-49ac-af43-604d6d090bb0', '6db47d6b-6e2e-4886-a262-520a91854f4c', '770e54aa-eedf-469c-aa6e-923b82f0ae52', 'income', 1000, 'AUD', 'Revenu', 'PVT Australie', '2026-08-23', '2026-08-23', false, false, false, '2026-04-18 02:21:16.641837+00', 'bffe4068-e6bc-482c-8f97-24d6b4f8808b', '2026-04-18 02:21:16.641837+00', NULL, true, NULL, false, NULL, NULL, '2026-04-18 02:21:16.641837+00', NULL, NULL, 'Salaire', 'd6c3e70a-d31f-4647-91e8-e12830d0c00d', '333e1e68-7ad5-45be-b1c7-24bcb8d45ad6', '2026-08-23', true, 'generated', '2026-08-23', '2026-08-23'),
	('68ac52d6-eaa6-4402-b29e-2ad5d72bd696', '6db47d6b-6e2e-4886-a262-520a91854f4c', '770e54aa-eedf-469c-aa6e-923b82f0ae52', 'income', 1000, 'AUD', 'Revenu', 'PVT Australie', '2026-08-30', '2026-08-30', false, false, false, '2026-04-18 02:21:16.641837+00', 'bffe4068-e6bc-482c-8f97-24d6b4f8808b', '2026-04-18 02:21:16.641837+00', NULL, true, NULL, false, NULL, NULL, '2026-04-18 02:21:16.641837+00', NULL, NULL, 'Salaire', 'd6c3e70a-d31f-4647-91e8-e12830d0c00d', '333e1e68-7ad5-45be-b1c7-24bcb8d45ad6', '2026-08-30', true, 'generated', '2026-08-30', '2026-08-30'),
	('f7c88089-039b-404d-9cdc-ff1a9f6416f9', '6db47d6b-6e2e-4886-a262-520a91854f4c', '770e54aa-eedf-469c-aa6e-923b82f0ae52', 'income', 1000, 'AUD', 'Revenu', 'PVT Australie', '2026-09-06', '2026-09-06', false, false, false, '2026-04-18 02:21:16.641837+00', 'bffe4068-e6bc-482c-8f97-24d6b4f8808b', '2026-04-18 02:21:16.641837+00', NULL, true, NULL, false, NULL, NULL, '2026-04-18 02:21:16.641837+00', NULL, NULL, 'Salaire', 'd6c3e70a-d31f-4647-91e8-e12830d0c00d', '333e1e68-7ad5-45be-b1c7-24bcb8d45ad6', '2026-09-06', true, 'generated', '2026-09-06', '2026-09-06'),
	('2195a4cb-f727-411c-82b7-43dd6bbabb53', '6db47d6b-6e2e-4886-a262-520a91854f4c', '73d2ed75-3bd8-44fd-b907-17ecee6b2231', 'expense', 6000, 'JPY', 'Repas', '[Trip] Avance - Indien', '2026-04-26', '2026-04-26', true, true, false, '2026-04-26 12:56:24.703815+00', 'bffe4068-e6bc-482c-8f97-24d6b4f8808b', '2026-04-26 12:56:24.703815+00', 'ae48a35a-4204-4e74-8dd3-1f3bfe0be4de', false, NULL, false, 1, 'none', '2026-04-26 12:56:22.399+00', 'JPY', 'JPY', 'Dîner', 'd6c3e70a-d31f-4647-91e8-e12830d0c00d', NULL, NULL, false, 'confirmed', '2026-04-26', '2026-04-26'),
	('77c58db1-0363-4cc3-a9c2-529d2ab566bb', '6db47d6b-6e2e-4886-a262-520a91854f4c', '73d2ed75-3bd8-44fd-b907-17ecee6b2231', 'expense', 180, 'JPY', 'Course', 'Milk', '2026-04-28', '2026-04-28', true, false, false, '2026-04-28 11:44:12.39771+00', 'bffe4068-e6bc-482c-8f97-24d6b4f8808b', '2026-04-28 11:44:12.39771+00', NULL, true, NULL, false, 1, 'none', '2026-04-28 11:44:10.811+00', 'JPY', 'JPY', 'Snacks', 'd6c3e70a-d31f-4647-91e8-e12830d0c00d', NULL, NULL, false, 'confirmed', '2026-04-28', '2026-04-28'),
	('12f3c7b6-d117-4d1a-8872-8d3c9cd5fe9b', '6db47d6b-6e2e-4886-a262-520a91854f4c', '770e54aa-eedf-469c-aa6e-923b82f0ae52', 'income', 1000, 'AUD', 'Revenu', 'PVT Australie', '2026-09-13', '2026-09-13', false, false, false, '2026-04-18 02:21:16.641837+00', 'bffe4068-e6bc-482c-8f97-24d6b4f8808b', '2026-04-18 02:21:16.641837+00', NULL, true, NULL, false, NULL, NULL, '2026-04-18 02:21:16.641837+00', NULL, NULL, 'Salaire', 'd6c3e70a-d31f-4647-91e8-e12830d0c00d', '333e1e68-7ad5-45be-b1c7-24bcb8d45ad6', '2026-09-13', true, 'generated', '2026-09-13', '2026-09-13'),
	('903a6a15-6aa7-4d60-8d26-a798bed41a13', '6db47d6b-6e2e-4886-a262-520a91854f4c', '770e54aa-eedf-469c-aa6e-923b82f0ae52', 'income', 1000, 'AUD', 'Revenu', 'PVT Australie', '2026-09-20', '2026-09-20', false, false, false, '2026-04-18 02:21:16.641837+00', 'bffe4068-e6bc-482c-8f97-24d6b4f8808b', '2026-04-18 02:21:16.641837+00', NULL, true, NULL, false, NULL, NULL, '2026-04-18 02:21:16.641837+00', NULL, NULL, 'Salaire', 'd6c3e70a-d31f-4647-91e8-e12830d0c00d', '333e1e68-7ad5-45be-b1c7-24bcb8d45ad6', '2026-09-20', true, 'generated', '2026-09-20', '2026-09-20'),
	('5c9a27bf-c9ab-4053-95b7-2044a7eefa53', '6db47d6b-6e2e-4886-a262-520a91854f4c', '770e54aa-eedf-469c-aa6e-923b82f0ae52', 'income', 1000, 'AUD', 'Revenu', 'PVT Australie', '2026-09-27', '2026-09-27', false, false, false, '2026-04-18 02:21:16.641837+00', 'bffe4068-e6bc-482c-8f97-24d6b4f8808b', '2026-04-18 02:21:16.641837+00', NULL, true, NULL, false, NULL, NULL, '2026-04-18 02:21:16.641837+00', NULL, NULL, 'Salaire', 'd6c3e70a-d31f-4647-91e8-e12830d0c00d', '333e1e68-7ad5-45be-b1c7-24bcb8d45ad6', '2026-09-27', true, 'generated', '2026-09-27', '2026-09-27'),
	('113be34c-13b6-4049-92a6-a69aac3b3d0f', '6db47d6b-6e2e-4886-a262-520a91854f4c', '73d2ed75-3bd8-44fd-b907-17ecee6b2231', 'expense', 1080, 'JPY', 'Repas', 'Ramen', '2026-05-03', '2026-05-03', true, false, false, '2026-05-03 05:35:22.121367+00', 'bffe4068-e6bc-482c-8f97-24d6b4f8808b', '2026-05-03 05:35:22.121367+00', NULL, true, NULL, false, 1, 'none', '2026-05-03 05:35:21.059+00', 'JPY', 'JPY', 'Déjeuner', 'd6c3e70a-d31f-4647-91e8-e12830d0c00d', NULL, NULL, false, 'confirmed', '2026-05-03', '2026-05-03'),
	('c921a33e-7f94-4294-b2bb-ec474b57c38c', '6db47d6b-6e2e-4886-a262-520a91854f4c', '4e2f798d-caa6-4134-9da1-57097cc07265', 'income', 700, 'EUR', 'Mouvement interne', 'Mouvement interne', '2026-04-10', '2026-04-10', true, true, false, '2026-04-10 01:48:16.342374+00', 'bffe4068-e6bc-482c-8f97-24d6b4f8808b', '2026-04-10 01:48:16.342374+00', NULL, false, NULL, false, 185.7, 'fx', '2026-04-10 01:48:14.897+00', 'JPY', 'EUR', 'Virement', 'd6c3e70a-d31f-4647-91e8-e12830d0c00d', NULL, NULL, false, 'confirmed', '2026-04-10', '2026-04-10'),
	('c0f7e124-a713-4310-9c9e-7c308d2eee21', '8516d948-4970-453a-912e-e984afabddb9', 'a17904a9-f468-4999-a181-888ecbcda5d3', 'expense', 500, 'EUR', 'Repas', 'Repas', '2026-04-10', '2026-04-10', true, false, false, '2026-04-11 01:46:16.630938+00', '62840f74-3128-48c7-b431-2172f608246a', '2026-04-11 01:46:16.630938+00', NULL, true, NULL, false, 1.6561, 'fx', '2026-04-11 01:46:16.103+00', 'AUD', 'EUR', 'Snack', '81343a04-99a2-4a55-9cc7-0a4dded6971e', NULL, NULL, false, 'confirmed', '2026-04-11', '2026-04-16'),
	('207c49ea-e1b9-4357-9438-cfff62f2f7b2', '6db47d6b-6e2e-4886-a262-520a91854f4c', '4e2f798d-caa6-4134-9da1-57097cc07265', 'expense', 89.11, 'EUR', 'Mouvement interne', 'Retrait 3000 bat', '2026-03-02', '2026-03-02', true, true, false, '2026-03-02 05:10:08.382154+00', 'bffe4068-e6bc-482c-8f97-24d6b4f8808b', '2026-03-02 05:10:08.382154+00', NULL, true, NULL, false, 36.696, 'fx', '2026-03-02 05:10:07.651+00', 'THB', 'EUR', 'Retrait', 'd6c3e70a-d31f-4647-91e8-e12830d0c00d', NULL, NULL, false, 'confirmed', '2026-03-02', '2026-03-02'),
	('4db4cf91-615b-43bb-9851-596960e64764', '6db47d6b-6e2e-4886-a262-520a91854f4c', '770e54aa-eedf-469c-aa6e-923b82f0ae52', 'income', 1000, 'AUD', 'Revenu', 'PVT Australie', '2026-10-04', '2026-10-04', false, false, false, '2026-04-18 02:21:16.641837+00', 'bffe4068-e6bc-482c-8f97-24d6b4f8808b', '2026-04-18 02:21:16.641837+00', NULL, true, NULL, false, NULL, NULL, '2026-04-18 02:21:16.641837+00', NULL, NULL, 'Salaire', 'd6c3e70a-d31f-4647-91e8-e12830d0c00d', '333e1e68-7ad5-45be-b1c7-24bcb8d45ad6', '2026-10-04', true, 'generated', '2026-10-04', '2026-10-04'),
	('1cd1f5a9-a00e-4efa-91e3-7bbb79ebee1f', '6db47d6b-6e2e-4886-a262-520a91854f4c', '770e54aa-eedf-469c-aa6e-923b82f0ae52', 'income', 1000, 'AUD', 'Revenu', 'PVT Australie', '2026-10-11', '2026-10-11', false, false, false, '2026-04-18 02:21:16.641837+00', 'bffe4068-e6bc-482c-8f97-24d6b4f8808b', '2026-04-18 02:21:16.641837+00', NULL, true, NULL, false, NULL, NULL, '2026-04-18 02:21:16.641837+00', NULL, NULL, 'Salaire', 'd6c3e70a-d31f-4647-91e8-e12830d0c00d', '333e1e68-7ad5-45be-b1c7-24bcb8d45ad6', '2026-10-11', true, 'generated', '2026-10-11', '2026-10-11'),
	('23e80552-6c61-4a60-8cd6-37f3bbd185ed', '6db47d6b-6e2e-4886-a262-520a91854f4c', '770e54aa-eedf-469c-aa6e-923b82f0ae52', 'income', 1000, 'AUD', 'Revenu', 'PVT Australie', '2026-10-18', '2026-10-18', false, false, false, '2026-04-18 02:21:16.641837+00', 'bffe4068-e6bc-482c-8f97-24d6b4f8808b', '2026-04-18 02:21:16.641837+00', NULL, true, NULL, false, NULL, NULL, '2026-04-18 02:21:16.641837+00', NULL, NULL, 'Salaire', 'd6c3e70a-d31f-4647-91e8-e12830d0c00d', '333e1e68-7ad5-45be-b1c7-24bcb8d45ad6', '2026-10-18', true, 'generated', '2026-10-18', '2026-10-18'),
	('4c58ca13-2681-4538-8644-6bfd9f46b061', '6db47d6b-6e2e-4886-a262-520a91854f4c', '770e54aa-eedf-469c-aa6e-923b82f0ae52', 'income', 1000, 'AUD', 'Revenu', 'PVT Australie', '2026-10-25', '2026-10-25', false, false, false, '2026-04-18 02:21:16.641837+00', 'bffe4068-e6bc-482c-8f97-24d6b4f8808b', '2026-04-18 02:21:16.641837+00', NULL, true, NULL, false, NULL, NULL, '2026-04-18 02:21:16.641837+00', NULL, NULL, 'Salaire', 'd6c3e70a-d31f-4647-91e8-e12830d0c00d', '333e1e68-7ad5-45be-b1c7-24bcb8d45ad6', '2026-10-25', true, 'generated', '2026-10-25', '2026-10-25'),
	('744a9227-e1c2-4365-8474-6a445601a8ab', '6db47d6b-6e2e-4886-a262-520a91854f4c', '770e54aa-eedf-469c-aa6e-923b82f0ae52', 'income', 1000, 'AUD', 'Revenu', 'PVT Australie', '2026-11-01', '2026-11-01', false, false, false, '2026-04-18 02:21:16.641837+00', 'bffe4068-e6bc-482c-8f97-24d6b4f8808b', '2026-04-18 02:21:16.641837+00', NULL, true, NULL, false, NULL, NULL, '2026-04-18 02:21:16.641837+00', NULL, NULL, 'Salaire', 'd6c3e70a-d31f-4647-91e8-e12830d0c00d', '333e1e68-7ad5-45be-b1c7-24bcb8d45ad6', '2026-11-01', true, 'generated', '2026-11-01', '2026-11-01'),
	('8c36f570-e9f2-42e7-9a04-588659f2e1ea', '6db47d6b-6e2e-4886-a262-520a91854f4c', '770e54aa-eedf-469c-aa6e-923b82f0ae52', 'income', 1000, 'AUD', 'Revenu', 'PVT Australie', '2026-11-08', '2026-11-08', false, false, false, '2026-04-18 02:21:16.641837+00', 'bffe4068-e6bc-482c-8f97-24d6b4f8808b', '2026-04-18 02:21:16.641837+00', NULL, true, NULL, false, NULL, NULL, '2026-04-18 02:21:16.641837+00', NULL, NULL, 'Salaire', 'd6c3e70a-d31f-4647-91e8-e12830d0c00d', '333e1e68-7ad5-45be-b1c7-24bcb8d45ad6', '2026-11-08', true, 'generated', '2026-11-08', '2026-11-08'),
	('44999505-fa5c-4973-9d30-96fb1e78f240', '6db47d6b-6e2e-4886-a262-520a91854f4c', '770e54aa-eedf-469c-aa6e-923b82f0ae52', 'income', 1000, 'AUD', 'Revenu', 'PVT Australie', '2026-11-15', '2026-11-15', false, false, false, '2026-04-18 02:21:16.641837+00', 'bffe4068-e6bc-482c-8f97-24d6b4f8808b', '2026-04-18 02:21:16.641837+00', NULL, true, NULL, false, NULL, NULL, '2026-04-18 02:21:16.641837+00', NULL, NULL, 'Salaire', 'd6c3e70a-d31f-4647-91e8-e12830d0c00d', '333e1e68-7ad5-45be-b1c7-24bcb8d45ad6', '2026-11-15', true, 'generated', '2026-11-15', '2026-11-15'),
	('1a7bd2a1-105c-4190-be98-360206c0b8c9', '6db47d6b-6e2e-4886-a262-520a91854f4c', '770e54aa-eedf-469c-aa6e-923b82f0ae52', 'income', 1000, 'AUD', 'Revenu', 'PVT Australie', '2026-11-22', '2026-11-22', false, false, false, '2026-04-18 02:21:16.641837+00', 'bffe4068-e6bc-482c-8f97-24d6b4f8808b', '2026-04-18 02:21:16.641837+00', NULL, true, NULL, false, NULL, NULL, '2026-04-18 02:21:16.641837+00', NULL, NULL, 'Salaire', 'd6c3e70a-d31f-4647-91e8-e12830d0c00d', '333e1e68-7ad5-45be-b1c7-24bcb8d45ad6', '2026-11-22', true, 'generated', '2026-11-22', '2026-11-22'),
	('fa1d0072-2177-4174-be64-b67c7ac1acf3', '6db47d6b-6e2e-4886-a262-520a91854f4c', '73d2ed75-3bd8-44fd-b907-17ecee6b2231', 'expense', 1000, 'JPY', 'Cadeau', '[Trip] Cadeau parent Aya', '2026-04-02', '2026-04-02', false, false, false, '2026-04-02 07:05:08.105306+00', 'bffe4068-e6bc-482c-8f97-24d6b4f8808b', '2026-04-02 07:05:08.105306+00', NULL, true, NULL, true, 1, 'none', '2026-04-02 07:05:07.583+00', 'JPY', 'JPY', 'Cadeau', 'd6c3e70a-d31f-4647-91e8-e12830d0c00d', NULL, NULL, false, 'confirmed', '2026-04-02', '2026-04-02'),
	('27cbb714-5fc2-47e8-b202-cef4cce48149', '6db47d6b-6e2e-4886-a262-520a91854f4c', '73d2ed75-3bd8-44fd-b907-17ecee6b2231', 'expense', 900, 'JPY', 'Transport', '[Trip] Parking', '2026-04-14', '2026-04-14', false, false, false, '2026-04-14 08:46:50.036288+00', 'bffe4068-e6bc-482c-8f97-24d6b4f8808b', '2026-04-14 08:46:50.036288+00', NULL, true, NULL, true, 1, 'none', '2026-04-14 08:46:48.737+00', 'JPY', 'JPY', 'Parking', 'd6c3e70a-d31f-4647-91e8-e12830d0c00d', NULL, NULL, false, 'confirmed', '2026-04-14', '2026-04-14'),
	('669dc66a-dc20-4bf9-b5ae-b857e87c26e7', '6db47d6b-6e2e-4886-a262-520a91854f4c', '73d2ed75-3bd8-44fd-b907-17ecee6b2231', 'expense', 3150, 'JPY', 'Sorties', '[Trip] Baseball', '2026-04-02', '2026-04-02', false, false, false, '2026-04-02 07:04:41.909947+00', 'bffe4068-e6bc-482c-8f97-24d6b4f8808b', '2026-04-02 07:04:41.909947+00', NULL, true, NULL, true, 1, 'none', '2026-04-02 07:04:41.403+00', 'JPY', 'JPY', 'Événement', 'd6c3e70a-d31f-4647-91e8-e12830d0c00d', NULL, NULL, false, 'confirmed', '2026-04-02', '2026-04-02'),
	('82643382-1b31-44c4-9f48-6e624f2256e5', '6db47d6b-6e2e-4886-a262-520a91854f4c', '73d2ed75-3bd8-44fd-b907-17ecee6b2231', 'expense', 2800, 'JPY', 'Sorties', '[Trip] Gym', '2026-04-15', '2026-04-15', false, false, false, '2026-04-15 13:43:21.032236+00', 'bffe4068-e6bc-482c-8f97-24d6b4f8808b', '2026-04-15 13:43:21.032236+00', NULL, true, NULL, true, 1, 'none', '2026-04-15 13:43:20.188+00', 'JPY', 'JPY', 'Sportive', 'd6c3e70a-d31f-4647-91e8-e12830d0c00d', NULL, NULL, false, 'confirmed', '2026-04-15', '2026-04-15'),
	('9eb72a32-dee4-44d9-b482-895871d8fc38', '6db47d6b-6e2e-4886-a262-520a91854f4c', '64de2c12-6e64-4fdd-9ec6-184c956dcb38', 'expense', 20000, 'LAK', 'Transport', 'Tuktuk', '2026-03-06', '2026-03-06', true, false, false, '2026-03-06 03:30:36.087887+00', 'bffe4068-e6bc-482c-8f97-24d6b4f8808b', '2026-03-06 03:30:36.087887+00', NULL, true, NULL, false, 1, 'none', '2026-03-06 03:30:35.082+00', 'LAK', 'LAK', 'Taxi / VTC', 'd6c3e70a-d31f-4647-91e8-e12830d0c00d', NULL, NULL, false, 'confirmed', '2026-03-06', '2026-03-06'),
	('f75d82e7-69e4-40b2-a4b6-641e8c34e5de', '6db47d6b-6e2e-4886-a262-520a91854f4c', '73d2ed75-3bd8-44fd-b907-17ecee6b2231', 'expense', 1660, 'JPY', 'Repas', 'Repas', '2026-04-05', '2026-04-05', true, false, false, '2026-04-05 07:43:47.783396+00', 'bffe4068-e6bc-482c-8f97-24d6b4f8808b', '2026-04-05 07:43:47.783396+00', NULL, true, NULL, false, 1, 'none', '2026-04-05 07:43:45.866+00', 'JPY', 'JPY', 'Snack', 'd6c3e70a-d31f-4647-91e8-e12830d0c00d', NULL, NULL, false, 'confirmed', '2026-04-05', '2026-04-05'),
	('7e1acb85-38b2-43dc-a02d-e776e8f8c026', '6db47d6b-6e2e-4886-a262-520a91854f4c', '73d2ed75-3bd8-44fd-b907-17ecee6b2231', 'expense', 2750, 'JPY', 'Logement', 'Logement', '2026-04-07', '2026-04-07', true, false, false, '2026-04-08 02:14:49.394019+00', 'bffe4068-e6bc-482c-8f97-24d6b4f8808b', '2026-04-08 02:14:49.394019+00', NULL, true, NULL, false, 1, 'none', '2026-04-08 02:14:47.625+00', 'JPY', 'JPY', 'Auberge', 'd6c3e70a-d31f-4647-91e8-e12830d0c00d', NULL, NULL, false, 'confirmed', '2026-04-07', '2026-04-07'),
	('ee4d60c3-db6d-45d0-84ed-f280d592dce2', '6db47d6b-6e2e-4886-a262-520a91854f4c', '6e21e00c-8e67-4878-a2d3-6bb3bb1c6ec5', 'expense', 700, 'EUR', 'Mouvement interne', 'Mouvement interne', '2026-04-10', '2026-04-10', true, true, false, '2026-04-10 01:48:26.361601+00', 'bffe4068-e6bc-482c-8f97-24d6b4f8808b', '2026-04-10 01:54:32.868+00', NULL, true, NULL, false, 185.7, 'fx', '2026-04-10 01:48:25.553+00', 'JPY', 'EUR', 'Virement', 'd6c3e70a-d31f-4647-91e8-e12830d0c00d', NULL, NULL, false, 'confirmed', '2026-04-10', '2026-04-10'),
	('f00bdcc3-7f81-46ed-a1bd-13ad6f03e0bb', '8516d948-4970-453a-912e-e984afabddb9', '113a9886-c1a3-4afe-9181-e382a5b0dfc9', 'expense', 1500, 'THB', 'Repas', 'Repas', '2026-04-12', '2026-04-12', true, false, false, '2026-04-11 01:48:22.946456+00', '62840f74-3128-48c7-b431-2172f608246a', '2026-04-11 01:48:22.946456+00', NULL, true, NULL, false, 0.04405458608214514, 'fx', '2026-04-11 01:48:22.248+00', 'AUD', 'THB', NULL, '81343a04-99a2-4a55-9cc7-0a4dded6971e', NULL, NULL, false, 'confirmed', '2026-04-11', '2026-04-11'),
	('9e63c561-042b-467f-93d7-196c4949109c', '8516d948-4970-453a-912e-e984afabddb9', '113a9886-c1a3-4afe-9181-e382a5b0dfc9', 'expense', 1500, 'THB', 'Repas', 'Repas', '2026-04-12', '2026-04-12', true, false, false, '2026-04-11 01:48:47.252732+00', '62840f74-3128-48c7-b431-2172f608246a', '2026-04-11 01:49:05.944047+00', NULL, true, NULL, false, 0.04405458608214514, 'fx', '2026-04-11 01:48:47.072+00', 'AUD', 'THB', NULL, '81343a04-99a2-4a55-9cc7-0a4dded6971e', NULL, NULL, false, 'confirmed', '2026-04-11', '2026-04-11'),
	('fbc0100d-b299-43e2-a646-3d90a6759b18', '6db47d6b-6e2e-4886-a262-520a91854f4c', '770e54aa-eedf-469c-aa6e-923b82f0ae52', 'income', 1000, 'AUD', 'Revenu', 'PVT Australie', '2026-11-29', '2026-11-29', false, false, false, '2026-04-18 02:21:16.641837+00', 'bffe4068-e6bc-482c-8f97-24d6b4f8808b', '2026-04-18 02:21:16.641837+00', NULL, true, NULL, false, NULL, NULL, '2026-04-18 02:21:16.641837+00', NULL, NULL, 'Salaire', 'd6c3e70a-d31f-4647-91e8-e12830d0c00d', '333e1e68-7ad5-45be-b1c7-24bcb8d45ad6', '2026-11-29', true, 'generated', '2026-11-29', '2026-11-29'),
	('6dec6f3c-2a7a-48b7-a0ac-6dfe9700724f', '6db47d6b-6e2e-4886-a262-520a91854f4c', '770e54aa-eedf-469c-aa6e-923b82f0ae52', 'income', 1000, 'AUD', 'Revenu', 'PVT Australie', '2026-12-06', '2026-12-06', false, false, false, '2026-04-18 02:21:16.641837+00', 'bffe4068-e6bc-482c-8f97-24d6b4f8808b', '2026-04-18 02:21:16.641837+00', NULL, true, NULL, false, NULL, NULL, '2026-04-18 02:21:16.641837+00', NULL, NULL, 'Salaire', 'd6c3e70a-d31f-4647-91e8-e12830d0c00d', '333e1e68-7ad5-45be-b1c7-24bcb8d45ad6', '2026-12-06', true, 'generated', '2026-12-06', '2026-12-06'),
	('ffa15c68-f410-448d-8ec3-7c31eab900c7', '6db47d6b-6e2e-4886-a262-520a91854f4c', '770e54aa-eedf-469c-aa6e-923b82f0ae52', 'income', 1000, 'AUD', 'Revenu', 'PVT Australie', '2026-12-13', '2026-12-13', false, false, false, '2026-04-18 02:21:16.641837+00', 'bffe4068-e6bc-482c-8f97-24d6b4f8808b', '2026-04-18 02:21:16.641837+00', NULL, true, NULL, false, NULL, NULL, '2026-04-18 02:21:16.641837+00', NULL, NULL, 'Salaire', 'd6c3e70a-d31f-4647-91e8-e12830d0c00d', '333e1e68-7ad5-45be-b1c7-24bcb8d45ad6', '2026-12-13', true, 'generated', '2026-12-13', '2026-12-13'),
	('70f1783c-6902-47d3-80f8-e3426506d94f', '6db47d6b-6e2e-4886-a262-520a91854f4c', '770e54aa-eedf-469c-aa6e-923b82f0ae52', 'income', 1000, 'AUD', 'Revenu', 'PVT Australie', '2026-12-20', '2026-12-20', false, false, false, '2026-04-18 02:21:16.641837+00', 'bffe4068-e6bc-482c-8f97-24d6b4f8808b', '2026-04-18 02:21:16.641837+00', NULL, true, NULL, false, NULL, NULL, '2026-04-18 02:21:16.641837+00', NULL, NULL, 'Salaire', 'd6c3e70a-d31f-4647-91e8-e12830d0c00d', '333e1e68-7ad5-45be-b1c7-24bcb8d45ad6', '2026-12-20', true, 'generated', '2026-12-20', '2026-12-20'),
	('21ae9921-f0b5-4741-874a-f4c85cce546f', '6db47d6b-6e2e-4886-a262-520a91854f4c', '73d2ed75-3bd8-44fd-b907-17ecee6b2231', 'expense', 2000, 'JPY', 'Sorties', '[Trip] Entree boite', '2026-04-23', '2026-04-23', false, false, false, '2026-04-24 02:46:48.597903+00', 'bffe4068-e6bc-482c-8f97-24d6b4f8808b', '2026-04-24 02:46:48.597903+00', NULL, true, NULL, true, 1, 'none', '2026-04-24 02:46:47.549+00', 'JPY', 'JPY', 'Fête', 'd6c3e70a-d31f-4647-91e8-e12830d0c00d', NULL, NULL, false, 'confirmed', '2026-04-23', '2026-04-23'),
	('9a91c0e6-0939-4fa5-9bca-6ff9fe4be39f', '6db47d6b-6e2e-4886-a262-520a91854f4c', '73d2ed75-3bd8-44fd-b907-17ecee6b2231', 'expense', 300, 'JPY', 'Sorties', '[Trip] Bière', '2026-04-20', '2026-04-20', false, false, false, '2026-04-20 12:38:52.807757+00', 'bffe4068-e6bc-482c-8f97-24d6b4f8808b', '2026-04-20 12:38:52.807757+00', NULL, true, NULL, true, 1, 'none', '2026-04-20 12:38:52.236+00', 'JPY', 'JPY', 'Fête', 'd6c3e70a-d31f-4647-91e8-e12830d0c00d', NULL, NULL, false, 'confirmed', '2026-04-20', '2026-04-20'),
	('bcc25407-8e41-4757-943f-217208744a07', '6db47d6b-6e2e-4886-a262-520a91854f4c', '73d2ed75-3bd8-44fd-b907-17ecee6b2231', 'expense', 1614, 'JPY', 'Autre', '[Trip] Avance - Materiel peche', '2026-04-16', '2026-04-16', true, true, false, '2026-04-22 15:40:55.90956+00', 'bffe4068-e6bc-482c-8f97-24d6b4f8808b', '2026-04-22 15:40:55.90956+00', '4bc07a0e-c772-4943-b08f-46b40b929d30', false, NULL, false, 1, 'none', '2026-04-22 15:40:55.401+00', 'JPY', 'JPY', 'Divers', 'd6c3e70a-d31f-4647-91e8-e12830d0c00d', NULL, NULL, false, 'confirmed', '2026-04-16', '2026-04-16'),
	('4825dfeb-ea0d-43f5-be5f-da944178464d', '6db47d6b-6e2e-4886-a262-520a91854f4c', '73d2ed75-3bd8-44fd-b907-17ecee6b2231', 'expense', 3000, 'JPY', 'Repas', '[Trip] Indien', '2026-04-26', '2026-04-26', false, false, false, '2026-04-26 12:56:27.13058+00', 'bffe4068-e6bc-482c-8f97-24d6b4f8808b', '2026-04-26 12:56:27.13058+00', NULL, true, NULL, true, 1, 'none', '2026-04-26 12:56:24.838+00', 'JPY', 'JPY', 'Dîner', 'd6c3e70a-d31f-4647-91e8-e12830d0c00d', NULL, NULL, false, 'confirmed', '2026-04-26', '2026-04-26'),
	('cf244a7f-64b7-4ac4-afd2-8e482d09e9e7', '6db47d6b-6e2e-4886-a262-520a91854f4c', '73d2ed75-3bd8-44fd-b907-17ecee6b2231', 'expense', 1337, 'JPY', 'Autre', '[Trip] Avance - Materiel peche', '2026-04-13', '2026-04-13', true, true, false, '2026-04-22 15:42:49.332475+00', 'bffe4068-e6bc-482c-8f97-24d6b4f8808b', '2026-04-22 15:42:49.332475+00', '390b3661-8341-4f8c-9061-f6dbc77fc400', false, NULL, false, 1, 'none', '2026-04-22 15:42:49.096+00', 'JPY', 'JPY', 'Divers', 'd6c3e70a-d31f-4647-91e8-e12830d0c00d', NULL, NULL, false, 'confirmed', '2026-04-13', '2026-04-13'),
	('c1be4865-fcbf-4eb1-8a5e-85ee1fe9ae8a', '6db47d6b-6e2e-4886-a262-520a91854f4c', '73d2ed75-3bd8-44fd-b907-17ecee6b2231', 'expense', 1830, 'JPY', 'Repas', '[Trip] Ramen', '2026-04-15', '2026-04-15', false, false, false, '2026-04-15 13:44:59.553704+00', 'bffe4068-e6bc-482c-8f97-24d6b4f8808b', '2026-04-15 13:44:59.553704+00', NULL, true, NULL, true, 1, 'none', '2026-04-15 13:44:58.796+00', 'JPY', 'JPY', 'Déjeuner', 'd6c3e70a-d31f-4647-91e8-e12830d0c00d', NULL, NULL, false, 'confirmed', '2026-04-15', '2026-04-15'),
	('2e3f0c3f-3dd4-4982-b15f-09fb800eb955', '6db47d6b-6e2e-4886-a262-520a91854f4c', '73d2ed75-3bd8-44fd-b907-17ecee6b2231', 'expense', 2200, 'JPY', 'Repas', '[Trip] Déjeuner', '2026-04-14', '2026-04-14', false, false, false, '2026-04-14 08:47:40.1788+00', 'bffe4068-e6bc-482c-8f97-24d6b4f8808b', '2026-04-14 08:47:40.1788+00', NULL, true, NULL, true, 1, 'none', '2026-04-14 08:47:39.281+00', 'JPY', 'JPY', 'Déjeuner', 'd6c3e70a-d31f-4647-91e8-e12830d0c00d', NULL, NULL, false, 'confirmed', '2026-04-14', '2026-04-14'),
	('deb35a33-36c4-46e5-b281-5d3eb997e594', '6db47d6b-6e2e-4886-a262-520a91854f4c', '73d2ed75-3bd8-44fd-b907-17ecee6b2231', 'expense', 2100, 'JPY', 'Sorties', '[Trip] Avance - Onsen', '2026-04-19', '2026-04-19', true, true, false, '2026-04-19 02:50:02.077876+00', 'bffe4068-e6bc-482c-8f97-24d6b4f8808b', '2026-04-19 02:50:02.077876+00', '2d2d4a1d-7d08-471c-96c9-7ff55c992365', false, NULL, false, 1, 'none', '2026-04-19 02:50:01.347+00', 'JPY', 'JPY', 'Culturel', 'd6c3e70a-d31f-4647-91e8-e12830d0c00d', NULL, NULL, false, 'confirmed', '2026-04-19', '2026-04-19'),
	('54998d6c-0492-4476-80d2-dc171920d663', '6db47d6b-6e2e-4886-a262-520a91854f4c', '73d2ed75-3bd8-44fd-b907-17ecee6b2231', 'expense', 3833.34, 'JPY', 'Logement', '[Trip] Camping de Pute', '2026-04-11', '2026-04-11', false, false, false, '2026-04-12 03:52:40.385831+00', 'bffe4068-e6bc-482c-8f97-24d6b4f8808b', '2026-04-12 03:52:40.385831+00', NULL, true, NULL, true, 1, 'none', '2026-04-12 03:52:39.377+00', 'JPY', 'JPY', 'Camping', 'd6c3e70a-d31f-4647-91e8-e12830d0c00d', NULL, NULL, false, 'confirmed', '2026-04-11', '2026-04-11'),
	('07967bf7-cc99-426a-b671-a51d7ff13972', '6db47d6b-6e2e-4886-a262-520a91854f4c', '73d2ed75-3bd8-44fd-b907-17ecee6b2231', 'expense', 900, 'JPY', 'Sorties', '[Trip] Avance - Bière', '2026-04-20', '2026-04-20', true, true, false, '2026-04-20 12:38:47.822033+00', 'bffe4068-e6bc-482c-8f97-24d6b4f8808b', '2026-04-20 12:38:47.822033+00', 'b861eda9-c883-4144-8baa-968737238b2d', false, NULL, false, 1, 'none', '2026-04-20 12:38:47.251+00', 'JPY', 'JPY', 'Fête', 'd6c3e70a-d31f-4647-91e8-e12830d0c00d', NULL, NULL, false, 'confirmed', '2026-04-20', '2026-04-20'),
	('69951496-537e-4fa5-b3a5-6a762b4fa9cc', '6db47d6b-6e2e-4886-a262-520a91854f4c', '73d2ed75-3bd8-44fd-b907-17ecee6b2231', 'expense', 150, 'JPY', 'Laundry', '[Trip] Laundry', '2026-04-28', '2026-04-28', false, false, false, '2026-04-28 11:44:52.078889+00', 'bffe4068-e6bc-482c-8f97-24d6b4f8808b', '2026-04-28 11:44:52.078889+00', NULL, true, NULL, true, 1, 'none', '2026-04-28 11:44:51.691+00', 'JPY', 'JPY', NULL, 'd6c3e70a-d31f-4647-91e8-e12830d0c00d', NULL, NULL, false, 'confirmed', '2026-04-28', '2026-04-28'),
	('560b7b70-5125-42af-9c2f-57a92b66957a', '6db47d6b-6e2e-4886-a262-520a91854f4c', '73d2ed75-3bd8-44fd-b907-17ecee6b2231', 'expense', 1870, 'JPY', 'Repas', '[Trip] Avance - Maman', '2026-04-30', '2026-04-30', true, true, false, '2026-04-30 05:25:09.302954+00', 'bffe4068-e6bc-482c-8f97-24d6b4f8808b', '2026-04-30 05:25:09.302954+00', 'd98afd12-a4e3-4720-b1ae-87e171089704', false, NULL, false, 1, 'none', '2026-04-30 05:25:07.957+00', 'JPY', 'JPY', 'Déjeuner', 'd6c3e70a-d31f-4647-91e8-e12830d0c00d', NULL, NULL, false, 'confirmed', '2026-04-30', '2026-04-30'),
	('766868bc-892d-4326-b012-8f766e376fd0', '6db47d6b-6e2e-4886-a262-520a91854f4c', '4e2f798d-caa6-4134-9da1-57097cc07265', 'expense', 7.65, 'EUR', 'Sorties', '[Trip] Avance - Bar', '2026-05-01', '2026-05-01', true, true, false, '2026-05-02 00:24:55.749004+00', 'bffe4068-e6bc-482c-8f97-24d6b4f8808b', '2026-05-02 00:24:55.749004+00', 'c2f33fb4-7b39-4148-bd80-080be2b7a796', false, NULL, false, 183.21, 'fx', '2026-05-02 00:24:55.376+00', 'JPY', 'EUR', 'Fête', 'd6c3e70a-d31f-4647-91e8-e12830d0c00d', NULL, NULL, false, 'confirmed', '2026-05-01', '2026-05-01'),
	('ef210324-16a8-4d2a-afee-c9cc067e31e7', '6db47d6b-6e2e-4886-a262-520a91854f4c', '73d2ed75-3bd8-44fd-b907-17ecee6b2231', 'expense', 440, 'JPY', 'Sorties', 'Chaussure escalade', '2026-05-03', '2026-05-03', true, false, false, '2026-05-03 09:55:52.024588+00', 'bffe4068-e6bc-482c-8f97-24d6b4f8808b', '2026-05-03 09:55:52.024588+00', NULL, true, NULL, false, 1, 'none', '2026-05-03 09:55:50.78+00', 'JPY', 'JPY', 'Sportive', 'd6c3e70a-d31f-4647-91e8-e12830d0c00d', NULL, NULL, false, 'confirmed', '2026-05-03', '2026-05-03'),
	('e61cdbea-9726-4c90-9fde-62ea2e760ed9', '6db47d6b-6e2e-4886-a262-520a91854f4c', '73d2ed75-3bd8-44fd-b907-17ecee6b2231', 'expense', 424, 'JPY', 'Repas', '7/11', '2026-05-06', '2026-05-06', true, false, false, '2026-05-06 02:59:21.29287+00', 'bffe4068-e6bc-482c-8f97-24d6b4f8808b', '2026-05-06 02:59:21.29287+00', NULL, true, NULL, false, 1, 'none', '2026-05-06 02:59:20.388+00', 'JPY', 'JPY', 'Petit-déjeuner', 'd6c3e70a-d31f-4647-91e8-e12830d0c00d', NULL, NULL, false, 'confirmed', '2026-05-06', '2026-05-06'),
	('0d75991f-9ca5-4608-add7-7f7b2b015f46', '6db47d6b-6e2e-4886-a262-520a91854f4c', '73d2ed75-3bd8-44fd-b907-17ecee6b2231', 'expense', 1333.33, 'JPY', 'Transport', '[Trip] Essence', '2026-04-07', '2026-04-07', false, false, false, '2026-05-06 04:00:42.702259+00', 'bffe4068-e6bc-482c-8f97-24d6b4f8808b', '2026-05-06 04:00:42.702259+00', NULL, true, NULL, true, 1, 'none', '2026-05-06 04:00:41.805+00', 'JPY', 'JPY', 'Essence', 'd6c3e70a-d31f-4647-91e8-e12830d0c00d', NULL, NULL, false, 'confirmed', '2026-04-07', '2026-04-07'),
	('a7dfab26-284c-4f34-b55b-b2fa7291e98c', '6db47d6b-6e2e-4886-a262-520a91854f4c', '73d2ed75-3bd8-44fd-b907-17ecee6b2231', 'expense', 2333.33, 'JPY', 'Transport', '[Trip] Essence', '2026-04-03', '2026-04-03', false, false, false, '2026-05-06 04:00:56.850002+00', 'bffe4068-e6bc-482c-8f97-24d6b4f8808b', '2026-05-06 04:00:56.850002+00', NULL, true, NULL, true, 1, 'none', '2026-05-06 04:00:55.951+00', 'JPY', 'JPY', 'Essence', 'd6c3e70a-d31f-4647-91e8-e12830d0c00d', NULL, NULL, false, 'confirmed', '2026-04-03', '2026-04-03'),
	('8afa9e5d-1c7b-47a1-abfd-90f362018824', 'b63f45f3-fc01-4714-8cc4-a09ab49e18c7', 'a34b80ed-1711-4205-8a7c-14e0e55eab93', 'expense', 12, 'THB', 'Sorties', 'Assurance', '2026-03-15', '2026-03-15', false, false, false, '2026-03-15 07:52:09.861001+00', 'a17d77d8-2eb6-4e75-8622-55fa4a7de8dd', '2026-03-15 08:43:01.133+00', NULL, true, NULL, false, NULL, NULL, '2026-03-15 07:52:09.861001+00', NULL, NULL, 'Culturel', 'dd97e3e5-77b8-44e8-bcca-9dabb6fbc06d', '73765ca0-70d2-44c6-a63e-8c4a31f6dcac', '2026-03-15', true, 'generated', '2026-03-15', '2026-03-15'),
	('a5b453cc-61f2-41b4-b4ee-9b785d49ab71', 'b63f45f3-fc01-4714-8cc4-a09ab49e18c7', 'a34b80ed-1711-4205-8a7c-14e0e55eab93', 'expense', 12, 'THB', 'Sorties', 'Assurance', '2026-04-15', '2026-04-15', false, false, false, '2026-03-15 07:52:09.861001+00', 'a17d77d8-2eb6-4e75-8622-55fa4a7de8dd', '2026-03-15 08:43:01.133+00', NULL, true, NULL, false, NULL, NULL, '2026-03-15 07:52:09.861001+00', NULL, NULL, 'Culturel', 'dd97e3e5-77b8-44e8-bcca-9dabb6fbc06d', '73765ca0-70d2-44c6-a63e-8c4a31f6dcac', '2026-04-15', true, 'generated', '2026-04-15', '2026-04-15'),
	('9faa0826-1250-4dff-8746-62052b4c3d4d', '6db47d6b-6e2e-4886-a262-520a91854f4c', '73d2ed75-3bd8-44fd-b907-17ecee6b2231', 'expense', 3000, 'JPY', 'Sorties', 'Verre boite', '2026-04-23', '2026-04-23', true, false, false, '2026-04-24 02:48:04.833672+00', 'bffe4068-e6bc-482c-8f97-24d6b4f8808b', '2026-04-24 02:49:09.988024+00', NULL, true, NULL, false, 1, 'none', '2026-04-24 02:48:02.986+00', 'JPY', 'JPY', 'Fête', 'd6c3e70a-d31f-4647-91e8-e12830d0c00d', NULL, NULL, false, 'confirmed', '2026-04-23', '2026-04-23'),
	('158aa1dd-4844-4134-8b36-cb2a544c35b0', '6db47d6b-6e2e-4886-a262-520a91854f4c', '73d2ed75-3bd8-44fd-b907-17ecee6b2231', 'expense', 500, 'JPY', 'Sorties', 'Sorties', '2026-04-07', '2026-04-07', true, false, false, '2026-04-08 02:15:14.337984+00', 'bffe4068-e6bc-482c-8f97-24d6b4f8808b', '2026-04-08 02:15:14.337984+00', NULL, true, NULL, false, 1, 'none', '2026-04-08 02:15:14.226+00', 'JPY', 'JPY', 'Fête', 'd6c3e70a-d31f-4647-91e8-e12830d0c00d', NULL, NULL, false, 'confirmed', '2026-04-07', '2026-04-07'),
	('b01da9c3-fd58-448b-9eae-5ce251e0e813', '6db47d6b-6e2e-4886-a262-520a91854f4c', '4a6ef04f-0f53-4612-a5a0-a317ce1942c8', 'expense', 9, 'EUR', 'Frais bancaire', 'Frais bancaire', '2026-03-18', '2026-03-18', true, false, false, '2026-04-10 01:53:45.02554+00', 'bffe4068-e6bc-482c-8f97-24d6b4f8808b', '2026-04-10 01:53:45.02554+00', NULL, true, NULL, false, 30523.91, 'fx', '2026-04-10 01:53:43.221+00', 'VND', 'EUR', 'Tenue de compte', 'd6c3e70a-d31f-4647-91e8-e12830d0c00d', NULL, NULL, false, 'confirmed', '2026-03-18', '2026-03-18'),
	('0bd310f3-8afc-484f-be4c-34f2aa132f70', '6db47d6b-6e2e-4886-a262-520a91854f4c', '4e2f798d-caa6-4134-9da1-57097cc07265', 'expense', 9.4, 'EUR', 'Repas', 'Repas', '2026-04-14', '2026-04-14', true, false, false, '2026-04-14 08:49:03.943706+00', 'bffe4068-e6bc-482c-8f97-24d6b4f8808b', '2026-04-14 08:49:03.943706+00', NULL, true, NULL, false, 186.75, 'fx', '2026-04-14 08:49:02.481+00', 'JPY', 'EUR', 'Café', 'd6c3e70a-d31f-4647-91e8-e12830d0c00d', NULL, NULL, false, 'confirmed', '2026-04-14', '2026-04-14'),
	('47da4ade-43dc-46f7-9f35-f82731bd4881', '6db47d6b-6e2e-4886-a262-520a91854f4c', '73d2ed75-3bd8-44fd-b907-17ecee6b2231', 'expense', 850, 'JPY', 'Sorties', '[Trip] Onsen', '2026-04-28', '2026-04-28', false, false, false, '2026-04-28 11:45:32.678706+00', 'bffe4068-e6bc-482c-8f97-24d6b4f8808b', '2026-04-28 11:45:32.678706+00', NULL, true, NULL, true, 1, 'none', '2026-04-28 11:45:32.245+00', 'JPY', 'JPY', 'Culturel', 'd6c3e70a-d31f-4647-91e8-e12830d0c00d', NULL, NULL, false, 'confirmed', '2026-04-28', '2026-04-28'),
	('5d7745bc-804c-438f-a5a1-0bb004483c25', '6db47d6b-6e2e-4886-a262-520a91854f4c', '73d2ed75-3bd8-44fd-b907-17ecee6b2231', 'expense', 935, 'JPY', 'Repas', '[Trip] Maman', '2026-04-30', '2026-04-30', false, false, false, '2026-04-30 05:25:14.307089+00', 'bffe4068-e6bc-482c-8f97-24d6b4f8808b', '2026-04-30 05:25:14.307089+00', NULL, true, NULL, true, 1, 'none', '2026-04-30 05:25:13.448+00', 'JPY', 'JPY', 'Déjeuner', 'd6c3e70a-d31f-4647-91e8-e12830d0c00d', NULL, NULL, false, 'confirmed', '2026-04-30', '2026-04-30'),
	('7e07c18b-bdbf-4846-b0f1-c4e05b2304e3', '6db47d6b-6e2e-4886-a262-520a91854f4c', '4e2f798d-caa6-4134-9da1-57097cc07265', 'expense', 6.01, 'EUR', 'Sorties', 'Sorties', '2026-05-01', '2026-05-01', true, false, false, '2026-05-02 00:26:33.829116+00', 'bffe4068-e6bc-482c-8f97-24d6b4f8808b', '2026-05-02 00:26:33.829116+00', NULL, true, NULL, false, 183.21, 'fx', '2026-05-02 00:26:32.709+00', 'JPY', 'EUR', 'Fête', 'd6c3e70a-d31f-4647-91e8-e12830d0c00d', NULL, NULL, false, 'confirmed', '2026-05-01', '2026-05-01'),
	('d686087f-ad1b-47d5-8fe4-e4cb518d7ab9', '6db47d6b-6e2e-4886-a262-520a91854f4c', '73d2ed75-3bd8-44fd-b907-17ecee6b2231', 'expense', 3620, 'JPY', 'Repas', '[Trip] Avance - Dejeuner', '2026-04-18', '2026-04-18', true, true, false, '2026-04-18 03:42:13.417889+00', 'bffe4068-e6bc-482c-8f97-24d6b4f8808b', '2026-04-18 03:42:13.417889+00', 'd52f86b4-601d-4861-a3e2-9eaf85b1972d', false, NULL, false, 1, 'none', '2026-04-18 03:42:13.029+00', 'JPY', 'JPY', 'Déjeuner', 'd6c3e70a-d31f-4647-91e8-e12830d0c00d', NULL, NULL, false, 'confirmed', '2026-04-18', '2026-04-18'),
	('33423ffc-dde6-4e56-917c-078284251f3c', '6db47d6b-6e2e-4886-a262-520a91854f4c', '73d2ed75-3bd8-44fd-b907-17ecee6b2231', 'expense', 6500, 'JPY', 'Repas', '[Trip] Avance - Ramen', '2026-04-11', '2026-04-11', true, true, false, '2026-04-11 04:55:58.299372+00', 'bffe4068-e6bc-482c-8f97-24d6b4f8808b', '2026-04-11 04:55:58.299372+00', '1a4173ff-5ae4-4913-9f5d-b24098549c29', false, NULL, false, 1, 'none', '2026-04-11 04:55:57.876+00', 'JPY', 'JPY', 'Déjeuner', 'd6c3e70a-d31f-4647-91e8-e12830d0c00d', NULL, NULL, false, 'confirmed', '2026-04-11', '2026-04-11'),
	('8a5443b4-13db-4be4-9f78-8b005f41da8d', '6db47d6b-6e2e-4886-a262-520a91854f4c', '73d2ed75-3bd8-44fd-b907-17ecee6b2231', 'expense', 700, 'JPY', 'Sorties', '[Trip] Onsen', '2026-04-19', '2026-04-19', false, false, false, '2026-04-19 02:50:10.582377+00', 'bffe4068-e6bc-482c-8f97-24d6b4f8808b', '2026-04-19 02:50:10.582377+00', NULL, true, NULL, true, 1, 'none', '2026-04-19 02:50:09.823+00', 'JPY', 'JPY', 'Culturel', 'd6c3e70a-d31f-4647-91e8-e12830d0c00d', NULL, NULL, false, 'confirmed', '2026-04-19', '2026-04-19'),
	('a63ba98f-71da-43b6-be82-a79bae548c8a', '6db47d6b-6e2e-4886-a262-520a91854f4c', '73d2ed75-3bd8-44fd-b907-17ecee6b2231', 'expense', 1333.34, 'JPY', 'Transport', '[Trip] Essence', '2026-04-16', '2026-04-16', false, false, false, '2026-04-16 04:41:20.823312+00', 'bffe4068-e6bc-482c-8f97-24d6b4f8808b', '2026-04-16 04:41:20.823312+00', NULL, true, NULL, true, 1, 'none', '2026-04-16 04:41:18.838+00', 'JPY', 'JPY', 'Essence', 'd6c3e70a-d31f-4647-91e8-e12830d0c00d', NULL, NULL, false, 'confirmed', '2026-04-16', '2026-04-16'),
	('cbe4c4ee-e320-4af5-b6c0-8c8991486901', '6db47d6b-6e2e-4886-a262-520a91854f4c', '73d2ed75-3bd8-44fd-b907-17ecee6b2231', 'expense', 833.34, 'JPY', 'Sorties', '[Trip] Bière', '2026-04-11', '2026-04-11', false, false, false, '2026-04-12 03:53:44.234642+00', 'bffe4068-e6bc-482c-8f97-24d6b4f8808b', '2026-04-12 03:53:44.234642+00', NULL, true, NULL, true, 1, 'none', '2026-04-12 03:53:43.313+00', 'JPY', 'JPY', 'Fête', 'd6c3e70a-d31f-4647-91e8-e12830d0c00d', NULL, NULL, false, 'confirmed', '2026-04-11', '2026-04-11'),
	('75883455-3bf9-47b6-b5ae-4f885c886c7f', '6db47d6b-6e2e-4886-a262-520a91854f4c', '4e2f798d-caa6-4134-9da1-57097cc07265', 'expense', 21.68, 'EUR', 'Sorties', 'Esc', '2026-05-03', '2026-05-03', true, false, false, '2026-05-03 09:56:51.448205+00', 'bffe4068-e6bc-482c-8f97-24d6b4f8808b', '2026-05-03 09:56:51.448205+00', NULL, true, NULL, false, 183.21, 'fx', '2026-05-03 09:56:49.806+00', 'JPY', 'EUR', 'Sportive', 'd6c3e70a-d31f-4647-91e8-e12830d0c00d', NULL, NULL, false, 'confirmed', '2026-05-03', '2026-05-05'),
	('3b1ba1a9-8841-454f-80cb-c840022130a0', '6db47d6b-6e2e-4886-a262-520a91854f4c', '73d2ed75-3bd8-44fd-b907-17ecee6b2231', 'expense', 2000, 'JPY', 'Transport', 'Recharge', '2026-05-04', '2026-05-04', true, false, false, '2026-05-04 11:13:35.611543+00', 'bffe4068-e6bc-482c-8f97-24d6b4f8808b', '2026-05-04 11:13:35.611543+00', NULL, true, NULL, false, 1, 'none', '2026-05-04 11:13:34.063+00', 'JPY', 'JPY', 'Train local', 'd6c3e70a-d31f-4647-91e8-e12830d0c00d', NULL, NULL, false, 'confirmed', '2026-05-04', '2026-05-04'),
	('488088c4-d8bf-415e-8d11-f17bef293e12', '6db47d6b-6e2e-4886-a262-520a91854f4c', '73d2ed75-3bd8-44fd-b907-17ecee6b2231', 'expense', 2360, 'JPY', 'Autre', 'Matèriel de Pêche', '2026-04-05', '2026-04-05', true, true, false, '2026-04-05 09:11:34.486053+00', 'bffe4068-e6bc-482c-8f97-24d6b4f8808b', '2026-04-22 15:39:50.52964+00', NULL, false, NULL, false, 1, 'none', '2026-04-05 09:11:32.157+00', 'JPY', 'JPY', 'Divers', 'd6c3e70a-d31f-4647-91e8-e12830d0c00d', NULL, NULL, false, 'confirmed', '2026-04-05', '2026-04-05'),
	('1785077d-ea58-4506-96e0-f5a230ca1618', '6db47d6b-6e2e-4886-a262-520a91854f4c', '73d2ed75-3bd8-44fd-b907-17ecee6b2231', 'expense', 411.33, 'JPY', 'Autre', '[Trip] Materiel peche', '2026-04-16', '2026-04-16', false, true, false, '2026-04-22 15:40:59.794284+00', 'bffe4068-e6bc-482c-8f97-24d6b4f8808b', '2026-04-22 15:40:59.794284+00', NULL, false, NULL, true, 1, 'none', '2026-04-22 15:40:59.595+00', 'JPY', 'JPY', 'Divers', 'd6c3e70a-d31f-4647-91e8-e12830d0c00d', NULL, NULL, false, 'confirmed', '2026-04-16', '2026-04-16'),
	('e7f9427c-64e9-47bb-b1bd-a6986350e9cd', '6db47d6b-6e2e-4886-a262-520a91854f4c', '73d2ed75-3bd8-44fd-b907-17ecee6b2231', 'expense', 5000, 'JPY', 'Autre', '[Trip] Avance - Avance', '2026-05-06', '2026-05-06', true, true, false, '2026-05-06 03:02:39.895824+00', 'bffe4068-e6bc-482c-8f97-24d6b4f8808b', '2026-05-06 03:02:39.895824+00', 'eb67e83d-0902-4e6e-8a41-b90dcb91ac33', false, NULL, false, 1, 'none', '2026-05-06 03:02:38.978+00', 'JPY', 'JPY', 'Divers', 'd6c3e70a-d31f-4647-91e8-e12830d0c00d', NULL, NULL, false, 'confirmed', '2026-05-06', '2026-05-06'),
	('eabe60f0-33f2-4ee9-bca8-991844033810', '6db47d6b-6e2e-4886-a262-520a91854f4c', '73d2ed75-3bd8-44fd-b907-17ecee6b2231', 'expense', 1815, 'JPY', 'Repas', 'Ramen canard', '2026-05-06', '2026-05-06', true, false, false, '2026-05-06 06:35:04.520108+00', 'bffe4068-e6bc-482c-8f97-24d6b4f8808b', '2026-05-06 06:35:04.520108+00', NULL, true, NULL, false, 1, 'none', '2026-05-06 06:35:01.703+00', 'JPY', 'JPY', 'Déjeuner', 'd6c3e70a-d31f-4647-91e8-e12830d0c00d', NULL, NULL, false, 'confirmed', '2026-05-06', '2026-05-06'),
	('3bad02c1-8b60-4209-ad57-a7ae1517e8fd', '6db47d6b-6e2e-4886-a262-520a91854f4c', '73d2ed75-3bd8-44fd-b907-17ecee6b2231', 'expense', 500, 'JPY', 'Repas', 'Repas', '2026-04-03', '2026-04-03', true, false, false, '2026-04-03 02:30:47.131491+00', 'bffe4068-e6bc-482c-8f97-24d6b4f8808b', '2026-04-03 02:30:47.131491+00', NULL, true, NULL, false, 1, 'none', '2026-04-03 02:30:45.099+00', 'JPY', 'JPY', 'Petit-déjeuner', 'd6c3e70a-d31f-4647-91e8-e12830d0c00d', NULL, NULL, false, 'confirmed', '2026-04-03', '2026-04-03'),
	('7869437f-f3ce-40e7-8b81-af8eeddbd99b', '6db47d6b-6e2e-4886-a262-520a91854f4c', '73d2ed75-3bd8-44fd-b907-17ecee6b2231', 'income', 50000, 'JPY', 'Mouvement interne', 'Mouvement interne', '2026-04-23', '2026-04-23', true, true, false, '2026-04-24 02:48:41.955086+00', 'bffe4068-e6bc-482c-8f97-24d6b4f8808b', '2026-04-24 02:48:41.955086+00', NULL, false, NULL, false, 1, 'none', '2026-04-24 02:48:40.78+00', 'JPY', 'JPY', 'Retrait', 'd6c3e70a-d31f-4647-91e8-e12830d0c00d', NULL, NULL, false, 'confirmed', '2026-04-23', '2026-04-23'),
	('8b03ebf7-3f39-46c1-bbee-9bada885fc55', '6db47d6b-6e2e-4886-a262-520a91854f4c', '4a6ef04f-0f53-4612-a5a0-a317ce1942c8', 'income', 17, 'EUR', 'Mouvement interne', 'Mouvement interne', '2026-04-10', '2026-04-10', true, true, false, '2026-04-10 01:54:01.825051+00', 'bffe4068-e6bc-482c-8f97-24d6b4f8808b', '2026-04-10 01:54:27.675+00', NULL, true, NULL, false, 185.7, 'fx', '2026-04-10 01:54:00.974+00', 'JPY', 'EUR', 'Virement', 'd6c3e70a-d31f-4647-91e8-e12830d0c00d', NULL, NULL, false, 'confirmed', '2026-04-10', '2026-04-10'),
	('23deb122-594c-4597-ba8a-0b42d4e711c2', '6db47d6b-6e2e-4886-a262-520a91854f4c', '73d2ed75-3bd8-44fd-b907-17ecee6b2231', 'expense', 3850, 'JPY', 'Abonnement/Mobile', 'Abonnement/Mobile', '2026-04-14', '2026-04-14', true, false, false, '2026-04-14 11:40:54.207014+00', 'bffe4068-e6bc-482c-8f97-24d6b4f8808b', '2026-04-14 11:40:54.207014+00', NULL, true, NULL, false, 1, 'none', '2026-04-14 11:40:53.246+00', 'JPY', 'JPY', 'Recharge data', 'd6c3e70a-d31f-4647-91e8-e12830d0c00d', NULL, NULL, false, 'confirmed', '2026-04-14', '2026-04-14'),
	('6ff16b93-d139-4ffe-8716-a254686bcb1b', '6db47d6b-6e2e-4886-a262-520a91854f4c', '4e2f798d-caa6-4134-9da1-57097cc07265', 'expense', 272.26, 'EUR', 'Mouvement interne', 'Mouvement interne 272,26 €', '2026-04-14', '2026-04-14', true, true, false, '2026-04-14 11:39:56.714506+00', 'bffe4068-e6bc-482c-8f97-24d6b4f8808b', '2026-04-15 03:56:36.665975+00', NULL, false, NULL, false, 186.75, 'fx', '2026-04-14 11:39:54.657+00', 'JPY', 'EUR', 'Retrait', 'd6c3e70a-d31f-4647-91e8-e12830d0c00d', NULL, NULL, false, 'confirmed', '2026-04-14', '2026-04-14'),
	('feddcfae-c2d3-4cd7-8f6a-705c8eeba02f', '6db47d6b-6e2e-4886-a262-520a91854f4c', '4e2f798d-caa6-4134-9da1-57097cc07265', 'expense', 13.83, 'EUR', 'Logement', 'Auberge tokyo', '2026-04-30', '2026-04-30', true, false, false, '2026-04-30 06:13:37.919488+00', 'bffe4068-e6bc-482c-8f97-24d6b4f8808b', '2026-04-30 06:13:37.919488+00', NULL, true, NULL, false, 187.05, 'fx', '2026-04-30 06:13:36.288+00', 'JPY', 'EUR', 'Auberge', 'd6c3e70a-d31f-4647-91e8-e12830d0c00d', NULL, NULL, false, 'confirmed', '2026-05-07', '2026-05-07'),
	('1b67ef63-5edb-44cc-bbe4-290eb215b153', '6db47d6b-6e2e-4886-a262-520a91854f4c', '73d2ed75-3bd8-44fd-b907-17ecee6b2231', 'expense', 6578, 'JPY', 'Autre', '[Trip] Avance - Tarp', '2026-04-13', '2026-04-13', true, true, false, '2026-04-22 15:41:29.842767+00', 'bffe4068-e6bc-482c-8f97-24d6b4f8808b', '2026-04-22 15:41:29.842767+00', '229c763c-52e5-42a5-a7d0-1fb482690321', false, NULL, false, 1, 'none', '2026-04-22 15:41:29.638+00', 'JPY', 'JPY', 'Divers', 'd6c3e70a-d31f-4647-91e8-e12830d0c00d', NULL, NULL, false, 'confirmed', '2026-04-13', '2026-04-13'),
	('80b58ef1-52fd-43c4-a463-93bc88bade7b', '6db47d6b-6e2e-4886-a262-520a91854f4c', '73d2ed75-3bd8-44fd-b907-17ecee6b2231', 'expense', 507, 'JPY', 'Repas', 'Repas', '2026-05-02', '2026-05-02', true, false, false, '2026-05-02 01:42:43.645127+00', 'bffe4068-e6bc-482c-8f97-24d6b4f8808b', '2026-05-02 01:42:43.645127+00', NULL, true, NULL, false, 1, 'none', '2026-05-02 01:42:43.291+00', 'JPY', 'JPY', 'Petit-déjeuner', 'd6c3e70a-d31f-4647-91e8-e12830d0c00d', NULL, NULL, false, 'confirmed', '2026-05-02', '2026-05-02'),
	('6b79fb1e-2cc4-4f36-83ab-b308deac5f08', '6db47d6b-6e2e-4886-a262-520a91854f4c', '73d2ed75-3bd8-44fd-b907-17ecee6b2231', 'expense', 120, 'JPY', 'Course', 'Course', '2026-05-03', '2026-05-03', true, false, false, '2026-05-03 09:57:05.525046+00', 'bffe4068-e6bc-482c-8f97-24d6b4f8808b', '2026-05-03 09:57:05.525046+00', NULL, true, NULL, false, 1, 'none', '2026-05-03 09:57:04.692+00', 'JPY', 'JPY', 'Eau', 'd6c3e70a-d31f-4647-91e8-e12830d0c00d', NULL, NULL, false, 'confirmed', '2026-05-03', '2026-05-03'),
	('91ccfe66-4d13-4816-809a-864ee1f22314', '6db47d6b-6e2e-4886-a262-520a91854f4c', '73d2ed75-3bd8-44fd-b907-17ecee6b2231', 'expense', 2600, 'JPY', 'Repas', '[Trip] Ramen', '2026-04-11', '2026-04-11', false, false, false, '2026-04-11 04:56:02.678966+00', 'bffe4068-e6bc-482c-8f97-24d6b4f8808b', '2026-04-11 04:56:02.678966+00', NULL, true, NULL, true, 1, 'none', '2026-04-11 04:56:02.577+00', 'JPY', 'JPY', 'Déjeuner', 'd6c3e70a-d31f-4647-91e8-e12830d0c00d', NULL, NULL, false, 'confirmed', '2026-04-11', '2026-04-11'),
	('6089d684-1cc5-41d0-8f57-0406f7554092', '6db47d6b-6e2e-4886-a262-520a91854f4c', '73d2ed75-3bd8-44fd-b907-17ecee6b2231', 'expense', 800, 'JPY', 'Repas', '[Trip] Sukiya', '2026-04-16', '2026-04-16', false, false, false, '2026-04-16 04:42:25.639008+00', 'bffe4068-e6bc-482c-8f97-24d6b4f8808b', '2026-04-16 04:42:25.639008+00', NULL, true, NULL, true, 1, 'none', '2026-04-16 04:42:23.757+00', 'JPY', 'JPY', 'Déjeuner', 'd6c3e70a-d31f-4647-91e8-e12830d0c00d', NULL, NULL, false, 'confirmed', '2026-04-16', '2026-04-16'),
	('bb207fcb-bb82-44ce-8b3d-533a19ffad85', '6db47d6b-6e2e-4886-a262-520a91854f4c', '73d2ed75-3bd8-44fd-b907-17ecee6b2231', 'expense', 696.67, 'JPY', 'Repas', '[Trip] Café', '2026-04-19', '2026-04-19', false, false, false, '2026-04-19 02:52:04.661648+00', 'bffe4068-e6bc-482c-8f97-24d6b4f8808b', '2026-04-19 02:52:04.661648+00', NULL, true, NULL, true, 1, 'none', '2026-04-19 02:52:03.967+00', 'JPY', 'JPY', 'Café', 'd6c3e70a-d31f-4647-91e8-e12830d0c00d', NULL, NULL, false, 'confirmed', '2026-04-19', '2026-04-19'),
	('a92e1fa6-0279-424e-ae90-26ab692336eb', '6db47d6b-6e2e-4886-a262-520a91854f4c', '73d2ed75-3bd8-44fd-b907-17ecee6b2231', 'expense', 1056.67, 'JPY', 'Repas', '[Trip] Dejeuner', '2026-04-18', '2026-04-18', false, false, false, '2026-04-18 03:42:16.660053+00', 'bffe4068-e6bc-482c-8f97-24d6b4f8808b', '2026-04-18 03:42:16.660053+00', NULL, true, NULL, true, 1, 'none', '2026-04-18 03:42:16.385+00', 'JPY', 'JPY', 'Déjeuner', 'd6c3e70a-d31f-4647-91e8-e12830d0c00d', NULL, NULL, false, 'confirmed', '2026-04-18', '2026-04-18'),
	('52a8d930-4bb4-4ccd-b95f-dba40ea6358f', '6db47d6b-6e2e-4886-a262-520a91854f4c', '73d2ed75-3bd8-44fd-b907-17ecee6b2231', 'expense', 500, 'JPY', 'Sorties', '[Trip] Bière', '2026-04-11', '2026-04-11', false, false, false, '2026-04-12 03:55:14.275312+00', 'bffe4068-e6bc-482c-8f97-24d6b4f8808b', '2026-04-12 03:55:14.275312+00', NULL, true, NULL, true, 1, 'none', '2026-04-12 03:55:13.306+00', 'JPY', 'JPY', 'Fête', 'd6c3e70a-d31f-4647-91e8-e12830d0c00d', NULL, NULL, false, 'confirmed', '2026-04-11', '2026-04-11'),
	('f9a06366-3b69-43ad-a77d-432a6f89a75d', '6db47d6b-6e2e-4886-a262-520a91854f4c', '6e21e00c-8e67-4878-a2d3-6bb3bb1c6ec5', 'expense', 2.25, 'EUR', 'Frais bancaire', 'Tenu de Compte Credit Mut', '2026-04-30', '2026-04-30', true, false, false, '2026-05-06 03:05:40.729284+00', 'bffe4068-e6bc-482c-8f97-24d6b4f8808b', '2026-05-06 03:05:40.729284+00', NULL, true, NULL, false, 184.42, 'fx', '2026-05-06 03:05:39.254+00', 'JPY', 'EUR', 'Tenue de compte', 'd6c3e70a-d31f-4647-91e8-e12830d0c00d', NULL, NULL, false, 'confirmed', '2026-04-30', '2026-04-30'),
	('3c82974a-09d1-4dde-b707-9c5f6dadfde9', '6db47d6b-6e2e-4886-a262-520a91854f4c', '6e21e00c-8e67-4878-a2d3-6bb3bb1c6ec5', 'expense', 2, 'EUR', 'Abonnement/Mobile', 'eSim Free', '2027-02-05', '2027-02-05', false, false, false, '2026-03-15 04:30:17.051617+00', 'bffe4068-e6bc-482c-8f97-24d6b4f8808b', '2026-03-18 13:33:11.683+00', NULL, true, NULL, false, NULL, NULL, '2026-03-15 04:30:17.051617+00', NULL, NULL, 'Forfait mobile', 'd6c3e70a-d31f-4647-91e8-e12830d0c00d', '4014eb18-4435-4254-8ddd-768f39731833', '2027-02-05', true, 'generated', '2027-02-05', '2027-02-05'),
	('d621580b-4d20-491e-8c2c-fa3c6c3abdde', '6db47d6b-6e2e-4886-a262-520a91854f4c', '73d2ed75-3bd8-44fd-b907-17ecee6b2231', 'expense', 250, 'JPY', 'Repas', 'Repas', '2026-04-03', '2026-04-03', true, false, false, '2026-04-03 02:31:05.770958+00', 'bffe4068-e6bc-482c-8f97-24d6b4f8808b', '2026-04-03 02:31:05.770958+00', NULL, true, NULL, false, 1, 'none', '2026-04-03 02:31:04.672+00', 'JPY', 'JPY', 'Snack', 'd6c3e70a-d31f-4647-91e8-e12830d0c00d', NULL, NULL, false, 'confirmed', '2026-04-03', '2026-04-03'),
	('ce61ffd6-cdfa-4b17-9ed1-a40272754130', '6db47d6b-6e2e-4886-a262-520a91854f4c', '73d2ed75-3bd8-44fd-b907-17ecee6b2231', 'expense', 640, 'JPY', 'Sorties', 'Gym', '2026-04-06', '2026-04-06', true, false, false, '2026-04-06 03:35:09.413201+00', 'bffe4068-e6bc-482c-8f97-24d6b4f8808b', '2026-04-06 03:35:09.413201+00', NULL, true, NULL, false, 1, 'none', '2026-04-06 03:35:07.816+00', 'JPY', 'JPY', 'Sportive', 'd6c3e70a-d31f-4647-91e8-e12830d0c00d', NULL, NULL, false, 'confirmed', '2026-04-06', '2026-04-06'),
	('34186ada-0f22-413d-9d32-154ee8e7cccd', '6db47d6b-6e2e-4886-a262-520a91854f4c', '6e21e00c-8e67-4878-a2d3-6bb3bb1c6ec5', 'expense', 300, 'EUR', 'Mouvement interne', 'Mouvement interne', '2026-04-23', '2026-04-23', true, true, false, '2026-04-24 02:49:48.486129+00', 'bffe4068-e6bc-482c-8f97-24d6b4f8808b', '2026-04-24 02:49:48.486129+00', NULL, false, NULL, false, 186.5, 'fx', '2026-04-24 02:49:47.154+00', 'JPY', 'EUR', 'Virement', 'd6c3e70a-d31f-4647-91e8-e12830d0c00d', NULL, NULL, false, 'confirmed', '2026-04-23', '2026-04-23'),
	('7831f7df-455e-4d19-8c10-63baf410a27a', '6db47d6b-6e2e-4886-a262-520a91854f4c', '4e2f798d-caa6-4134-9da1-57097cc07265', 'expense', 17, 'EUR', 'Mouvement interne', 'Mouvement interne', '2026-04-10', '2026-04-10', true, true, false, '2026-04-10 01:54:13.034906+00', 'bffe4068-e6bc-482c-8f97-24d6b4f8808b', '2026-04-10 01:54:22.467+00', NULL, true, NULL, false, 185.7, 'fx', '2026-04-10 01:54:12.126+00', 'JPY', 'EUR', 'Virement', 'd6c3e70a-d31f-4647-91e8-e12830d0c00d', NULL, NULL, false, 'confirmed', '2026-04-10', '2026-04-10'),
	('6a7e8e18-7a61-47ad-b44c-adac32aea9bd', '6db47d6b-6e2e-4886-a262-520a91854f4c', '73d2ed75-3bd8-44fd-b907-17ecee6b2231', 'expense', 700, 'JPY', 'Sorties', 'Temple', '2026-04-11', '2026-04-11', true, false, false, '2026-04-11 04:59:32.643163+00', 'bffe4068-e6bc-482c-8f97-24d6b4f8808b', '2026-04-11 04:59:32.643163+00', NULL, true, NULL, false, 1, 'none', '2026-04-11 04:59:31.688+00', 'JPY', 'JPY', 'Culturel', 'd6c3e70a-d31f-4647-91e8-e12830d0c00d', NULL, NULL, false, 'confirmed', '2026-04-11', '2026-04-11'),
	('bddc6971-e90c-4be0-a1c5-a82baeb9e361', '6db47d6b-6e2e-4886-a262-520a91854f4c', '73d2ed75-3bd8-44fd-b907-17ecee6b2231', 'expense', 469, 'JPY', 'Course', 'Course', '2026-04-12', '2026-04-12', true, false, false, '2026-04-12 11:34:28.799181+00', 'bffe4068-e6bc-482c-8f97-24d6b4f8808b', '2026-04-12 11:34:28.799181+00', NULL, true, NULL, false, 1, 'none', '2026-04-12 11:34:26.783+00', 'JPY', 'JPY', 'Snacks', 'd6c3e70a-d31f-4647-91e8-e12830d0c00d', NULL, NULL, false, 'confirmed', '2026-04-12', '2026-04-12'),
	('82f02654-d151-43f1-b77b-78918c39bc8c', '6db47d6b-6e2e-4886-a262-520a91854f4c', '73d2ed75-3bd8-44fd-b907-17ecee6b2231', 'expense', 1100, 'JPY', 'Repas', 'Repas', '2026-04-14', '2026-04-14', true, false, false, '2026-04-14 11:40:25.568875+00', 'bffe4068-e6bc-482c-8f97-24d6b4f8808b', '2026-04-14 11:40:25.568875+00', NULL, true, NULL, false, 1, 'none', '2026-04-14 11:40:24.606+00', 'JPY', 'JPY', 'Dîner', 'd6c3e70a-d31f-4647-91e8-e12830d0c00d', NULL, NULL, false, 'confirmed', '2026-04-14', '2026-04-14'),
	('9840dee0-e8a0-4f68-96d5-ebb5bffbb2f7', '6db47d6b-6e2e-4886-a262-520a91854f4c', '6e21e00c-8e67-4878-a2d3-6bb3bb1c6ec5', 'expense', 10, 'EUR', 'Mouvement interne', 'Mouvement interne', '2026-04-26', '2026-04-26', true, true, false, '2026-04-27 00:50:21.62044+00', 'bffe4068-e6bc-482c-8f97-24d6b4f8808b', '2026-04-27 00:52:33.320632+00', NULL, false, NULL, false, 186.71, 'fx', '2026-04-27 00:50:20.607+00', 'JPY', 'EUR', 'Virement', 'd6c3e70a-d31f-4647-91e8-e12830d0c00d', NULL, NULL, false, 'confirmed', '2026-04-26', '2026-04-26'),
	('e9de9e78-4d0b-404d-a2cc-b31beaf685ec', '6db47d6b-6e2e-4886-a262-520a91854f4c', '4e2f798d-caa6-4134-9da1-57097cc07265', 'expense', 135, 'EUR', 'Logement', '[Trip] Auberge Tokyo', '2026-04-30', '2026-04-30', false, false, false, '2026-04-30 06:14:57.741923+00', 'bffe4068-e6bc-482c-8f97-24d6b4f8808b', '2026-04-30 06:14:57.741923+00', NULL, true, NULL, true, 187.05, 'fx', '2026-04-30 06:14:56.912+00', 'JPY', 'EUR', 'Auberge', 'd6c3e70a-d31f-4647-91e8-e12830d0c00d', NULL, NULL, false, 'confirmed', '2026-05-02', '2026-05-06'),
	('e224d8c2-88ce-4534-8dc2-4ba13b761a23', '6db47d6b-6e2e-4886-a262-520a91854f4c', '6e21e00c-8e67-4878-a2d3-6bb3bb1c6ec5', 'expense', 250, 'EUR', 'Mouvement interne', 'Mouvement interne', '2026-05-03', '2026-05-03', true, true, false, '2026-05-03 10:00:37.159644+00', 'bffe4068-e6bc-482c-8f97-24d6b4f8808b', '2026-05-03 10:00:37.159644+00', NULL, false, NULL, false, 183.21, 'fx', '2026-05-03 10:00:35.231+00', 'JPY', 'EUR', 'Virement', 'd6c3e70a-d31f-4647-91e8-e12830d0c00d', NULL, NULL, false, 'confirmed', '2026-05-03', '2026-05-03'),
	('47191116-13c5-45ad-9b1a-2ef462e7f1fc', '6db47d6b-6e2e-4886-a262-520a91854f4c', '73d2ed75-3bd8-44fd-b907-17ecee6b2231', 'expense', 1383.34, 'JPY', 'Repas', '[Trip] Oden', '2026-04-19', '2026-04-19', false, false, false, '2026-04-19 05:27:25.362741+00', 'bffe4068-e6bc-482c-8f97-24d6b4f8808b', '2026-04-19 05:27:25.362741+00', NULL, true, NULL, true, 1, 'none', '2026-04-19 05:27:24.221+00', 'JPY', 'JPY', 'Déjeuner', 'd6c3e70a-d31f-4647-91e8-e12830d0c00d', NULL, NULL, false, 'confirmed', '2026-04-19', '2026-04-19'),
	('5601195c-1d26-4eb0-b275-5e2b267fb556', '6db47d6b-6e2e-4886-a262-520a91854f4c', '73d2ed75-3bd8-44fd-b907-17ecee6b2231', 'expense', 900, 'JPY', 'Sorties', '[Trip] Bière', '2026-04-19', '2026-04-19', false, false, false, '2026-04-19 05:27:57.408158+00', 'bffe4068-e6bc-482c-8f97-24d6b4f8808b', '2026-04-19 05:27:57.408158+00', NULL, true, NULL, true, 1, 'none', '2026-04-19 05:27:56.645+00', 'JPY', 'JPY', 'Fête', 'd6c3e70a-d31f-4647-91e8-e12830d0c00d', NULL, NULL, false, 'confirmed', '2026-04-19', '2026-04-19'),
	('52e3024f-dc88-4a1a-968a-5a46eeb79652', '6db47d6b-6e2e-4886-a262-520a91854f4c', '73d2ed75-3bd8-44fd-b907-17ecee6b2231', 'expense', 366.67, 'JPY', 'Transport', '[Trip] Parking', '2026-04-21', '2026-04-21', false, false, false, '2026-04-21 01:48:56.454051+00', 'bffe4068-e6bc-482c-8f97-24d6b4f8808b', '2026-04-21 01:48:56.454051+00', NULL, true, NULL, true, 1, 'none', '2026-04-21 01:48:55.881+00', 'JPY', 'JPY', 'Parking', 'd6c3e70a-d31f-4647-91e8-e12830d0c00d', NULL, NULL, false, 'confirmed', '2026-04-20', '2026-04-20'),
	('6f4c03b6-2ee9-4ec8-88e9-71296df6390f', '6db47d6b-6e2e-4886-a262-520a91854f4c', '73d2ed75-3bd8-44fd-b907-17ecee6b2231', 'expense', 4078, 'JPY', 'Autre', '[Trip] Tarp', '2026-04-13', '2026-04-13', false, true, false, '2026-04-22 15:41:33.842463+00', 'bffe4068-e6bc-482c-8f97-24d6b4f8808b', '2026-04-22 15:41:33.842463+00', NULL, false, NULL, true, 1, 'none', '2026-04-22 15:41:33.647+00', 'JPY', 'JPY', 'Divers', 'd6c3e70a-d31f-4647-91e8-e12830d0c00d', NULL, NULL, false, 'confirmed', '2026-04-13', '2026-04-13'),
	('6994ac5f-36e2-4f31-a5d6-9044b370be5e', '6db47d6b-6e2e-4886-a262-520a91854f4c', '73d2ed75-3bd8-44fd-b907-17ecee6b2231', 'expense', 300, 'JPY', 'Laundry', '[Trip] Avance - Laundry', '2026-05-06', '2026-05-06', true, true, false, '2026-05-06 03:09:14.403271+00', 'bffe4068-e6bc-482c-8f97-24d6b4f8808b', '2026-05-06 03:09:14.403271+00', '92ef7b3f-bdf1-4f27-bebb-60964b3301d0', false, NULL, false, 1, 'none', '2026-05-06 03:09:13.554+00', 'JPY', 'JPY', 'Self Laundry', 'd6c3e70a-d31f-4647-91e8-e12830d0c00d', NULL, NULL, false, 'confirmed', '2026-05-06', '2026-05-06'),
	('1db01847-97e9-4545-8f00-c7d8b70823e7', '6db47d6b-6e2e-4886-a262-520a91854f4c', '0b8895e4-f4cb-4571-89ae-9a7afd42e7e0', 'expense', 10000, 'VND', 'Course', 'Course', '2026-03-19', '2026-03-19', true, false, false, '2026-03-19 07:21:39.05383+00', 'bffe4068-e6bc-482c-8f97-24d6b4f8808b', '2026-03-19 07:21:39.05383+00', NULL, true, NULL, false, 1, 'none', '2026-03-19 07:21:36.989+00', 'VND', 'VND', 'Eau', 'd6c3e70a-d31f-4647-91e8-e12830d0c00d', NULL, NULL, false, 'confirmed', '2026-03-19', '2026-03-19'),
	('20c510d4-c4a5-460a-850f-0382d13a24d8', '6db47d6b-6e2e-4886-a262-520a91854f4c', '0b8895e4-f4cb-4571-89ae-9a7afd42e7e0', 'income', 3000000, 'VND', 'Mouvement interne', 'Mouvement interne', '2026-03-19', '2026-03-19', true, true, false, '2026-03-19 07:22:22.054582+00', 'bffe4068-e6bc-482c-8f97-24d6b4f8808b', '2026-03-19 11:03:13.881+00', NULL, true, NULL, false, 1, 'none', '2026-03-19 07:22:21.2+00', 'VND', 'VND', 'Retrait', 'd6c3e70a-d31f-4647-91e8-e12830d0c00d', NULL, NULL, false, 'confirmed', '2026-03-19', '2026-03-19'),
	('c772d286-a408-4a76-b878-2eeb5cc7ff1f', '6db47d6b-6e2e-4886-a262-520a91854f4c', '4e2f798d-caa6-4134-9da1-57097cc07265', 'income', 300, 'EUR', 'Mouvement interne', 'Mouvement interne', '2026-04-23', '2026-04-23', true, true, false, '2026-04-24 02:50:04.065672+00', 'bffe4068-e6bc-482c-8f97-24d6b4f8808b', '2026-04-24 02:50:04.065672+00', NULL, false, NULL, false, 186.5, 'fx', '2026-04-24 02:50:02.912+00', 'JPY', 'EUR', 'Virement', 'd6c3e70a-d31f-4647-91e8-e12830d0c00d', NULL, NULL, false, 'confirmed', '2026-04-23', '2026-04-23'),
	('96e47bb3-99d3-413e-b2d2-3638704a5e3c', '6db47d6b-6e2e-4886-a262-520a91854f4c', '73d2ed75-3bd8-44fd-b907-17ecee6b2231', 'expense', 2500, 'JPY', 'Transport', 'Transport', '2026-04-02', '2026-04-02', true, false, false, '2026-04-03 02:31:41.60053+00', 'bffe4068-e6bc-482c-8f97-24d6b4f8808b', '2026-04-03 02:32:09.604+00', NULL, true, NULL, false, 1, 'none', '2026-04-03 02:31:40.106+00', 'JPY', 'JPY', 'Bus local', 'd6c3e70a-d31f-4647-91e8-e12830d0c00d', NULL, NULL, false, 'confirmed', '2026-04-03', '2026-04-03'),
	('703d0e11-afbe-4389-b5fc-9f27d3b77e23', '6db47d6b-6e2e-4886-a262-520a91854f4c', '73d2ed75-3bd8-44fd-b907-17ecee6b2231', 'expense', 217, 'JPY', 'Cadeau', 'Chat', '2026-04-06', '2026-04-06', true, false, false, '2026-04-06 03:41:54.577424+00', 'bffe4068-e6bc-482c-8f97-24d6b4f8808b', '2026-04-06 03:41:54.577424+00', NULL, true, NULL, false, 1, 'none', '2026-04-06 03:41:51.555+00', 'JPY', 'JPY', 'Hôte', 'd6c3e70a-d31f-4647-91e8-e12830d0c00d', NULL, NULL, false, 'confirmed', '2026-04-06', '2026-04-06'),
	('3bab0d4c-278d-4bc8-9e20-e8a3a197314f', '6db47d6b-6e2e-4886-a262-520a91854f4c', '73d2ed75-3bd8-44fd-b907-17ecee6b2231', 'expense', 1200, 'JPY', 'Repas', 'Repas', '2026-04-08', '2026-04-08', true, false, false, '2026-04-08 09:11:18.785723+00', 'bffe4068-e6bc-482c-8f97-24d6b4f8808b', '2026-04-08 09:11:18.785723+00', NULL, true, NULL, false, 1, 'none', '2026-04-08 09:11:17.654+00', 'JPY', 'JPY', 'Dîner', 'd6c3e70a-d31f-4647-91e8-e12830d0c00d', NULL, NULL, false, 'confirmed', '2026-04-08', '2026-04-08'),
	('96548ced-22c3-4c9c-86e0-9ffbb3b2540c', '6db47d6b-6e2e-4886-a262-520a91854f4c', '73d2ed75-3bd8-44fd-b907-17ecee6b2231', 'expense', 1445, 'JPY', 'Santé', 'Paracetamol', '2026-04-11', '2026-04-11', true, false, false, '2026-04-11 07:48:05.808478+00', 'bffe4068-e6bc-482c-8f97-24d6b4f8808b', '2026-04-11 07:48:05.808478+00', NULL, true, NULL, false, 1, 'none', '2026-04-11 07:48:04.826+00', 'JPY', 'JPY', 'Pharmacie', 'd6c3e70a-d31f-4647-91e8-e12830d0c00d', NULL, NULL, false, 'confirmed', '2026-04-11', '2026-04-11'),
	('7b57022d-5189-4bea-924c-171236a43f31', '6db47d6b-6e2e-4886-a262-520a91854f4c', '4e2f798d-caa6-4134-9da1-57097cc07265', 'income', 10, 'EUR', 'Mouvement interne', 'Mouvement interne', '2026-04-26', '2026-04-26', true, true, false, '2026-04-27 00:50:41.527119+00', 'bffe4068-e6bc-482c-8f97-24d6b4f8808b', '2026-04-27 00:50:41.527119+00', NULL, false, NULL, false, 186.71, 'fx', '2026-04-27 00:50:40.973+00', 'JPY', 'EUR', 'Virement', 'd6c3e70a-d31f-4647-91e8-e12830d0c00d', NULL, NULL, false, 'confirmed', '2026-04-26', '2026-04-26'),
	('2fe31938-86d4-4343-bac7-86ff0368670e', '6db47d6b-6e2e-4886-a262-520a91854f4c', '73d2ed75-3bd8-44fd-b907-17ecee6b2231', 'income', 50000, 'JPY', 'Mouvement interne', 'Mouvement interne', '2026-04-14', '2026-04-14', true, true, false, '2026-04-14 11:41:22.551277+00', 'bffe4068-e6bc-482c-8f97-24d6b4f8808b', '2026-04-14 11:41:22.551277+00', NULL, false, NULL, false, 1, 'none', '2026-04-14 11:41:21.502+00', 'JPY', 'JPY', 'Retrait', 'd6c3e70a-d31f-4647-91e8-e12830d0c00d', NULL, NULL, false, 'confirmed', '2026-04-14', '2026-04-14'),
	('4c1ebd95-8661-4f23-a8cb-1444eafe14ca', '6db47d6b-6e2e-4886-a262-520a91854f4c', '73d2ed75-3bd8-44fd-b907-17ecee6b2231', 'expense', 1550, 'JPY', 'Sorties', 'Sorties', '2026-04-19', '2026-04-19', true, false, false, '2026-04-20 02:09:08.728565+00', 'bffe4068-e6bc-482c-8f97-24d6b4f8808b', '2026-04-20 02:09:08.728565+00', NULL, true, NULL, false, 1, 'none', '2026-04-20 02:09:08.113+00', 'JPY', 'JPY', 'Fête', 'd6c3e70a-d31f-4647-91e8-e12830d0c00d', NULL, NULL, false, 'confirmed', '2026-04-19', '2026-04-19'),
	('0a19714f-7328-496f-a2d1-275d75d31c84', '6db47d6b-6e2e-4886-a262-520a91854f4c', '73d2ed75-3bd8-44fd-b907-17ecee6b2231', 'expense', 300, 'JPY', 'Sorties', 'Sorties', '2026-04-19', '2026-04-19', true, false, false, '2026-04-20 02:09:32.900105+00', 'bffe4068-e6bc-482c-8f97-24d6b4f8808b', '2026-04-20 02:09:32.900105+00', NULL, true, NULL, false, 1, 'none', '2026-04-20 02:09:31.867+00', 'JPY', 'JPY', 'Fête', 'd6c3e70a-d31f-4647-91e8-e12830d0c00d', NULL, NULL, false, 'confirmed', '2026-04-19', '2026-04-19'),
	('6db19159-7bef-473e-99f4-408269f805f7', '6db47d6b-6e2e-4886-a262-520a91854f4c', '73d2ed75-3bd8-44fd-b907-17ecee6b2231', 'expense', 900, 'JPY', 'Repas', 'Repas', '2026-04-19', '2026-04-19', true, false, false, '2026-04-20 02:09:58.564852+00', 'bffe4068-e6bc-482c-8f97-24d6b4f8808b', '2026-04-20 02:09:58.564852+00', NULL, true, NULL, false, 1, 'none', '2026-04-20 02:09:58.212+00', 'JPY', 'JPY', 'Dîner', 'd6c3e70a-d31f-4647-91e8-e12830d0c00d', NULL, NULL, false, 'confirmed', '2026-04-19', '2026-04-19'),
	('21f680ab-3901-4815-bc03-3c047019303b', '8516d948-4970-453a-912e-e984afabddb9', 'a17904a9-f468-4999-a181-888ecbcda5d3', 'expense', 5000, 'EUR', 'Repas', 'Repas', '2026-04-30', '2026-04-30', true, false, false, '2026-04-30 10:27:12.795393+00', '62840f74-3128-48c7-b431-2172f608246a', '2026-04-30 10:27:12.795393+00', NULL, true, NULL, false, 1.6344, 'fx', '2026-04-30 10:27:12.387+00', 'AUD', 'EUR', NULL, '81343a04-99a2-4a55-9cc7-0a4dded6971e', NULL, NULL, false, 'confirmed', '2026-04-30', '2026-04-30'),
	('2f1530c2-6459-4e2b-b868-c3dcb3f9cab2', '6db47d6b-6e2e-4886-a262-520a91854f4c', '73d2ed75-3bd8-44fd-b907-17ecee6b2231', 'expense', 500, 'JPY', 'Course', 'Ichigo', '2026-05-02', '2026-05-02', true, false, false, '2026-05-02 02:48:01.075922+00', 'bffe4068-e6bc-482c-8f97-24d6b4f8808b', '2026-05-02 02:48:01.075922+00', NULL, true, NULL, false, 1, 'none', '2026-05-02 02:48:00.438+00', 'JPY', 'JPY', 'Snacks', 'd6c3e70a-d31f-4647-91e8-e12830d0c00d', NULL, NULL, false, 'confirmed', '2026-05-02', '2026-05-02'),
	('8b26fffc-0513-40d3-a919-85a9964aa614', '6db47d6b-6e2e-4886-a262-520a91854f4c', '6e21e00c-8e67-4878-a2d3-6bb3bb1c6ec5', 'income', 1, 'EUR', 'Mouvement interne', 'Mouvement interne', '2026-04-30', '2026-04-30', true, true, false, '2026-05-03 10:00:56.889198+00', 'bffe4068-e6bc-482c-8f97-24d6b4f8808b', '2026-05-03 10:00:56.889198+00', NULL, false, NULL, false, 183.21, 'fx', '2026-05-03 10:00:55.975+00', 'JPY', 'EUR', 'Virement', 'd6c3e70a-d31f-4647-91e8-e12830d0c00d', NULL, NULL, false, 'confirmed', '2026-04-30', '2026-04-30'),
	('b4b00309-4bf5-4256-bb19-a8d4b73976e6', '6db47d6b-6e2e-4886-a262-520a91854f4c', '6e21e00c-8e67-4878-a2d3-6bb3bb1c6ec5', 'income', 1443.3, 'EUR', 'Revenu', 'Chomage', '2026-05-05', '2026-05-05', true, false, false, '2026-05-04 21:57:48.577124+00', 'bffe4068-e6bc-482c-8f97-24d6b4f8808b', '2026-05-04 21:57:48.577124+00', NULL, true, NULL, false, 183.83, 'fx', '2026-05-04 21:57:46.77+00', 'JPY', 'EUR', 'Chomage', 'd6c3e70a-d31f-4647-91e8-e12830d0c00d', NULL, NULL, false, 'confirmed', '2026-05-05', '2026-05-05'),
	('dd2ee3f9-4435-419d-b648-2eef822e6857', '6db47d6b-6e2e-4886-a262-520a91854f4c', '73d2ed75-3bd8-44fd-b907-17ecee6b2231', 'expense', 1333.34, 'JPY', 'Transport', '[Trip] Essence', '2026-04-18', '2026-04-18', false, false, false, '2026-04-18 04:19:58.149252+00', 'bffe4068-e6bc-482c-8f97-24d6b4f8808b', '2026-04-18 04:19:58.149252+00', NULL, true, NULL, true, 1, 'none', '2026-04-18 04:19:57.821+00', 'JPY', 'JPY', 'Essence', 'd6c3e70a-d31f-4647-91e8-e12830d0c00d', NULL, NULL, false, 'confirmed', '2026-04-18', '2026-04-18'),
	('fc96d273-5577-49fa-9f6c-73e7268c2d78', '6db47d6b-6e2e-4886-a262-520a91854f4c', '4e2f798d-caa6-4134-9da1-57097cc07265', 'expense', 42.37, 'EUR', 'Logement', '[Trip] Avance - Auberge', '2026-04-10', '2026-04-10', true, true, false, '2026-04-10 02:52:43.924615+00', 'bffe4068-e6bc-482c-8f97-24d6b4f8808b', '2026-04-10 02:52:43.924615+00', '8504a400-14d3-4f0e-b4db-d47a1bd9b582', false, NULL, false, 185.7, 'fx', '2026-04-10 02:52:42.728+00', 'JPY', 'EUR', 'Auberge', 'd6c3e70a-d31f-4647-91e8-e12830d0c00d', NULL, NULL, false, 'confirmed', '2026-04-10', '2026-04-10'),
	('65609db3-4276-46a1-ace4-cd3f57ac9085', '6db47d6b-6e2e-4886-a262-520a91854f4c', '73d2ed75-3bd8-44fd-b907-17ecee6b2231', 'expense', 1810, 'JPY', 'Course', '[Trip] Avance - 7/11', '2026-04-12', '2026-04-12', true, true, false, '2026-04-12 11:35:23.737211+00', 'bffe4068-e6bc-482c-8f97-24d6b4f8808b', '2026-04-12 11:35:23.737211+00', '533b344e-b51e-4fd8-b04e-e22b1a635572', false, NULL, false, 1, 'none', '2026-04-12 11:35:22.557+00', 'JPY', 'JPY', 'Supermarché', 'd6c3e70a-d31f-4647-91e8-e12830d0c00d', NULL, NULL, false, 'confirmed', '2026-04-12', '2026-04-12'),
	('a2f84ea1-d683-4e4e-a586-daae092efd2d', '6db47d6b-6e2e-4886-a262-520a91854f4c', '73d2ed75-3bd8-44fd-b907-17ecee6b2231', 'expense', 2500, 'JPY', 'Logement', '[Trip] Camping', '2026-04-16', '2026-04-16', false, false, false, '2026-04-16 10:03:10.87591+00', 'bffe4068-e6bc-482c-8f97-24d6b4f8808b', '2026-04-16 10:03:10.87591+00', NULL, true, NULL, true, 1, 'none', '2026-04-16 10:03:08.774+00', 'JPY', 'JPY', 'Camping', 'd6c3e70a-d31f-4647-91e8-e12830d0c00d', NULL, NULL, false, 'confirmed', '2026-04-16', '2026-04-16'),
	('514ca4c5-fdaa-4174-ae4c-8a9767f8c7e1', '6db47d6b-6e2e-4886-a262-520a91854f4c', '73d2ed75-3bd8-44fd-b907-17ecee6b2231', 'expense', 400, 'JPY', 'Course', 'Course', '2026-04-21', '2026-04-21', true, false, false, '2026-04-21 01:49:49.448383+00', 'bffe4068-e6bc-482c-8f97-24d6b4f8808b', '2026-04-21 01:49:49.448383+00', NULL, true, NULL, false, 1, 'none', '2026-04-21 01:49:48.87+00', 'JPY', 'JPY', 'Eau', 'd6c3e70a-d31f-4647-91e8-e12830d0c00d', NULL, NULL, false, 'confirmed', '2026-04-21', '2026-04-21'),
	('ec0a29a6-139a-4ed0-aa93-5d7e0497f6c3', '6db47d6b-6e2e-4886-a262-520a91854f4c', '73d2ed75-3bd8-44fd-b907-17ecee6b2231', 'expense', 445.67, 'JPY', 'Autre', '[Trip] Materiel peche', '2026-04-13', '2026-04-13', false, true, false, '2026-04-22 15:42:54.706844+00', 'bffe4068-e6bc-482c-8f97-24d6b4f8808b', '2026-04-22 15:42:54.706844+00', NULL, false, NULL, true, 1, 'none', '2026-04-22 15:42:54.489+00', 'JPY', 'JPY', 'Divers', 'd6c3e70a-d31f-4647-91e8-e12830d0c00d', NULL, NULL, false, 'confirmed', '2026-04-13', '2026-04-13'),
	('5095acc7-afab-4925-b79a-3954194251df', '6db47d6b-6e2e-4886-a262-520a91854f4c', '73d2ed75-3bd8-44fd-b907-17ecee6b2231', 'expense', 150, 'JPY', 'Laundry', '[Trip] Laundry', '2026-05-06', '2026-05-06', false, false, false, '2026-05-06 03:09:18.288715+00', 'bffe4068-e6bc-482c-8f97-24d6b4f8808b', '2026-05-06 03:09:18.288715+00', NULL, true, NULL, true, 1, 'none', '2026-05-06 03:09:17.438+00', 'JPY', 'JPY', 'Self Laundry', 'd6c3e70a-d31f-4647-91e8-e12830d0c00d', NULL, NULL, false, 'confirmed', '2026-05-06', '2026-05-06'),
	('f880a458-5ae8-46d2-9f05-612bb1964877', 'bfe2a38a-d934-45c9-9061-cee531cf5823', '5157144e-25e7-4a1d-aaa5-ab5a2d1dfc96', 'income', 600, 'EUR', 'Autre', 'Autre', '2026-02-26', '2026-02-26', true, false, false, '2026-02-26 11:08:44.895196+00', 'd2a9158b-3dad-4e5b-81cf-2b705164bd52', '2026-02-26 11:08:44.895196+00', NULL, true, NULL, false, 36, 'manual', '2026-02-26 11:08:44.275+00', 'THB', 'EUR', NULL, 'e2d5e15d-0796-42f0-9e2c-93fc2cbd54e0', NULL, NULL, false, 'confirmed', '2026-02-26', '2026-02-26'),
	('21e48f48-1853-4ae2-a543-4803823c4fb1', 'bfe2a38a-d934-45c9-9061-cee531cf5823', '38f46bf2-353a-4ec2-9d95-8ed92552d3a3', 'expense', 200, 'THB', 'Autre', 'Pain', '2026-02-26', '2026-02-26', true, false, false, '2026-02-26 11:11:51.750915+00', 'd2a9158b-3dad-4e5b-81cf-2b705164bd52', '2026-02-26 11:11:51.750915+00', NULL, true, NULL, false, 1, 'none', '2026-02-26 11:11:51.05+00', 'THB', 'THB', NULL, 'e2d5e15d-0796-42f0-9e2c-93fc2cbd54e0', NULL, NULL, false, 'confirmed', '2026-02-26', '2026-02-26'),
	('042d52f5-0173-4b13-9903-6601a61758f7', '6db47d6b-6e2e-4886-a262-520a91854f4c', '73d2ed75-3bd8-44fd-b907-17ecee6b2231', 'expense', 3000, 'JPY', 'Sorties', 'Bar pingpong', '2026-04-02', '2026-04-02', true, false, false, '2026-04-03 02:32:43.818844+00', 'bffe4068-e6bc-482c-8f97-24d6b4f8808b', '2026-04-03 02:32:43.818844+00', NULL, true, NULL, false, 1, 'none', '2026-04-03 02:32:42.381+00', 'JPY', 'JPY', 'Fête', 'd6c3e70a-d31f-4647-91e8-e12830d0c00d', NULL, NULL, false, 'confirmed', '2026-04-02', '2026-04-02'),
	('8263ad53-1f03-430d-86a6-7aeb570d4a68', '6db47d6b-6e2e-4886-a262-520a91854f4c', '73d2ed75-3bd8-44fd-b907-17ecee6b2231', 'expense', 366.67, 'JPY', 'Transport', '[Trip] EcoPark', '2026-04-24', '2026-04-24', false, false, false, '2026-04-24 02:54:34.040172+00', 'bffe4068-e6bc-482c-8f97-24d6b4f8808b', '2026-04-24 02:54:34.040172+00', NULL, true, NULL, true, 1, 'none', '2026-04-24 02:54:32.791+00', 'JPY', 'JPY', 'Parking', 'd6c3e70a-d31f-4647-91e8-e12830d0c00d', NULL, NULL, false, 'confirmed', '2026-04-23', '2026-04-23'),
	('4c63e8f5-6626-49df-8450-e8876708ad4b', '6db47d6b-6e2e-4886-a262-520a91854f4c', '4e2f798d-caa6-4134-9da1-57097cc07265', 'income', 300, 'EUR', 'Mouvement interne', 'Mouvement interne', '2026-04-18', '2026-04-18', true, true, false, '2026-04-18 05:35:39.778664+00', 'bffe4068-e6bc-482c-8f97-24d6b4f8808b', '2026-04-18 05:35:39.778664+00', NULL, false, NULL, false, 187.72, 'fx', '2026-04-18 05:35:39.035+00', 'JPY', 'EUR', 'Virement', 'd6c3e70a-d31f-4647-91e8-e12830d0c00d', NULL, NULL, false, 'confirmed', '2026-04-18', '2026-04-18'),
	('8288e3f4-e5b5-44db-a7a7-efce266a74d5', '6db47d6b-6e2e-4886-a262-520a91854f4c', '6e21e00c-8e67-4878-a2d3-6bb3bb1c6ec5', 'expense', 300, 'EUR', 'Mouvement interne', 'Mouvement interne', '2026-04-18', '2026-04-18', true, true, false, '2026-04-18 05:35:52.665692+00', 'bffe4068-e6bc-482c-8f97-24d6b4f8808b', '2026-04-18 05:35:52.665692+00', NULL, false, NULL, false, 187.72, 'fx', '2026-04-18 05:35:52.207+00', 'JPY', 'EUR', 'Virement', 'd6c3e70a-d31f-4647-91e8-e12830d0c00d', NULL, NULL, false, 'confirmed', '2026-04-18', '2026-04-18'),
	('26a77fa6-cdb2-403f-b313-200f346df1c0', '6db47d6b-6e2e-4886-a262-520a91854f4c', '4e2f798d-caa6-4134-9da1-57097cc07265', 'expense', 23.26, 'EUR', 'Abonnement/Mobile', '30go 30 jour', '2026-03-26', '2026-03-26', true, false, false, '2026-03-26 04:23:20.873216+00', 'bffe4068-e6bc-482c-8f97-24d6b4f8808b', '2026-04-11 01:27:03.670865+00', NULL, true, NULL, false, 184.27, 'fx', '2026-03-26 04:23:19.577+00', 'JPY', 'EUR', 'Forfait mobile', 'd6c3e70a-d31f-4647-91e8-e12830d0c00d', NULL, NULL, false, 'confirmed', '2026-03-26', '2026-03-26'),
	('4e2362db-91fd-4b94-8bca-8feb1dfde347', '6db47d6b-6e2e-4886-a262-520a91854f4c', '4a6ef04f-0f53-4612-a5a0-a317ce1942c8', 'expense', 9, 'EUR', 'Frais bancaire', 'Frais bancaire', '2026-04-17', '2026-04-17', true, false, false, '2026-04-27 00:53:24.673035+00', 'bffe4068-e6bc-482c-8f97-24d6b4f8808b', '2026-04-27 00:53:24.673035+00', NULL, true, NULL, false, 186.71, 'fx', '2026-04-27 00:53:23.734+00', 'JPY', 'EUR', 'Tenue de compte', 'd6c3e70a-d31f-4647-91e8-e12830d0c00d', NULL, NULL, false, 'confirmed', '2026-04-17', '2026-04-17'),
	('9a4076bd-45e0-47c5-b9ad-e618af15d278', '6db47d6b-6e2e-4886-a262-520a91854f4c', '73d2ed75-3bd8-44fd-b907-17ecee6b2231', 'expense', 1280, 'JPY', 'Repas', 'Mcdal', '2026-04-28', '2026-04-28', true, false, false, '2026-04-28 12:54:37.881134+00', 'bffe4068-e6bc-482c-8f97-24d6b4f8808b', '2026-04-28 12:54:37.881134+00', NULL, true, NULL, false, 1, 'none', '2026-04-28 12:54:36.105+00', 'JPY', 'JPY', 'Dîner', 'd6c3e70a-d31f-4647-91e8-e12830d0c00d', NULL, NULL, false, 'confirmed', '2026-04-28', '2026-04-28'),
	('7a3d019f-0304-41d4-b5fb-8c7eff63ac9f', '6db47d6b-6e2e-4886-a262-520a91854f4c', '73d2ed75-3bd8-44fd-b907-17ecee6b2231', 'expense', 1000, 'JPY', 'Sorties', '[Trip] Avance - Bière', '2026-04-21', '2026-04-21', true, true, false, '2026-04-21 01:50:47.212187+00', 'bffe4068-e6bc-482c-8f97-24d6b4f8808b', '2026-04-21 01:50:47.212187+00', '30efe5af-ca47-4126-9d15-113c077cddc9', false, NULL, false, 1, 'none', '2026-04-21 01:50:46.987+00', 'JPY', 'JPY', 'Fête', 'd6c3e70a-d31f-4647-91e8-e12830d0c00d', NULL, NULL, false, 'confirmed', '2026-04-20', '2026-04-20'),
	('80ee72aa-2b13-4d4e-abee-9ff462d596de', '8516d948-4970-453a-912e-e984afabddb9', 'a17904a9-f468-4999-a181-888ecbcda5d3', 'expense', 2500, 'EUR', 'Repas', 'Repas', '2026-04-30', '2026-04-30', true, false, false, '2026-04-30 10:27:34.830366+00', '62840f74-3128-48c7-b431-2172f608246a', '2026-04-30 10:27:34.830366+00', NULL, true, NULL, false, 1.6344, 'fx', '2026-04-30 10:27:34.701+00', 'AUD', 'EUR', NULL, '81343a04-99a2-4a55-9cc7-0a4dded6971e', NULL, NULL, false, 'confirmed', '2026-04-30', '2026-04-30'),
	('e2431dc9-a100-4809-b746-2ea9fe820c69', '6db47d6b-6e2e-4886-a262-520a91854f4c', '73d2ed75-3bd8-44fd-b907-17ecee6b2231', 'expense', 500, 'JPY', 'Logement', '[Trip] Extra check out et Parking', '2026-04-23', '2026-04-23', false, false, false, '2026-04-23 02:34:45.2485+00', 'bffe4068-e6bc-482c-8f97-24d6b4f8808b', '2026-04-23 02:34:45.2485+00', NULL, true, NULL, true, 1, 'none', '2026-04-23 02:34:44.59+00', 'JPY', 'JPY', 'Hôtel', 'd6c3e70a-d31f-4647-91e8-e12830d0c00d', NULL, NULL, false, 'confirmed', '2026-04-22', '2026-04-22'),
	('0f1a3915-2279-4faf-ae80-7a16416062a5', '6db47d6b-6e2e-4886-a262-520a91854f4c', '73d2ed75-3bd8-44fd-b907-17ecee6b2231', 'expense', 3000, 'JPY', 'Transport', 'Recharge', '2026-05-02', '2026-05-02', true, false, false, '2026-05-02 03:35:45.289996+00', 'bffe4068-e6bc-482c-8f97-24d6b4f8808b', '2026-05-02 03:35:45.289996+00', NULL, true, NULL, false, 1, 'none', '2026-05-02 03:35:44.538+00', 'JPY', 'JPY', 'Train local', 'd6c3e70a-d31f-4647-91e8-e12830d0c00d', NULL, NULL, false, 'confirmed', '2026-05-02', '2026-05-02'),
	('47d5425d-3a58-4099-a609-70a3bbf2ae4d', '6db47d6b-6e2e-4886-a262-520a91854f4c', '4e2f798d-caa6-4134-9da1-57097cc07265', 'income', 250, 'EUR', 'Mouvement interne', 'Mouvement interne', '2026-05-03', '2026-05-03', true, true, false, '2026-05-03 10:01:20.150025+00', 'bffe4068-e6bc-482c-8f97-24d6b4f8808b', '2026-05-03 10:01:20.150025+00', NULL, false, NULL, false, 183.21, 'fx', '2026-05-03 10:01:19.256+00', 'JPY', 'EUR', 'Virement', 'd6c3e70a-d31f-4647-91e8-e12830d0c00d', NULL, NULL, false, 'confirmed', '2026-05-03', '2026-05-03'),
	('61fc4b5c-9361-432c-bc91-d44170cec77c', '6db47d6b-6e2e-4886-a262-520a91854f4c', '73d2ed75-3bd8-44fd-b907-17ecee6b2231', 'expense', 1600, 'JPY', 'Sorties', '[Trip] Avance - 7/11', '2026-05-04', '2026-05-04', true, true, false, '2026-05-05 04:47:11.116578+00', 'bffe4068-e6bc-482c-8f97-24d6b4f8808b', '2026-05-05 04:47:11.116578+00', '2f4fc880-3965-4c3f-9d32-8b75d0f48d2e', false, NULL, false, 1, 'none', '2026-05-05 04:47:09.741+00', 'JPY', 'JPY', 'Fête', 'd6c3e70a-d31f-4647-91e8-e12830d0c00d', NULL, NULL, false, 'confirmed', '2026-05-04', '2026-05-04'),
	('265e488e-bb05-48d2-adf7-dc4e2f56f5bb', '6db47d6b-6e2e-4886-a262-520a91854f4c', '73d2ed75-3bd8-44fd-b907-17ecee6b2231', 'expense', 800, 'JPY', 'Sorties', '[Trip] 7/11', '2026-05-04', '2026-05-04', false, false, false, '2026-05-05 04:47:18.777711+00', 'bffe4068-e6bc-482c-8f97-24d6b4f8808b', '2026-05-05 04:47:18.777711+00', NULL, true, NULL, true, 1, 'none', '2026-05-05 04:47:17.904+00', 'JPY', 'JPY', 'Fête', 'd6c3e70a-d31f-4647-91e8-e12830d0c00d', NULL, NULL, false, 'confirmed', '2026-05-04', '2026-05-04'),
	('22face68-65dd-49df-9b6e-51c54c1fdb12', '6db47d6b-6e2e-4886-a262-520a91854f4c', '64de2c12-6e64-4fdd-9ec6-184c956dcb38', 'expense', 130000, 'LAK', 'Sorties', 'Gin Laos', '2026-03-07', '2026-03-07', true, false, false, '2026-03-08 00:10:46.913467+00', 'bffe4068-e6bc-482c-8f97-24d6b4f8808b', '2026-03-08 00:10:46.913467+00', NULL, true, NULL, false, 1, 'none', '2026-03-08 00:10:44.466+00', 'LAK', 'LAK', 'Fête', 'd6c3e70a-d31f-4647-91e8-e12830d0c00d', NULL, NULL, false, 'confirmed', '2026-03-07', '2026-03-07'),
	('4b6634a0-81e1-4c03-aa16-c69f107ae221', '6db47d6b-6e2e-4886-a262-520a91854f4c', '4e2f798d-caa6-4134-9da1-57097cc07265', 'expense', 14.13, 'EUR', 'Logement', '[Trip] Auberge', '2026-04-10', '2026-04-10', false, false, false, '2026-04-10 02:52:49.093716+00', 'bffe4068-e6bc-482c-8f97-24d6b4f8808b', '2026-04-10 02:52:49.093716+00', NULL, true, NULL, true, 185.7, 'fx', '2026-04-10 02:52:48.238+00', 'JPY', 'EUR', 'Auberge', 'd6c3e70a-d31f-4647-91e8-e12830d0c00d', NULL, NULL, false, 'confirmed', '2026-04-10', '2026-04-10'),
	('d1a71575-3b5a-4dfb-b8d0-6593b2ce77dd', '6db47d6b-6e2e-4886-a262-520a91854f4c', '73d2ed75-3bd8-44fd-b907-17ecee6b2231', 'expense', 266.67, 'JPY', 'Transport', '[Trip] Parking', '2026-04-20', '2026-04-20', false, false, false, '2026-04-20 02:10:58.504371+00', 'bffe4068-e6bc-482c-8f97-24d6b4f8808b', '2026-04-20 02:10:58.504371+00', NULL, true, NULL, true, 1, 'none', '2026-04-20 02:10:58.21+00', 'JPY', 'JPY', 'Parking', 'd6c3e70a-d31f-4647-91e8-e12830d0c00d', NULL, NULL, false, 'confirmed', '2026-04-20', '2026-04-20'),
	('81c88445-c70a-44c8-9611-7a0a0fb434c4', '6db47d6b-6e2e-4886-a262-520a91854f4c', '73d2ed75-3bd8-44fd-b907-17ecee6b2231', 'expense', 2400, 'JPY', 'Sorties', '[Trip] Avance - Momkey', '2026-04-08', '2026-04-08', true, true, false, '2026-04-08 09:12:10.036454+00', 'bffe4068-e6bc-482c-8f97-24d6b4f8808b', '2026-04-08 09:12:10.036454+00', '18c652aa-5f16-48ba-8019-f48f1b878348', false, NULL, false, 1, 'none', '2026-04-08 09:12:09.359+00', 'JPY', 'JPY', 'Culturel', 'd6c3e70a-d31f-4647-91e8-e12830d0c00d', NULL, NULL, false, 'confirmed', '2026-04-08', '2026-04-08'),
	('2ffc8caf-8a78-40a9-afae-61dc3a4874ae', '6db47d6b-6e2e-4886-a262-520a91854f4c', '73d2ed75-3bd8-44fd-b907-17ecee6b2231', 'expense', 905, 'JPY', 'Course', '[Trip] 7/11', '2026-04-12', '2026-04-12', false, false, false, '2026-04-12 11:35:27.979263+00', 'bffe4068-e6bc-482c-8f97-24d6b4f8808b', '2026-04-12 11:35:27.979263+00', NULL, true, NULL, true, 1, 'none', '2026-04-12 11:35:26.815+00', 'JPY', 'JPY', 'Supermarché', 'd6c3e70a-d31f-4647-91e8-e12830d0c00d', NULL, NULL, false, 'confirmed', '2026-04-12', '2026-04-12'),
	('fc4a4545-994c-4dbf-8d15-1dc568c9bf8d', '6db47d6b-6e2e-4886-a262-520a91854f4c', '73d2ed75-3bd8-44fd-b907-17ecee6b2231', 'expense', 7920, 'JPY', 'Logement', '[Trip] Avance - Club', '2026-04-14', '2026-04-14', true, true, false, '2026-04-15 02:15:42.213193+00', 'bffe4068-e6bc-482c-8f97-24d6b4f8808b', '2026-04-15 02:15:42.213193+00', '0e4e0276-55cc-4907-bba5-9ca66d81528f', false, NULL, false, 1, 'none', '2026-04-15 02:15:41.717+00', 'JPY', 'JPY', 'Auberge', 'd6c3e70a-d31f-4647-91e8-e12830d0c00d', NULL, NULL, false, 'confirmed', '2026-04-14', '2026-04-14'),
	('898282f0-27be-4df9-bea8-c0f10785f576', '6db47d6b-6e2e-4886-a262-520a91854f4c', '73d2ed75-3bd8-44fd-b907-17ecee6b2231', 'expense', 340, 'JPY', 'Course', '[Trip] Avance - Lait', '2026-04-11', '2026-04-11', true, true, false, '2026-04-11 07:49:00.579888+00', 'bffe4068-e6bc-482c-8f97-24d6b4f8808b', '2026-04-11 07:49:00.579888+00', '689d4e5d-5906-4ef7-949d-50b5cd2218df', false, NULL, false, 1, 'none', '2026-04-11 07:49:00.198+00', 'JPY', 'JPY', 'Supermarché', 'd6c3e70a-d31f-4647-91e8-e12830d0c00d', NULL, NULL, false, 'confirmed', '2026-04-11', '2026-04-11'),
	('d838fd3e-20e6-4b4f-ba04-dd5af4eab5c8', '6db47d6b-6e2e-4886-a262-520a91854f4c', '73d2ed75-3bd8-44fd-b907-17ecee6b2231', 'expense', 2000, 'JPY', 'Repas', '[Trip] Avance - Chinois', '2026-05-05', '2026-05-05', true, true, false, '2026-05-06 03:11:19.352561+00', 'bffe4068-e6bc-482c-8f97-24d6b4f8808b', '2026-05-06 03:11:19.352561+00', 'd88e5078-d0be-4421-852e-b7945d69a533', false, NULL, false, 1, 'none', '2026-05-06 03:11:18.458+00', 'JPY', 'JPY', 'Dîner', 'd6c3e70a-d31f-4647-91e8-e12830d0c00d', NULL, NULL, false, 'confirmed', '2026-05-05', '2026-05-05'),
	('54e47ae5-4313-4229-880c-49bfd40a9c85', '6db47d6b-6e2e-4886-a262-520a91854f4c', '4e2f798d-caa6-4134-9da1-57097cc07265', 'expense', 269.06, 'EUR', 'Mouvement interne', 'Mouvement interne', '2026-04-23', '2026-04-23', true, true, false, '2026-04-24 02:57:19.710771+00', 'bffe4068-e6bc-482c-8f97-24d6b4f8808b', '2026-04-24 02:57:19.710771+00', NULL, false, NULL, false, 186.5, 'fx', '2026-04-24 02:57:18.452+00', 'JPY', 'EUR', 'Retrait', 'd6c3e70a-d31f-4647-91e8-e12830d0c00d', NULL, NULL, false, 'confirmed', '2026-04-23', '2026-04-23'),
	('39b7623e-0d8c-48f1-bf62-8c468f872f9a', '6db47d6b-6e2e-4886-a262-520a91854f4c', '73d2ed75-3bd8-44fd-b907-17ecee6b2231', 'expense', 410, 'JPY', 'Repas', 'Repas', '2026-04-27', '2026-04-27', true, false, false, '2026-04-27 01:49:50.331665+00', 'bffe4068-e6bc-482c-8f97-24d6b4f8808b', '2026-04-27 01:49:50.331665+00', NULL, true, NULL, false, 1, 'none', '2026-04-27 01:49:48.617+00', 'JPY', 'JPY', 'Petit-déjeuner', 'd6c3e70a-d31f-4647-91e8-e12830d0c00d', NULL, NULL, false, 'confirmed', '2026-04-27', '2026-04-27'),
	('ce9e34de-b3d9-45bd-ae8d-025990ab0941', '6db47d6b-6e2e-4886-a262-520a91854f4c', '73d2ed75-3bd8-44fd-b907-17ecee6b2231', 'expense', 500, 'JPY', 'Sorties', 'Onsen', '2026-04-06', '2026-04-06', true, false, false, '2026-04-06 08:42:00.970473+00', 'bffe4068-e6bc-482c-8f97-24d6b4f8808b', '2026-04-06 08:42:00.970473+00', NULL, true, NULL, false, 1, 'none', '2026-04-06 08:41:46.905+00', 'JPY', 'JPY', 'Culturel', 'd6c3e70a-d31f-4647-91e8-e12830d0c00d', NULL, NULL, false, 'confirmed', '2026-04-06', '2026-04-06'),
	('75d90b57-4bb6-453d-90f3-f02c8083633e', '6db47d6b-6e2e-4886-a262-520a91854f4c', '73d2ed75-3bd8-44fd-b907-17ecee6b2231', 'expense', 630, 'JPY', 'Course', 'Course', '2026-04-28', '2026-04-28', true, false, false, '2026-04-29 01:52:20.294524+00', 'bffe4068-e6bc-482c-8f97-24d6b4f8808b', '2026-04-29 01:52:20.294524+00', NULL, true, NULL, false, 1, 'none', '2026-04-29 01:52:16.422+00', 'JPY', 'JPY', 'Snacks', 'd6c3e70a-d31f-4647-91e8-e12830d0c00d', NULL, NULL, false, 'confirmed', '2026-04-28', '2026-04-28'),
	('972b28ff-816b-4c70-ab72-2ec778ee9ba3', '6db47d6b-6e2e-4886-a262-520a91854f4c', '73d2ed75-3bd8-44fd-b907-17ecee6b2231', 'expense', 1044, 'JPY', 'Repas', 'Repas', '2026-04-10', '2026-04-10', true, false, false, '2026-04-10 03:59:19.04405+00', 'bffe4068-e6bc-482c-8f97-24d6b4f8808b', '2026-04-10 03:59:19.04405+00', NULL, true, NULL, false, 1, 'none', '2026-04-10 03:59:16.923+00', 'JPY', 'JPY', 'Déjeuner', 'd6c3e70a-d31f-4647-91e8-e12830d0c00d', NULL, NULL, false, 'confirmed', '2026-04-10', '2026-04-10'),
	('3354431a-6e85-4ae4-9728-16ca7b6b85dd', '6db47d6b-6e2e-4886-a262-520a91854f4c', '73d2ed75-3bd8-44fd-b907-17ecee6b2231', 'expense', 1635, 'JPY', 'Repas', '7/11', '2026-04-30', '2026-04-30', true, false, false, '2026-04-30 11:27:29.151699+00', 'bffe4068-e6bc-482c-8f97-24d6b4f8808b', '2026-04-30 11:27:46.571723+00', NULL, true, NULL, false, 1, 'none', '2026-04-30 11:27:27.08+00', 'JPY', 'JPY', 'Dîner', 'd6c3e70a-d31f-4647-91e8-e12830d0c00d', NULL, NULL, false, 'confirmed', '2026-04-30', '2026-04-30'),
	('39e6dad0-326b-4145-954b-49b000438c0e', '6db47d6b-6e2e-4886-a262-520a91854f4c', '73d2ed75-3bd8-44fd-b907-17ecee6b2231', 'expense', 366, 'JPY', 'Course', 'Course', '2026-05-02', '2026-05-02', true, false, false, '2026-05-02 05:34:23.153959+00', 'bffe4068-e6bc-482c-8f97-24d6b4f8808b', '2026-05-02 05:34:23.153959+00', NULL, true, NULL, false, 1, 'none', '2026-05-02 05:34:22.305+00', 'JPY', 'JPY', 'Snacks', 'd6c3e70a-d31f-4647-91e8-e12830d0c00d', NULL, NULL, false, 'confirmed', '2026-05-02', '2026-05-02'),
	('b1993ac3-0417-4770-9755-6b40c31401e6', '6db47d6b-6e2e-4886-a262-520a91854f4c', '73d2ed75-3bd8-44fd-b907-17ecee6b2231', 'expense', 1700, 'JPY', 'Repas', 'Taco biere', '2026-05-03', '2026-05-03', true, false, false, '2026-05-03 10:08:32.024873+00', 'bffe4068-e6bc-482c-8f97-24d6b4f8808b', '2026-05-03 10:08:32.024873+00', NULL, true, NULL, false, 1, 'none', '2026-05-03 10:08:30.061+00', 'JPY', 'JPY', 'Dîner', 'd6c3e70a-d31f-4647-91e8-e12830d0c00d', NULL, NULL, false, 'confirmed', '2026-05-03', '2026-05-03'),
	('2da28d81-f5b8-4ca1-a947-9e239062ece1', '8516d948-4970-453a-912e-e984afabddb9', 'a17904a9-f468-4999-a181-888ecbcda5d3', 'expense', 50, 'EUR', 'Repas', '[Trip] Avance - test', '2026-04-20', '2026-04-20', true, true, false, '2026-04-20 04:28:25.253467+00', '62840f74-3128-48c7-b431-2172f608246a', '2026-04-20 04:28:25.253467+00', 'ffc070fa-f712-48a6-83a7-9bd20f821a83', false, NULL, false, 1.6438, 'fx', '2026-04-20 04:28:25.1+00', 'AUD', 'EUR', 'Eau', '81343a04-99a2-4a55-9cc7-0a4dded6971e', NULL, NULL, false, 'confirmed', '2026-04-20', '2026-04-20'),
	('e9598840-1d17-4ec0-8319-386a06aa9d87', '8516d948-4970-453a-912e-e984afabddb9', 'a17904a9-f468-4999-a181-888ecbcda5d3', 'expense', 25, 'EUR', 'Test Trois', '[Trip] Tetuu', '2026-04-20', '2026-04-20', false, false, false, '2026-04-20 04:29:04.835529+00', '62840f74-3128-48c7-b431-2172f608246a', '2026-04-20 04:29:04.835529+00', NULL, true, NULL, true, 1.6438, 'fx', '2026-04-20 04:29:04.705+00', 'AUD', 'EUR', NULL, '81343a04-99a2-4a55-9cc7-0a4dded6971e', NULL, NULL, false, 'confirmed', '2026-04-21', '2026-04-22'),
	('2e425dc2-fba5-4edd-8a4c-0f826974c39a', '6db47d6b-6e2e-4886-a262-520a91854f4c', '73d2ed75-3bd8-44fd-b907-17ecee6b2231', 'expense', 333.33, 'JPY', 'Sorties', '[Trip] Bière', '2026-04-21', '2026-04-21', false, false, false, '2026-04-21 01:50:51.312033+00', 'bffe4068-e6bc-482c-8f97-24d6b4f8808b', '2026-04-21 01:50:51.312033+00', NULL, true, NULL, true, 1, 'none', '2026-04-21 01:50:51.101+00', 'JPY', 'JPY', 'Fête', 'd6c3e70a-d31f-4647-91e8-e12830d0c00d', NULL, NULL, false, 'confirmed', '2026-04-20', '2026-04-20'),
	('e2d82305-8709-4381-b893-84965caad275', '6db47d6b-6e2e-4886-a262-520a91854f4c', '73d2ed75-3bd8-44fd-b907-17ecee6b2231', 'expense', 10000, 'JPY', 'Sorties', '[Trip] Avance - Karaoke', '2026-05-04', '2026-05-04', true, true, false, '2026-05-05 04:48:26.695261+00', 'bffe4068-e6bc-482c-8f97-24d6b4f8808b', '2026-05-05 04:48:26.695261+00', '6b26548d-8856-4505-b970-fa092dbe77d9', false, NULL, false, 1, 'none', '2026-05-05 04:48:25.804+00', 'JPY', 'JPY', 'Fête', 'd6c3e70a-d31f-4647-91e8-e12830d0c00d', NULL, NULL, false, 'confirmed', '2026-05-04', '2026-05-04'),
	('3f547320-f94a-490a-b0f3-664a10a1e3d7', '6db47d6b-6e2e-4886-a262-520a91854f4c', '73d2ed75-3bd8-44fd-b907-17ecee6b2231', 'expense', 1725, 'JPY', 'Ajustement wallet', 'Ajustement wallet — Cash (8 220,00 JPY → 6 495,00 JPY)', '2026-05-06', '2026-05-06', true, true, false, '2026-05-06 03:14:22.439906+00', 'bffe4068-e6bc-482c-8f97-24d6b4f8808b', '2026-05-06 03:14:22.439906+00', NULL, false, NULL, false, 1, 'none', '2026-05-06 03:14:21.501+00', 'JPY', 'JPY', NULL, 'd6c3e70a-d31f-4647-91e8-e12830d0c00d', NULL, NULL, false, 'confirmed', '2026-05-06', '2026-05-06'),
	('e4cc9520-49b8-442e-9e45-06ef3cb8b0c9', 'b63f45f3-fc01-4714-8cc4-a09ab49e18c7', 'a34b80ed-1711-4205-8a7c-14e0e55eab93', 'expense', 100, 'THB', 'Autre', 'Autre', '2026-03-11', '2026-03-11', true, false, false, '2026-03-11 04:25:41.249284+00', 'a17d77d8-2eb6-4e75-8622-55fa4a7de8dd', '2026-03-11 04:25:41.249284+00', NULL, true, NULL, false, 1, 'none', '2026-03-11 04:25:39.358+00', 'THB', 'THB', NULL, 'dd97e3e5-77b8-44e8-bcca-9dabb6fbc06d', NULL, NULL, false, 'confirmed', '2026-03-11', '2026-03-11'),
	('52fae548-bf6c-4777-8aef-eb6dbfc8e27f', '6db47d6b-6e2e-4886-a262-520a91854f4c', '4e2f798d-caa6-4134-9da1-57097cc07265', 'expense', 61.01, 'EUR', 'Logement', '[Trip] Avance - Hotel', '2026-04-12', '2026-04-12', true, true, false, '2026-04-12 11:37:31.499229+00', 'bffe4068-e6bc-482c-8f97-24d6b4f8808b', '2026-04-12 11:37:31.499229+00', 'c045a0f3-5af7-4aef-bc98-c95ddca9b7e5', false, NULL, false, 186.43, 'fx', '2026-04-12 11:37:30.323+00', 'JPY', 'EUR', 'Hôtel', 'd6c3e70a-d31f-4647-91e8-e12830d0c00d', NULL, NULL, false, 'confirmed', '2026-04-12', '2026-04-12'),
	('f6f4f569-7ceb-4314-8449-d38f57e44f53', '6db47d6b-6e2e-4886-a262-520a91854f4c', '73d2ed75-3bd8-44fd-b907-17ecee6b2231', 'expense', 800, 'JPY', 'Sorties', '[Trip] Momkey', '2026-04-08', '2026-04-08', false, false, false, '2026-04-08 09:12:13.768506+00', 'bffe4068-e6bc-482c-8f97-24d6b4f8808b', '2026-04-08 09:12:13.768506+00', NULL, true, NULL, true, 1, 'none', '2026-04-08 09:12:13.14+00', 'JPY', 'JPY', 'Culturel', 'd6c3e70a-d31f-4647-91e8-e12830d0c00d', NULL, NULL, false, 'confirmed', '2026-04-08', '2026-04-08'),
	('65ad1b41-8810-4226-a5a2-bddc330bc1ff', '6db47d6b-6e2e-4886-a262-520a91854f4c', '73d2ed75-3bd8-44fd-b907-17ecee6b2231', 'expense', 170, 'JPY', 'Course', '[Trip] Lait', '2026-04-11', '2026-04-11', false, false, false, '2026-04-11 07:49:04.982669+00', 'bffe4068-e6bc-482c-8f97-24d6b4f8808b', '2026-04-11 07:49:04.982669+00', NULL, true, NULL, true, 1, 'none', '2026-04-11 07:49:04.619+00', 'JPY', 'JPY', 'Supermarché', 'd6c3e70a-d31f-4647-91e8-e12830d0c00d', NULL, NULL, false, 'confirmed', '2026-04-11', '2026-04-11'),
	('636a5c75-5204-4c03-8264-07a74385c960', '6db47d6b-6e2e-4886-a262-520a91854f4c', '73d2ed75-3bd8-44fd-b907-17ecee6b2231', 'expense', 3960, 'JPY', 'Logement', '[Trip] Club', '2026-04-14', '2026-04-14', false, false, false, '2026-04-15 02:15:45.707359+00', 'bffe4068-e6bc-482c-8f97-24d6b4f8808b', '2026-04-15 02:15:45.707359+00', NULL, true, NULL, true, 1, 'none', '2026-04-15 02:15:45.299+00', 'JPY', 'JPY', 'Auberge', 'd6c3e70a-d31f-4647-91e8-e12830d0c00d', NULL, NULL, false, 'confirmed', '2026-04-14', '2026-04-14'),
	('9ae11a8d-a7df-4d29-9958-5b728be5107e', '6db47d6b-6e2e-4886-a262-520a91854f4c', '73d2ed75-3bd8-44fd-b907-17ecee6b2231', 'expense', 90, 'JPY', 'Course', 'Course', '2026-04-06', '2026-04-06', true, false, false, '2026-04-06 08:42:29.060767+00', 'bffe4068-e6bc-482c-8f97-24d6b4f8808b', '2026-04-06 08:42:29.060767+00', NULL, true, NULL, false, 1, 'none', '2026-04-06 08:42:29.701+00', 'JPY', 'JPY', 'Eau', 'd6c3e70a-d31f-4647-91e8-e12830d0c00d', NULL, NULL, false, 'confirmed', '2026-04-06', '2026-04-06'),
	('b4453d23-4c3d-42fd-9793-9e43c7ea6f8d', '6db47d6b-6e2e-4886-a262-520a91854f4c', '4e2f798d-caa6-4134-9da1-57097cc07265', 'expense', 32.2, 'EUR', 'Logement', '[Trip] Avance - Nara', '2026-04-26', '2026-04-26', true, true, false, '2026-04-27 01:50:27.869087+00', 'bffe4068-e6bc-482c-8f97-24d6b4f8808b', '2026-04-27 01:50:27.869087+00', 'b7f0a99f-59b9-4b25-9925-b17c550bbc7a', false, NULL, false, 186.71, 'fx', '2026-04-27 01:50:27.301+00', 'JPY', 'EUR', 'Guesthouse', 'd6c3e70a-d31f-4647-91e8-e12830d0c00d', NULL, NULL, false, 'confirmed', '2026-04-27', '2026-04-28'),
	('a8a3a165-0aeb-4db8-9626-2202480e410b', '6db47d6b-6e2e-4886-a262-520a91854f4c', '4e2f798d-caa6-4134-9da1-57097cc07265', 'expense', 3.22, 'EUR', 'Repas', '[Trip] Avance - Mcdal', '2026-04-28', '2026-04-28', true, true, false, '2026-04-29 01:53:46.740704+00', 'bffe4068-e6bc-482c-8f97-24d6b4f8808b', '2026-04-29 01:53:46.740704+00', '4b71aba1-56a4-479e-aa5a-40010ad871ff', false, NULL, false, 186.58, 'fx', '2026-04-29 01:53:43.697+00', 'JPY', 'EUR', NULL, 'd6c3e70a-d31f-4647-91e8-e12830d0c00d', NULL, NULL, false, 'confirmed', '2026-04-28', '2026-04-28'),
	('565a84cd-8765-4ab7-8844-60e69a30143e', '6db47d6b-6e2e-4886-a262-520a91854f4c', '73d2ed75-3bd8-44fd-b907-17ecee6b2231', 'expense', 270, 'JPY', 'Course', 'Milk', '2026-05-02', '2026-05-02', true, false, false, '2026-05-02 11:27:55.826631+00', 'bffe4068-e6bc-482c-8f97-24d6b4f8808b', '2026-05-02 11:27:55.826631+00', NULL, true, NULL, false, 1, 'none', '2026-05-02 11:27:54.079+00', 'JPY', 'JPY', 'Snacks', 'd6c3e70a-d31f-4647-91e8-e12830d0c00d', NULL, NULL, false, 'confirmed', '2026-05-02', '2026-05-02'),
	('a8e8ed79-f876-4b9a-9452-ff532efff297', '6db47d6b-6e2e-4886-a262-520a91854f4c', '4e2f798d-caa6-4134-9da1-57097cc07265', 'expense', 1000, 'EUR', 'Autre', 'Remboursement Mamie', '2026-08-05', '2026-08-05', false, true, false, '2026-03-25 09:10:36.075461+00', 'bffe4068-e6bc-482c-8f97-24d6b4f8808b', '2026-04-18 05:41:16.592+00', NULL, false, NULL, false, NULL, NULL, '2026-03-25 09:10:36.075461+00', NULL, NULL, 'Remboursement', 'd6c3e70a-d31f-4647-91e8-e12830d0c00d', 'e7907111-b085-45ee-ba65-d816779da1f9', '2026-08-05', true, 'generated', '2026-08-05', '2026-08-05'),
	('b6930ee1-b9f8-42ff-b2df-1695ed7927f1', '6db47d6b-6e2e-4886-a262-520a91854f4c', '73d2ed75-3bd8-44fd-b907-17ecee6b2231', 'expense', 150, 'JPY', 'Course', 'Course', '2026-05-03', '2026-05-03', true, false, false, '2026-05-03 10:08:50.605794+00', 'bffe4068-e6bc-482c-8f97-24d6b4f8808b', '2026-05-03 10:08:50.605794+00', NULL, true, NULL, false, 1, 'none', '2026-05-03 10:08:50.385+00', 'JPY', 'JPY', 'Eau', 'd6c3e70a-d31f-4647-91e8-e12830d0c00d', NULL, NULL, false, 'confirmed', '2026-05-03', '2026-05-03'),
	('9748cc91-2c27-4e7f-9e7d-28682c56e267', '6db47d6b-6e2e-4886-a262-520a91854f4c', '73d2ed75-3bd8-44fd-b907-17ecee6b2231', 'expense', 5000, 'JPY', 'Sorties', '[Trip] Karaoke', '2026-05-04', '2026-05-04', false, false, false, '2026-05-05 04:48:32.11381+00', 'bffe4068-e6bc-482c-8f97-24d6b4f8808b', '2026-05-05 04:48:32.11381+00', NULL, true, NULL, true, 1, 'none', '2026-05-05 04:48:31.228+00', 'JPY', 'JPY', 'Fête', 'd6c3e70a-d31f-4647-91e8-e12830d0c00d', NULL, NULL, false, 'confirmed', '2026-05-04', '2026-05-04'),
	('95161d30-6a70-4ee7-a751-a45fa255e270', '8516d948-4970-453a-912e-e984afabddb9', 'a17904a9-f468-4999-a181-888ecbcda5d3', 'expense', 25, 'EUR', 'Repas', '[Trip] test', '2026-04-20', '2026-04-20', false, false, false, '2026-04-20 04:28:27.660969+00', '62840f74-3128-48c7-b431-2172f608246a', '2026-04-20 04:28:27.660969+00', NULL, true, NULL, true, 1.6438, 'fx', '2026-04-20 04:28:27.547+00', 'AUD', 'EUR', 'Eau', '81343a04-99a2-4a55-9cc7-0a4dded6971e', NULL, NULL, false, 'confirmed', '2026-04-20', '2026-04-20'),
	('2cd52094-3012-42be-8677-7db198f157b8', '6db47d6b-6e2e-4886-a262-520a91854f4c', '4e2f798d-caa6-4134-9da1-57097cc07265', 'expense', 12.33, 'EUR', 'Logement', '[Trip] Hotel', '2026-04-23', '2026-04-23', false, false, false, '2026-04-23 02:37:40.362498+00', 'bffe4068-e6bc-482c-8f97-24d6b4f8808b', '2026-04-23 02:37:40.362498+00', NULL, true, NULL, true, 186.81, 'fx', '2026-04-23 02:37:40.098+00', 'JPY', 'EUR', 'Hôtel', 'd6c3e70a-d31f-4647-91e8-e12830d0c00d', NULL, NULL, false, 'confirmed', '2026-04-23', '2026-04-23'),
	('2912107a-ae49-4098-be69-8067d9799a04', '6db47d6b-6e2e-4886-a262-520a91854f4c', '73d2ed75-3bd8-44fd-b907-17ecee6b2231', 'expense', 200, 'JPY', 'Laundry', '[Trip] Avance - Laundry dry', '2026-05-06', '2026-05-06', true, true, false, '2026-05-06 03:49:19.914566+00', 'bffe4068-e6bc-482c-8f97-24d6b4f8808b', '2026-05-06 03:49:19.914566+00', 'fc8dcd0d-b760-4b31-af47-39aed88686e9', false, NULL, false, 1, 'none', '2026-05-06 03:49:18.744+00', 'JPY', 'JPY', 'Self Laundry', 'd6c3e70a-d31f-4647-91e8-e12830d0c00d', NULL, NULL, false, 'confirmed', '2026-05-06', '2026-05-06'),
	('404bc0df-9255-4537-bb33-cd531a8f620f', '6db47d6b-6e2e-4886-a262-520a91854f4c', '73d2ed75-3bd8-44fd-b907-17ecee6b2231', 'expense', 1516.66, 'JPY', 'Transport', '[Trip] Peage ile', '2026-04-18', '2026-04-18', false, false, false, '2026-04-18 06:19:50.57674+00', 'bffe4068-e6bc-482c-8f97-24d6b4f8808b', '2026-04-18 06:19:50.57674+00', NULL, true, NULL, true, 1, 'none', '2026-04-18 06:19:49.75+00', 'JPY', 'JPY', 'Péage', 'd6c3e70a-d31f-4647-91e8-e12830d0c00d', NULL, NULL, false, 'confirmed', '2026-04-18', '2026-04-18'),
	('4c5f6063-ed23-4a96-8795-9aff963086c5', '6db47d6b-6e2e-4886-a262-520a91854f4c', '4e2f798d-caa6-4134-9da1-57097cc07265', 'expense', 20.34, 'EUR', 'Logement', '[Trip] Hotel', '2026-04-12', '2026-04-12', false, false, false, '2026-04-12 11:37:35.718288+00', 'bffe4068-e6bc-482c-8f97-24d6b4f8808b', '2026-04-12 11:37:35.718288+00', NULL, true, NULL, true, 186.43, 'fx', '2026-04-12 11:37:34.564+00', 'JPY', 'EUR', 'Hôtel', 'd6c3e70a-d31f-4647-91e8-e12830d0c00d', NULL, NULL, false, 'confirmed', '2026-04-12', '2026-04-12'),
	('e2180882-b5a2-47c6-96b5-985a20c4345c', '6db47d6b-6e2e-4886-a262-520a91854f4c', '73d2ed75-3bd8-44fd-b907-17ecee6b2231', 'expense', 850, 'JPY', 'Repas', '[Trip] Avance - Petit dejeuner', '2026-04-17', '2026-04-17', true, true, false, '2026-04-16 10:24:54.553294+00', 'bffe4068-e6bc-482c-8f97-24d6b4f8808b', '2026-04-16 10:24:54.553294+00', 'd6a8ea50-9e5f-4361-ad52-2fdb3f840cfe', false, NULL, false, 1, 'none', '2026-04-16 10:24:52.379+00', 'JPY', 'JPY', 'Petit-déjeuner', 'd6c3e70a-d31f-4647-91e8-e12830d0c00d', NULL, NULL, false, 'confirmed', '2026-04-17', '2026-04-17'),
	('5cc350e3-832b-4651-b9ee-0efd7468aeec', '6db47d6b-6e2e-4886-a262-520a91854f4c', '73d2ed75-3bd8-44fd-b907-17ecee6b2231', 'expense', 4000, 'JPY', 'Repas', '[Trip] Avance - Restau', '2026-04-02', '2026-04-02', true, true, false, '2026-04-03 02:36:55.901284+00', 'bffe4068-e6bc-482c-8f97-24d6b4f8808b', '2026-04-03 02:36:55.901284+00', '0991edad-fcf6-4882-a3cc-e31b2837318f', false, NULL, false, 1, 'none', '2026-04-03 02:36:54.804+00', 'JPY', 'JPY', 'Déjeuner', 'd6c3e70a-d31f-4647-91e8-e12830d0c00d', NULL, NULL, false, 'confirmed', '2026-04-02', '2026-04-02'),
	('2fc1fdad-e83c-4339-bb65-7d03ab9cb1f3', '6db47d6b-6e2e-4886-a262-520a91854f4c', '73d2ed75-3bd8-44fd-b907-17ecee6b2231', 'expense', 1220, 'JPY', 'Repas', '[Trip] Ramen', '2026-04-24', '2026-04-24', false, false, false, '2026-04-24 04:22:04.198202+00', 'bffe4068-e6bc-482c-8f97-24d6b4f8808b', '2026-04-24 04:22:04.198202+00', NULL, true, NULL, true, 1, 'none', '2026-04-24 04:22:02.997+00', 'JPY', 'JPY', 'Déjeuner', 'd6c3e70a-d31f-4647-91e8-e12830d0c00d', NULL, NULL, false, 'confirmed', '2026-04-24', '2026-04-24'),
	('e7de4e80-c9fe-4603-8512-c2ed9fc5d225', '6db47d6b-6e2e-4886-a262-520a91854f4c', '4e2f798d-caa6-4134-9da1-57097cc07265', 'expense', 16.1, 'EUR', 'Logement', '[Trip] Nara', '2026-04-26', '2026-04-26', false, false, false, '2026-04-27 01:50:32.459203+00', 'bffe4068-e6bc-482c-8f97-24d6b4f8808b', '2026-04-27 01:50:32.459203+00', NULL, true, NULL, true, 186.71, 'fx', '2026-04-27 01:50:31.896+00', 'JPY', 'EUR', 'Guesthouse', 'd6c3e70a-d31f-4647-91e8-e12830d0c00d', NULL, NULL, false, 'confirmed', '2026-04-27', '2026-04-28'),
	('93cf5765-40fb-4699-b926-3685821df8dc', '6db47d6b-6e2e-4886-a262-520a91854f4c', '4e2f798d-caa6-4134-9da1-57097cc07265', 'expense', 1.61, 'EUR', 'Repas', '[Trip] Mcdal', '2026-04-28', '2026-04-28', false, false, false, '2026-04-29 01:53:57.142877+00', 'bffe4068-e6bc-482c-8f97-24d6b4f8808b', '2026-04-29 01:53:57.142877+00', NULL, true, NULL, true, 186.58, 'fx', '2026-04-29 01:53:54.084+00', 'JPY', 'EUR', NULL, 'd6c3e70a-d31f-4647-91e8-e12830d0c00d', NULL, NULL, false, 'confirmed', '2026-04-28', '2026-04-28'),
	('7441cb9b-a5f4-4b5c-9b0a-9c9d6db7146c', '8516d948-4970-453a-912e-e984afabddb9', 'a17904a9-f468-4999-a181-888ecbcda5d3', 'expense', 50, 'EUR', 'Test Trois', '[Trip] Avance - Tetuu', '2026-04-20', '2026-04-20', true, true, false, '2026-04-20 04:29:02.494672+00', '62840f74-3128-48c7-b431-2172f608246a', '2026-04-20 04:29:02.494672+00', 'fe362830-1b22-454b-bcc9-55d592109d6f', false, NULL, false, 1.6438, 'fx', '2026-04-20 04:29:02.38+00', 'AUD', 'EUR', NULL, '81343a04-99a2-4a55-9cc7-0a4dded6971e', NULL, NULL, false, 'confirmed', '2026-04-21', '2026-04-22'),
	('cda6d541-ccad-413d-bd68-811fc5d64dd2', '8516d948-4970-453a-912e-e984afabddb9', 'a17904a9-f468-4999-a181-888ecbcda5d3', 'expense', 25, 'EUR', 'Repas', '[Trip] Test2', '2026-04-20', '2026-04-20', false, false, false, '2026-04-20 04:29:53.08812+00', '62840f74-3128-48c7-b431-2172f608246a', '2026-04-20 04:29:53.08812+00', NULL, true, NULL, true, 1.6438, 'fx', '2026-04-20 04:29:52.965+00', 'AUD', 'EUR', 'Snack', '81343a04-99a2-4a55-9cc7-0a4dded6971e', NULL, NULL, false, 'confirmed', '2026-04-13', '2026-04-14'),
	('0ca66eb6-3dfc-498b-8b9e-577df66c73de', '6db47d6b-6e2e-4886-a262-520a91854f4c', '4e2f798d-caa6-4134-9da1-57097cc07265', 'expense', 11.75, 'EUR', 'Mouvement interne', 'Mouvement interne', '2026-04-30', '2026-04-30', true, true, false, '2026-05-01 02:44:12.052846+00', 'bffe4068-e6bc-482c-8f97-24d6b4f8808b', '2026-05-01 02:44:12.052846+00', NULL, false, NULL, false, 183.21, 'fx', '2026-05-01 02:44:09.102+00', 'JPY', 'EUR', 'Virement', 'd6c3e70a-d31f-4647-91e8-e12830d0c00d', NULL, NULL, false, 'confirmed', '2026-04-30', '2026-04-30'),
	('2e89fd1e-ad40-4c07-bfee-4ae5e9f147ff', '6db47d6b-6e2e-4886-a262-520a91854f4c', '73d2ed75-3bd8-44fd-b907-17ecee6b2231', 'expense', 3600, 'JPY', 'Repas', '[Trip] Avance - Indien', '2026-05-02', '2026-05-02', true, true, false, '2026-05-02 11:29:58.517649+00', 'bffe4068-e6bc-482c-8f97-24d6b4f8808b', '2026-05-02 11:29:58.517649+00', 'a29c0d04-3404-4cdf-a234-5f60aa37e3c7', false, NULL, false, 1, 'none', '2026-05-02 11:29:57.741+00', 'JPY', 'JPY', 'Dîner', 'd6c3e70a-d31f-4647-91e8-e12830d0c00d', NULL, NULL, false, 'confirmed', '2026-05-02', '2026-05-02'),
	('8ac3351e-18a2-4835-a26a-ce35526b9a62', '6db47d6b-6e2e-4886-a262-520a91854f4c', '73d2ed75-3bd8-44fd-b907-17ecee6b2231', 'expense', 130, 'JPY', 'Repas', 'Repas', '2026-04-23', '2026-04-23', true, false, false, '2026-04-23 03:15:47.33112+00', 'bffe4068-e6bc-482c-8f97-24d6b4f8808b', '2026-04-23 03:15:47.33112+00', NULL, true, NULL, false, 1, 'none', '2026-04-23 03:15:45.57+00', 'JPY', 'JPY', 'Petit-déjeuner', 'd6c3e70a-d31f-4647-91e8-e12830d0c00d', NULL, NULL, false, 'confirmed', '2026-04-23', '2026-04-23'),
	('401a6ebd-40f9-46f5-a94a-517d2aae8c6f', '6db47d6b-6e2e-4886-a262-520a91854f4c', '73d2ed75-3bd8-44fd-b907-17ecee6b2231', 'expense', 2300, 'JPY', 'Sorties', '7/11', '2026-05-03', '2026-05-03', true, false, false, '2026-05-03 10:28:23.988148+00', 'bffe4068-e6bc-482c-8f97-24d6b4f8808b', '2026-05-03 10:28:23.988148+00', NULL, true, NULL, false, 1, 'none', '2026-05-03 10:28:22.136+00', 'JPY', 'JPY', 'Fête', 'd6c3e70a-d31f-4647-91e8-e12830d0c00d', NULL, NULL, false, 'confirmed', '2026-05-03', '2026-05-03'),
	('966bff15-2f19-4d0d-8cfe-405092d0a6a8', '6db47d6b-6e2e-4886-a262-520a91854f4c', '73d2ed75-3bd8-44fd-b907-17ecee6b2231', 'income', 40000, 'JPY', 'Mouvement interne', 'Mouvement interne', '2026-05-03', '2026-05-03', true, true, false, '2026-05-03 10:28:37.574156+00', 'bffe4068-e6bc-482c-8f97-24d6b4f8808b', '2026-05-03 10:28:37.574156+00', NULL, false, NULL, false, 1, 'none', '2026-05-03 10:28:37.236+00', 'JPY', 'JPY', 'Retrait', 'd6c3e70a-d31f-4647-91e8-e12830d0c00d', NULL, NULL, false, 'confirmed', '2026-05-03', '2026-05-03'),
	('1ce030d6-5aba-49d4-a713-37b344b25ea0', '6db47d6b-6e2e-4886-a262-520a91854f4c', '73d2ed75-3bd8-44fd-b907-17ecee6b2231', 'expense', 440, 'JPY', 'Sorties', 'Chaussure escalade', '2026-05-05', '2026-05-05', true, false, false, '2026-05-05 08:40:02.38262+00', 'bffe4068-e6bc-482c-8f97-24d6b4f8808b', '2026-05-05 08:40:02.38262+00', NULL, true, NULL, false, 1, 'none', '2026-05-05 08:40:01.292+00', 'JPY', 'JPY', 'Sportive', 'd6c3e70a-d31f-4647-91e8-e12830d0c00d', NULL, NULL, false, 'confirmed', '2026-05-05', '2026-05-05'),
	('c9598a56-0b94-4c92-ab09-c5a7c1ccf4da', '6db47d6b-6e2e-4886-a262-520a91854f4c', '73d2ed75-3bd8-44fd-b907-17ecee6b2231', 'expense', 100, 'JPY', 'Laundry', '[Trip] Laundry dry', '2026-05-06', '2026-05-06', false, false, false, '2026-05-06 03:49:23.797607+00', 'bffe4068-e6bc-482c-8f97-24d6b4f8808b', '2026-05-06 03:49:23.797607+00', NULL, true, NULL, true, 1, 'none', '2026-05-06 03:49:22.909+00', 'JPY', 'JPY', 'Self Laundry', 'd6c3e70a-d31f-4647-91e8-e12830d0c00d', NULL, NULL, false, 'confirmed', '2026-05-06', '2026-05-06'),
	('69f46f5b-d409-4494-9ba6-ba5b765c3d17', '6db47d6b-6e2e-4886-a262-520a91854f4c', '73d2ed75-3bd8-44fd-b907-17ecee6b2231', 'expense', 1760, 'JPY', 'Sorties', '[Trip] Gym', '2026-04-18', '2026-04-18', false, false, false, '2026-04-18 11:02:43.868882+00', 'bffe4068-e6bc-482c-8f97-24d6b4f8808b', '2026-04-18 11:02:43.868882+00', NULL, true, NULL, true, 1, 'none', '2026-04-18 11:02:42.883+00', 'JPY', 'JPY', 'Sportive', 'd6c3e70a-d31f-4647-91e8-e12830d0c00d', NULL, NULL, false, 'confirmed', '2026-04-18', '2026-04-18'),
	('60adcb4c-3c95-4c42-8b9a-e1289febac4c', '6db47d6b-6e2e-4886-a262-520a91854f4c', '73d2ed75-3bd8-44fd-b907-17ecee6b2231', 'expense', 1500, 'JPY', 'Transport', '[Trip] Ferry', '2026-04-03', '2026-04-03', false, false, false, '2026-03-28 14:17:11.490589+00', 'bffe4068-e6bc-482c-8f97-24d6b4f8808b', '2026-03-28 14:17:11.490589+00', NULL, true, NULL, true, 1, 'none', '2026-03-28 14:17:11.155+00', 'JPY', 'JPY', 'Ferry local', 'd6c3e70a-d31f-4647-91e8-e12830d0c00d', NULL, NULL, false, 'confirmed', '2026-04-03', '2026-04-03'),
	('dfafdec6-5ae5-4e4e-a24c-d6f769ea1564', '6db47d6b-6e2e-4886-a262-520a91854f4c', '73d2ed75-3bd8-44fd-b907-17ecee6b2231', 'expense', 2000, 'JPY', 'Repas', '[Trip] Restau', '2026-04-02', '2026-04-02', false, false, false, '2026-04-03 02:36:59.490111+00', 'bffe4068-e6bc-482c-8f97-24d6b4f8808b', '2026-04-03 02:36:59.490111+00', NULL, true, NULL, true, 1, 'none', '2026-04-03 02:36:58.372+00', 'JPY', 'JPY', 'Déjeuner', 'd6c3e70a-d31f-4647-91e8-e12830d0c00d', NULL, NULL, false, 'confirmed', '2026-04-02', '2026-04-02'),
	('f6740f6a-daa5-4537-9f0b-5d2e39516bc7', '6db47d6b-6e2e-4886-a262-520a91854f4c', '73d2ed75-3bd8-44fd-b907-17ecee6b2231', 'expense', 4000, 'JPY', 'Repas', '[Trip] Restau boubou', '2026-03-28', '2026-03-28', false, false, false, '2026-03-28 14:15:18.417435+00', 'bffe4068-e6bc-482c-8f97-24d6b4f8808b', '2026-03-28 14:15:18.417435+00', NULL, true, NULL, true, 1, 'none', '2026-03-28 14:15:18.087+00', 'JPY', 'JPY', 'Déjeuner', 'd6c3e70a-d31f-4647-91e8-e12830d0c00d', NULL, NULL, false, 'confirmed', '2026-03-28', '2026-03-28'),
	('5343f627-fcd6-41b0-a65e-2292d8fd9309', '6db47d6b-6e2e-4886-a262-520a91854f4c', '73d2ed75-3bd8-44fd-b907-17ecee6b2231', 'expense', 260.33, 'JPY', 'Repas', '[Trip] Petit Dej', '2026-04-13', '2026-04-13', false, false, false, '2026-04-12 11:51:35.782839+00', 'bffe4068-e6bc-482c-8f97-24d6b4f8808b', '2026-04-12 11:51:35.782839+00', NULL, true, NULL, true, 1, 'none', '2026-04-12 11:51:34.547+00', 'JPY', 'JPY', 'Petit-déjeuner', 'd6c3e70a-d31f-4647-91e8-e12830d0c00d', NULL, NULL, false, 'confirmed', '2026-04-13', '2026-04-13'),
	('994a5065-cf52-41f9-92c8-48f412c35e3d', '6db47d6b-6e2e-4886-a262-520a91854f4c', '4e2f798d-caa6-4134-9da1-57097cc07265', 'expense', 12, 'EUR', 'Frais bancaire', 'Frais MonaB Uniq+', '2026-04-06', '2026-04-06', true, false, false, '2026-03-15 04:32:38.552877+00', 'bffe4068-e6bc-482c-8f97-24d6b4f8808b', '2026-04-07 01:20:10.739+00', NULL, true, NULL, false, NULL, NULL, '2026-03-15 04:32:38.552877+00', NULL, NULL, NULL, 'd6c3e70a-d31f-4647-91e8-e12830d0c00d', '010da0e4-eb9a-45b4-a485-f8c71b614e73', '2026-04-06', true, 'generated', '2026-04-06', '2026-04-06'),
	('9d53c22b-f2a5-467c-ade3-567516639055', '6db47d6b-6e2e-4886-a262-520a91854f4c', '4e2f798d-caa6-4134-9da1-57097cc07265', 'expense', 51.5, 'EUR', 'Logement', '[Trip] Avance - Kioto', '2026-04-24', '2026-04-24', true, true, false, '2026-04-24 04:52:22.122017+00', 'bffe4068-e6bc-482c-8f97-24d6b4f8808b', '2026-04-24 04:52:22.122017+00', 'eb9d0e1e-5da1-4da7-955d-b5e4f01c7f53', false, NULL, false, 186.5, 'fx', '2026-04-24 04:52:20.982+00', 'JPY', 'EUR', 'Auberge', 'd6c3e70a-d31f-4647-91e8-e12830d0c00d', NULL, NULL, false, 'confirmed', '2026-04-24', '2026-04-25'),
	('d5719829-d4f4-4327-886f-a72d35d95592', '6db47d6b-6e2e-4886-a262-520a91854f4c', '73d2ed75-3bd8-44fd-b907-17ecee6b2231', 'expense', 2000, 'JPY', 'Transport', 'Recharge', '2026-04-26', '2026-04-26', true, false, false, '2026-04-27 05:07:56.687785+00', 'bffe4068-e6bc-482c-8f97-24d6b4f8808b', '2026-04-27 05:07:56.687785+00', NULL, true, NULL, false, 1, 'none', '2026-04-27 05:07:54.9+00', 'JPY', 'JPY', 'Bus local', 'd6c3e70a-d31f-4647-91e8-e12830d0c00d', NULL, NULL, false, 'confirmed', '2026-04-26', '2026-04-26'),
	('57639f21-6c29-49b8-beb2-8904dafe47d9', '8516d948-4970-453a-912e-e984afabddb9', 'a17904a9-f468-4999-a181-888ecbcda5d3', 'expense', 50, 'EUR', 'Repas', '[Trip] Avance - Test2', '2026-04-20', '2026-04-20', true, true, false, '2026-04-20 04:29:50.772171+00', '62840f74-3128-48c7-b431-2172f608246a', '2026-04-20 04:29:50.772171+00', '54504449-179b-440e-a36d-aed2bcec3ed9', false, NULL, false, 1.6438, 'fx', '2026-04-20 04:29:50.668+00', 'AUD', 'EUR', 'Snack', '81343a04-99a2-4a55-9cc7-0a4dded6971e', NULL, NULL, false, 'confirmed', '2026-04-13', '2026-04-14'),
	('06231907-dfac-4dd5-b859-52f3bb6bb297', '6db47d6b-6e2e-4886-a262-520a91854f4c', '73d2ed75-3bd8-44fd-b907-17ecee6b2231', 'expense', 497, 'JPY', 'Repas', 'Repas', '2026-04-14', '2026-04-14', true, false, false, '2026-04-15 02:36:10.415389+00', 'bffe4068-e6bc-482c-8f97-24d6b4f8808b', '2026-04-15 02:36:10.415389+00', NULL, true, NULL, false, 1, 'none', '2026-04-15 02:36:08.852+00', 'JPY', 'JPY', 'Snack', 'd6c3e70a-d31f-4647-91e8-e12830d0c00d', NULL, NULL, false, 'confirmed', '2026-04-14', '2026-04-14'),
	('c719640e-1c38-477a-a3b5-b03b01066cbd', '6db47d6b-6e2e-4886-a262-520a91854f4c', '73d2ed75-3bd8-44fd-b907-17ecee6b2231', 'expense', 3000, 'JPY', 'Sorties', '[Trip] Avance - Baseball', '2026-04-21', '2026-04-21', true, true, false, '2026-04-21 03:21:27.054239+00', 'bffe4068-e6bc-482c-8f97-24d6b4f8808b', '2026-04-21 03:21:27.054239+00', '7789ca04-4471-4526-8aaf-913c8979a34a', false, NULL, false, 1, 'none', '2026-04-21 03:21:26.737+00', 'JPY', 'JPY', 'Sportive', 'd6c3e70a-d31f-4647-91e8-e12830d0c00d', NULL, NULL, false, 'confirmed', '2026-04-21', '2026-04-21'),
	('ab9e8eb5-bc94-491e-a55e-9978e5272e80', '6db47d6b-6e2e-4886-a262-520a91854f4c', '73d2ed75-3bd8-44fd-b907-17ecee6b2231', 'expense', 1166.67, 'JPY', 'Sorties', '[Trip] Baseball', '2026-04-21', '2026-04-21', false, false, false, '2026-04-21 03:21:30.557484+00', 'bffe4068-e6bc-482c-8f97-24d6b4f8808b', '2026-04-21 03:21:30.557484+00', NULL, true, NULL, true, 1, 'none', '2026-04-21 03:21:30.251+00', 'JPY', 'JPY', 'Sportive', 'd6c3e70a-d31f-4647-91e8-e12830d0c00d', NULL, NULL, false, 'confirmed', '2026-04-21', '2026-04-21'),
	('07c400f2-2fe6-4fce-afe1-1684f574c08b', '6db47d6b-6e2e-4886-a262-520a91854f4c', '4e2f798d-caa6-4134-9da1-57097cc07265', 'expense', 45.5, 'EUR', 'Logement', '[Trip] Fujinomiya', '2026-04-28', '2026-04-28', false, false, false, '2026-04-29 01:55:09.798781+00', 'bffe4068-e6bc-482c-8f97-24d6b4f8808b', '2026-04-29 01:55:09.798781+00', NULL, true, NULL, true, 186.58, 'fx', '2026-04-29 01:55:07.547+00', 'JPY', 'EUR', 'Guesthouse', 'd6c3e70a-d31f-4647-91e8-e12830d0c00d', NULL, NULL, false, 'confirmed', '2026-04-29', '2026-05-01'),
	('2e05b299-1ac2-4bae-9863-685ad1b3e511', '6db47d6b-6e2e-4886-a262-520a91854f4c', '73d2ed75-3bd8-44fd-b907-17ecee6b2231', 'expense', 1333.33, 'JPY', 'Transport', '[Trip] Essence', '2026-04-23', '2026-04-23', false, false, false, '2026-04-23 04:16:22.952142+00', 'bffe4068-e6bc-482c-8f97-24d6b4f8808b', '2026-04-23 04:16:22.952142+00', NULL, true, NULL, true, 1, 'none', '2026-04-23 04:16:21.963+00', 'JPY', 'JPY', 'Essence', 'd6c3e70a-d31f-4647-91e8-e12830d0c00d', NULL, NULL, false, 'confirmed', '2026-04-23', '2026-04-23'),
	('189aaf74-bace-477d-8c7b-000edf90a23a', '6db47d6b-6e2e-4886-a262-520a91854f4c', 'a917b294-a90a-4e48-8e7d-993156ac7af5', 'income', 11.75, 'EUR', 'Mouvement interne', 'Mouvement interne', '2026-04-30', '2026-04-30', true, true, false, '2026-05-01 02:44:31.296227+00', 'bffe4068-e6bc-482c-8f97-24d6b4f8808b', '2026-05-01 02:44:31.296227+00', NULL, false, NULL, false, 183.21, 'fx', '2026-05-01 02:44:29.594+00', 'JPY', 'EUR', 'Virement', 'd6c3e70a-d31f-4647-91e8-e12830d0c00d', NULL, NULL, false, 'confirmed', '2026-04-30', '2026-04-30'),
	('c50b94b2-2af3-41b2-9e1a-58e80e6f55b2', '6db47d6b-6e2e-4886-a262-520a91854f4c', '73d2ed75-3bd8-44fd-b907-17ecee6b2231', 'expense', 1300, 'JPY', 'Repas', '[Trip] Indien', '2026-05-02', '2026-05-02', false, false, false, '2026-05-02 11:30:01.974137+00', 'bffe4068-e6bc-482c-8f97-24d6b4f8808b', '2026-05-02 11:30:01.974137+00', NULL, true, NULL, true, 1, 'none', '2026-05-02 11:30:01.235+00', 'JPY', 'JPY', 'Dîner', 'd6c3e70a-d31f-4647-91e8-e12830d0c00d', NULL, NULL, false, 'confirmed', '2026-05-02', '2026-05-02'),
	('1d86f424-0a00-4c93-9143-f67b20d03b3f', '6db47d6b-6e2e-4886-a262-520a91854f4c', '4e2f798d-caa6-4134-9da1-57097cc07265', 'expense', 221.38, 'EUR', 'Mouvement interne', 'Mouvement interne', '2026-05-03', '2026-05-03', true, true, false, '2026-05-03 10:29:33.652289+00', 'bffe4068-e6bc-482c-8f97-24d6b4f8808b', '2026-05-03 10:29:33.652289+00', NULL, false, NULL, false, 183.21, 'fx', '2026-05-03 10:29:32.658+00', 'JPY', 'EUR', 'Retrait', 'd6c3e70a-d31f-4647-91e8-e12830d0c00d', NULL, NULL, false, 'confirmed', '2026-05-03', '2026-05-03'),
	('20114e54-3f17-40c6-a2a5-6471eee76f64', '6db47d6b-6e2e-4886-a262-520a91854f4c', '73d2ed75-3bd8-44fd-b907-17ecee6b2231', 'expense', 278, 'JPY', 'Course', 'Course', '2026-05-05', '2026-05-05', true, false, false, '2026-05-05 08:59:21.506534+00', 'bffe4068-e6bc-482c-8f97-24d6b4f8808b', '2026-05-05 08:59:21.506534+00', NULL, true, NULL, false, 1, 'none', '2026-05-05 08:59:19.075+00', 'JPY', 'JPY', 'Snacks', 'd6c3e70a-d31f-4647-91e8-e12830d0c00d', NULL, NULL, false, 'confirmed', '2026-05-05', '2026-05-05'),
	('370b70bd-4557-4b41-944b-b9ef42f91a04', '6db47d6b-6e2e-4886-a262-520a91854f4c', '73d2ed75-3bd8-44fd-b907-17ecee6b2231', 'expense', 2498.33, 'JPY', 'Sorties', '[Trip] Bière', '2026-04-09', '2026-04-09', false, false, false, '2026-05-06 03:50:04.384758+00', 'bffe4068-e6bc-482c-8f97-24d6b4f8808b', '2026-05-06 03:50:04.384758+00', NULL, true, NULL, true, 1, 'none', '2026-05-06 03:50:03.494+00', 'JPY', 'JPY', 'Fête', 'd6c3e70a-d31f-4647-91e8-e12830d0c00d', NULL, NULL, false, 'confirmed', '2026-04-09', '2026-04-09'),
	('d1dd2831-b5e7-42aa-9391-433b163fcc0f', '6db47d6b-6e2e-4886-a262-520a91854f4c', '4e2f798d-caa6-4134-9da1-57097cc07265', 'expense', 12, 'EUR', 'Logement', '[Trip] Auberge', '2026-04-17', '2026-04-17', false, false, false, '2026-04-17 04:36:27.646909+00', 'bffe4068-e6bc-482c-8f97-24d6b4f8808b', '2026-04-17 04:36:27.646909+00', NULL, true, NULL, true, 187.31, 'fx', '2026-04-17 04:36:27.139+00', 'JPY', 'EUR', 'Auberge', 'd6c3e70a-d31f-4647-91e8-e12830d0c00d', NULL, NULL, false, 'confirmed', '2026-04-17', '2026-04-17'),
	('0dfdfffd-11c3-4e48-8887-c1157fad0bea', '6db47d6b-6e2e-4886-a262-520a91854f4c', '73d2ed75-3bd8-44fd-b907-17ecee6b2231', 'expense', 5500, 'JPY', 'Repas', '[Trip] Sushi', '2026-04-10', '2026-04-10', false, false, false, '2026-04-10 15:05:45.694112+00', 'bffe4068-e6bc-482c-8f97-24d6b4f8808b', '2026-04-10 15:05:45.694112+00', NULL, true, NULL, true, 1, 'none', '2026-04-10 15:05:45.104+00', 'JPY', 'JPY', 'Déjeuner', 'd6c3e70a-d31f-4647-91e8-e12830d0c00d', NULL, NULL, false, 'confirmed', '2026-04-10', '2026-04-10'),
	('341c93e3-c305-4a7a-8936-7295cae7adb0', '6db47d6b-6e2e-4886-a262-520a91854f4c', '73d2ed75-3bd8-44fd-b907-17ecee6b2231', 'expense', 2240, 'JPY', 'Repas', '[Trip] Indien', '2026-04-18', '2026-04-18', false, false, false, '2026-04-18 13:53:54.724477+00', 'bffe4068-e6bc-482c-8f97-24d6b4f8808b', '2026-04-18 13:53:54.724477+00', NULL, true, NULL, true, 1, 'none', '2026-04-18 13:53:53.574+00', 'JPY', 'JPY', 'Déjeuner', 'd6c3e70a-d31f-4647-91e8-e12830d0c00d', NULL, NULL, false, 'confirmed', '2026-04-18', '2026-04-18'),
	('27355660-f68b-4ef2-b6cd-488ecd9bfb51', '6db47d6b-6e2e-4886-a262-520a91854f4c', '73d2ed75-3bd8-44fd-b907-17ecee6b2231', 'expense', 780, 'JPY', 'Repas', '[Trip] Diner', '2026-04-12', '2026-04-12', false, false, false, '2026-04-12 11:53:12.278111+00', 'bffe4068-e6bc-482c-8f97-24d6b4f8808b', '2026-04-12 11:53:12.278111+00', NULL, true, NULL, true, 1, 'none', '2026-04-12 11:53:11.042+00', 'JPY', 'JPY', 'Dîner', 'd6c3e70a-d31f-4647-91e8-e12830d0c00d', NULL, NULL, false, 'confirmed', '2026-04-12', '2026-04-12'),
	('a3213e4b-16e9-427f-9ed0-e9e63517d1ab', '6db47d6b-6e2e-4886-a262-520a91854f4c', '73d2ed75-3bd8-44fd-b907-17ecee6b2231', 'expense', 666.67, 'JPY', 'Sorties', '[Trip] Billard', '2026-04-08', '2026-04-08', false, false, false, '2026-04-08 11:02:56.952577+00', 'bffe4068-e6bc-482c-8f97-24d6b4f8808b', '2026-04-08 11:02:56.952577+00', NULL, true, NULL, true, 1, 'none', '2026-04-08 11:02:56.191+00', 'JPY', 'JPY', 'Fête', 'd6c3e70a-d31f-4647-91e8-e12830d0c00d', NULL, NULL, false, 'confirmed', '2026-04-08', '2026-04-08'),
	('06ea80ec-cb27-4c92-ad6c-1803511cee4f', '6db47d6b-6e2e-4886-a262-520a91854f4c', '73d2ed75-3bd8-44fd-b907-17ecee6b2231', 'expense', 750, 'JPY', 'Course', '[Trip] Course', '2026-03-30', '2026-03-30', false, false, false, '2026-03-31 07:47:51.383541+00', 'bffe4068-e6bc-482c-8f97-24d6b4f8808b', '2026-03-31 07:47:51.383541+00', NULL, true, NULL, true, 1, 'none', '2026-03-31 07:47:50.944+00', 'JPY', 'JPY', 'Supermarché', 'd6c3e70a-d31f-4647-91e8-e12830d0c00d', NULL, NULL, false, 'confirmed', '2026-03-30', '2026-03-30'),
	('9a9e5a44-a5dc-4a8c-9a90-f17d11de74dd', '6db47d6b-6e2e-4886-a262-520a91854f4c', '73d2ed75-3bd8-44fd-b907-17ecee6b2231', 'expense', 250, 'JPY', 'Sorties', '[Trip] Bière', '2026-03-31', '2026-03-31', false, false, false, '2026-03-31 07:46:17.168158+00', 'bffe4068-e6bc-482c-8f97-24d6b4f8808b', '2026-03-31 07:46:17.168158+00', NULL, true, NULL, true, 1, 'none', '2026-03-31 07:46:16.713+00', 'JPY', 'JPY', 'Fête', 'd6c3e70a-d31f-4647-91e8-e12830d0c00d', NULL, NULL, false, 'confirmed', '2026-03-31', '2026-03-31'),
	('a42a9e85-38d7-40d2-8dde-3c238db6a772', '6db47d6b-6e2e-4886-a262-520a91854f4c', '4e2f798d-caa6-4134-9da1-57097cc07265', 'expense', 3.2, 'EUR', 'Projet Personnel', '[Trip] gothicanal.com', '2026-04-06', '2026-04-06', false, true, false, '2026-04-06 08:46:02.418196+00', 'bffe4068-e6bc-482c-8f97-24d6b4f8808b', '2026-04-06 08:46:02.418196+00', NULL, false, NULL, true, 183.94, 'fx', '2026-04-06 08:46:03.732+00', 'JPY', 'EUR', 'Logiciel', 'd6c3e70a-d31f-4647-91e8-e12830d0c00d', NULL, NULL, false, 'confirmed', '2026-04-06', '2026-04-06'),
	('c44a55e2-9276-4120-bc10-f16ccd3fc43a', '6db47d6b-6e2e-4886-a262-520a91854f4c', '73d2ed75-3bd8-44fd-b907-17ecee6b2231', 'expense', 3000, 'JPY', 'Sorties', '[Trip] Avance - Bar pingpong', '2026-04-02', '2026-04-02', true, true, false, '2026-04-03 02:37:38.568149+00', 'bffe4068-e6bc-482c-8f97-24d6b4f8808b', '2026-04-03 02:37:38.568149+00', '506fc9a5-2093-495c-8f91-6524875fe276', false, NULL, false, 1, 'none', '2026-04-03 02:37:37.457+00', 'JPY', 'JPY', 'Fête', 'd6c3e70a-d31f-4647-91e8-e12830d0c00d', NULL, NULL, false, 'confirmed', '2026-04-02', '2026-04-02'),
	('8b67d7c4-11d7-4e31-ba63-29e23e97f584', '6db47d6b-6e2e-4886-a262-520a91854f4c', '6999585d-9607-47f0-a565-37786bfb67d9', 'expense', 50, 'THB', 'Sorties', 'Bière', '2026-02-12', '2026-02-12', true, false, false, '2026-02-12 15:08:09.691801+00', 'bffe4068-e6bc-482c-8f97-24d6b4f8808b', '2026-02-25 16:06:33.357+00', NULL, true, NULL, false, 1, 'none', '2026-02-25 16:06:33.357+00', 'THB', 'THB', 'Fête', 'd6c3e70a-d31f-4647-91e8-e12830d0c00d', NULL, NULL, false, 'confirmed', '2026-02-12', '2026-02-12'),
	('a8dabce7-3b28-44f5-8597-d01c9fd1cc99', '6db47d6b-6e2e-4886-a262-520a91854f4c', '6999585d-9607-47f0-a565-37786bfb67d9', 'expense', 37.5, 'THB', 'Transport', '[Trip] Taxi retour', '2026-02-21', '2026-02-21', false, false, false, '2026-02-21 07:16:23.368544+00', 'bffe4068-e6bc-482c-8f97-24d6b4f8808b', '2026-02-21 07:16:23.368544+00', NULL, true, NULL, true, 1, 'none', '2026-02-25 15:51:12.115+00', 'THB', 'THB', NULL, 'd6c3e70a-d31f-4647-91e8-e12830d0c00d', NULL, NULL, false, 'confirmed', '2026-02-21', '2026-02-21'),
	('b7706fcb-f936-43a3-a34e-b205778d8a74', '6db47d6b-6e2e-4886-a262-520a91854f4c', '4e2f798d-caa6-4134-9da1-57097cc07265', 'expense', 24, 'EUR', 'Transport', 'Bus Bangkok to Phuket', '2026-02-10', '2026-02-10', true, false, true, '2026-02-12 09:35:34.269816+00', 'bffe4068-e6bc-482c-8f97-24d6b4f8808b', '2026-03-24 03:07:44.028+00', NULL, true, NULL, false, 36.642, 'ecb', '2026-02-25 16:06:31.473+00', 'THB', 'EUR', 'Bus local', 'd6c3e70a-d31f-4647-91e8-e12830d0c00d', NULL, NULL, false, 'confirmed', '2026-02-10', '2026-02-10'),
	('96ebb7ff-15ef-4744-b945-2230f39b617d', '6db47d6b-6e2e-4886-a262-520a91854f4c', '6999585d-9607-47f0-a565-37786bfb67d9', 'expense', 155, 'THB', 'Repas', '[Trip] Dejeuner', '2026-02-18', '2026-02-18', false, false, false, '2026-02-18 14:15:22.105285+00', 'bffe4068-e6bc-482c-8f97-24d6b4f8808b', '2026-02-18 14:15:22.105285+00', NULL, true, NULL, true, 1, 'none', '2026-02-25 15:51:09.488+00', 'THB', 'THB', NULL, 'd6c3e70a-d31f-4647-91e8-e12830d0c00d', NULL, NULL, false, 'confirmed', '2026-02-18', '2026-02-18'),
	('532731a2-d266-4b2e-b2d6-23a8d95035d1', '6db47d6b-6e2e-4886-a262-520a91854f4c', '64de2c12-6e64-4fdd-9ec6-184c956dcb38', 'expense', 178000, 'LAK', 'Repas', 'Diner', '2026-03-10', '2026-03-10', true, false, false, '2026-03-10 15:08:17.502628+00', 'bffe4068-e6bc-482c-8f97-24d6b4f8808b', '2026-03-10 15:08:17.502628+00', NULL, true, NULL, false, 1, 'none', '2026-03-10 15:08:16.975+00', 'LAK', 'LAK', 'Dîner', 'd6c3e70a-d31f-4647-91e8-e12830d0c00d', NULL, NULL, false, 'confirmed', '2026-03-10', '2026-03-10'),
	('cdcd45bf-79eb-47b9-afd1-3eea171b6bb2', '6db47d6b-6e2e-4886-a262-520a91854f4c', '6999585d-9607-47f0-a565-37786bfb67d9', 'expense', 159, 'THB', 'Repas', 'Déjeuner', '2026-02-22', '2026-02-22', true, false, false, '2026-02-22 07:41:33.302436+00', 'bffe4068-e6bc-482c-8f97-24d6b4f8808b', '2026-02-22 07:41:33.302436+00', NULL, true, NULL, false, 1, 'none', '2026-02-25 15:50:59.419+00', 'THB', 'THB', 'Déjeuner', 'd6c3e70a-d31f-4647-91e8-e12830d0c00d', NULL, NULL, false, 'confirmed', '2026-02-22', '2026-02-22'),
	('92a97751-4b8a-4b08-b44a-79c3bbdc9ea4', '6db47d6b-6e2e-4886-a262-520a91854f4c', '6999585d-9607-47f0-a565-37786bfb67d9', 'expense', 360, 'THB', 'Sorties', 'Bière cadeau anniversaire', '2026-02-25', '2026-02-25', true, false, false, '2026-02-25 04:14:50.671436+00', 'bffe4068-e6bc-482c-8f97-24d6b4f8808b', '2026-02-25 04:14:50.671436+00', NULL, true, NULL, false, 1, 'none', '2026-02-25 15:51:29.748+00', 'THB', 'THB', 'Fête', 'd6c3e70a-d31f-4647-91e8-e12830d0c00d', NULL, NULL, false, 'confirmed', '2026-02-25', '2026-02-25'),
	('cb8ad1fe-9c98-4e11-ba9d-319760acddc9', '6db47d6b-6e2e-4886-a262-520a91854f4c', '6999585d-9607-47f0-a565-37786bfb67d9', 'expense', 280, 'THB', 'Repas', 'Petit dejeuner', '2026-02-18', '2026-02-18', true, false, false, '2026-02-18 05:39:28.244141+00', 'bffe4068-e6bc-482c-8f97-24d6b4f8808b', '2026-02-18 05:39:28.244141+00', NULL, true, NULL, false, 1, 'none', '2026-02-25 15:51:06.485+00', 'THB', 'THB', 'Petit-déjeuner', 'd6c3e70a-d31f-4647-91e8-e12830d0c00d', NULL, NULL, false, 'confirmed', '2026-02-18', '2026-02-18'),
	('ed9fea07-0502-46f9-afaf-fcee501e68c5', '6db47d6b-6e2e-4886-a262-520a91854f4c', '4e2f798d-caa6-4134-9da1-57097cc07265', 'expense', 9.66, 'EUR', 'Repas', 'Repas', '2026-02-18', '2026-02-18', true, false, false, '2026-02-19 03:53:12.006314+00', 'bffe4068-e6bc-482c-8f97-24d6b4f8808b', '2026-02-25 14:22:44.985+00', NULL, true, NULL, false, 36.573, 'ecb_or_manual', '2026-02-25 14:25:49.728296+00', 'THB', 'EUR', 'Déjeuner', 'd6c3e70a-d31f-4647-91e8-e12830d0c00d', NULL, NULL, false, 'confirmed', '2026-02-18', '2026-02-18'),
	('da963968-09dc-420e-95bc-84f88b6810a5', '6db47d6b-6e2e-4886-a262-520a91854f4c', '6999585d-9607-47f0-a565-37786bfb67d9', 'expense', 50, 'THB', 'Repas', 'Eau et coca', '2026-02-17', '2026-02-17', true, false, false, '2026-02-17 04:33:22.823368+00', 'bffe4068-e6bc-482c-8f97-24d6b4f8808b', '2026-02-17 04:33:22.823368+00', NULL, true, NULL, false, 1, 'none', '2026-02-25 15:51:06.165+00', 'THB', 'THB', 'Déjeuner', 'd6c3e70a-d31f-4647-91e8-e12830d0c00d', NULL, NULL, false, 'confirmed', '2026-02-17', '2026-02-17'),
	('a35bd9a9-1ff1-4a73-bda6-84511c8edac0', '6db47d6b-6e2e-4886-a262-520a91854f4c', '6999585d-9607-47f0-a565-37786bfb67d9', 'expense', 20, 'THB', 'Repas', 'Repas', '2026-02-13', '2026-02-13', true, false, false, '2026-02-13 00:46:34.350046+00', 'bffe4068-e6bc-482c-8f97-24d6b4f8808b', '2026-02-13 00:46:34.350046+00', NULL, true, NULL, false, 1, 'none', '2026-02-25 15:51:00.378+00', 'THB', 'THB', 'Déjeuner', 'd6c3e70a-d31f-4647-91e8-e12830d0c00d', NULL, NULL, false, 'confirmed', '2026-02-13', '2026-02-13'),
	('50f1398e-7da1-4318-a7a2-111aa0ee6ff8', '6db47d6b-6e2e-4886-a262-520a91854f4c', '6999585d-9607-47f0-a565-37786bfb67d9', 'expense', 180, 'THB', 'Logement', 'Auberge Chiang Rai', '2026-03-01', '2026-03-01', true, false, false, '2026-02-28 11:10:57.088774+00', 'bffe4068-e6bc-482c-8f97-24d6b4f8808b', '2026-02-28 11:10:57.088774+00', NULL, true, NULL, false, 838.4949313276652, 'manual', '2026-02-28 11:10:56.268+00', 'LAK', 'THB', 'Auberge', 'd6c3e70a-d31f-4647-91e8-e12830d0c00d', NULL, NULL, false, 'confirmed', '2026-03-01', '2026-03-01'),
	('7aff0131-3815-4b1d-ae65-e910bdb4402e', '6db47d6b-6e2e-4886-a262-520a91854f4c', '4e2f798d-caa6-4134-9da1-57097cc07265', 'expense', 4.92, 'EUR', 'Logement', 'Auberge Chiang Mai', '2026-02-23', '2026-02-23', true, false, false, '2026-02-22 17:07:04.257218+00', 'bffe4068-e6bc-482c-8f97-24d6b4f8808b', '2026-02-22 17:07:04.257218+00', NULL, true, NULL, false, 36.573, 'ecb', '2026-02-25 15:51:00.055+00', 'THB', 'EUR', 'Auberge', 'd6c3e70a-d31f-4647-91e8-e12830d0c00d', NULL, NULL, false, 'confirmed', '2026-02-23', '2026-02-23'),
	('9b8e3e02-4ffb-4fe2-97d7-ae664d0e41fe', '6db47d6b-6e2e-4886-a262-520a91854f4c', '6999585d-9607-47f0-a565-37786bfb67d9', 'expense', 180, 'THB', 'Logement', 'Logement', '2026-02-18', '2026-02-18', true, false, false, '2026-02-18 05:39:51.203734+00', 'bffe4068-e6bc-482c-8f97-24d6b4f8808b', '2026-02-18 05:39:51.203734+00', NULL, true, NULL, false, 1, 'none', '2026-02-25 15:51:06.814+00', 'THB', 'THB', 'Auberge', 'd6c3e70a-d31f-4647-91e8-e12830d0c00d', NULL, NULL, false, 'confirmed', '2026-02-18', '2026-02-18'),
	('c4f754fa-9c8f-414b-a604-a3aa071eb337', '6db47d6b-6e2e-4886-a262-520a91854f4c', '4e2f798d-caa6-4134-9da1-57097cc07265', 'expense', 18, 'EUR', 'Logement', 'Auberge Phuket', '2026-02-11', '2026-02-12', true, false, false, '2026-02-12 09:35:34.269816+00', 'bffe4068-e6bc-482c-8f97-24d6b4f8808b', '2026-02-25 16:06:29.35+00', NULL, true, NULL, false, 36.642, 'ecb', '2026-02-25 16:06:29.35+00', 'THB', 'EUR', 'Auberge', 'd6c3e70a-d31f-4647-91e8-e12830d0c00d', NULL, NULL, false, 'confirmed', '2026-02-11', '2026-02-12'),
	('2a006bd4-f18e-4170-88ea-378c2b9e26d9', '6db47d6b-6e2e-4886-a262-520a91854f4c', '6999585d-9607-47f0-a565-37786bfb67d9', 'expense', 75, 'THB', 'Transport', '[Trip] Avance - Taxi retour', '2026-02-21', '2026-02-21', true, true, false, '2026-02-21 07:16:21.053642+00', 'bffe4068-e6bc-482c-8f97-24d6b4f8808b', '2026-02-21 07:16:21.053642+00', '215dc2c7-6b1c-4a21-9d21-dbe8269d6ade', true, NULL, false, 1, 'none', '2026-02-25 15:50:59.092+00', 'THB', 'THB', 'Taxi / VTC', 'd6c3e70a-d31f-4647-91e8-e12830d0c00d', NULL, NULL, false, 'confirmed', '2026-02-21', '2026-02-21'),
	('bb350a03-1fc9-4984-a995-05227d0d062f', '6db47d6b-6e2e-4886-a262-520a91854f4c', '6999585d-9607-47f0-a565-37786bfb67d9', 'expense', 150, 'THB', 'Transport', 'Taxi', '2026-02-15', '2026-02-15', true, false, false, '2026-02-15 04:05:42.568778+00', 'bffe4068-e6bc-482c-8f97-24d6b4f8808b', '2026-02-15 04:05:42.568778+00', NULL, true, NULL, false, 1, 'none', '2026-02-25 15:51:04.852+00', 'THB', 'THB', 'Taxi / VTC', 'd6c3e70a-d31f-4647-91e8-e12830d0c00d', NULL, NULL, false, 'confirmed', '2026-02-15', '2026-02-15'),
	('09c7f8dc-1bfd-41a5-b79c-76147f7f3254', '6db47d6b-6e2e-4886-a262-520a91854f4c', '6999585d-9607-47f0-a565-37786bfb67d9', 'expense', 65, 'THB', 'Transport', 'Bts', '2026-02-22', '2026-02-22', true, false, false, '2026-02-22 10:32:53.913096+00', 'bffe4068-e6bc-482c-8f97-24d6b4f8808b', '2026-02-22 10:32:53.913096+00', NULL, true, NULL, false, 1, 'none', '2026-02-25 15:50:59.739+00', 'THB', 'THB', 'Métro', 'd6c3e70a-d31f-4647-91e8-e12830d0c00d', NULL, NULL, false, 'confirmed', '2026-02-22', '2026-02-22'),
	('5c659f10-a2eb-4b3d-b80b-761b9c22b134', '6db47d6b-6e2e-4886-a262-520a91854f4c', '6999585d-9607-47f0-a565-37786bfb67d9', 'expense', 150, 'THB', 'Sorties', 'Biere et billard', '2026-02-13', '2026-02-13', true, false, false, '2026-02-14 00:12:08.761725+00', 'bffe4068-e6bc-482c-8f97-24d6b4f8808b', '2026-02-14 00:12:08.761725+00', NULL, true, NULL, false, 1, 'none', '2026-02-25 15:51:01.693+00', 'THB', 'THB', 'Verre', 'd6c3e70a-d31f-4647-91e8-e12830d0c00d', NULL, NULL, false, 'confirmed', '2026-02-13', '2026-02-13'),
	('3676045b-c233-4862-8ca0-029c35c1fdd8', '6db47d6b-6e2e-4886-a262-520a91854f4c', '6999585d-9607-47f0-a565-37786bfb67d9', 'expense', 250, 'THB', 'Transport', 'Scooter', '2026-02-14', '2026-02-15', true, false, false, '2026-02-15 00:39:46.242125+00', 'bffe4068-e6bc-482c-8f97-24d6b4f8808b', '2026-03-18 11:47:53.541+00', NULL, true, NULL, false, 1, 'none', '2026-02-25 15:50:58.449+00', 'THB', 'THB', 'Scooter', 'd6c3e70a-d31f-4647-91e8-e12830d0c00d', NULL, NULL, false, 'confirmed', '2026-02-14', '2026-02-15'),
	('1fe53802-69d3-4585-9e9f-70536b6e9fba', '6db47d6b-6e2e-4886-a262-520a91854f4c', '6999585d-9607-47f0-a565-37786bfb67d9', 'expense', 150, 'THB', 'Sorties', 'Cigarette', '2026-02-12', '2026-02-12', true, false, false, '2026-02-12 13:45:37.291118+00', 'bffe4068-e6bc-482c-8f97-24d6b4f8808b', '2026-02-25 16:06:32.823+00', NULL, true, NULL, false, 1, 'none', '2026-02-25 16:06:32.823+00', 'THB', 'THB', 'Fête', 'd6c3e70a-d31f-4647-91e8-e12830d0c00d', NULL, NULL, false, 'confirmed', '2026-02-12', '2026-02-12'),
	('1b87a77d-dba5-4199-b0f7-e42632c6f0ab', '6db47d6b-6e2e-4886-a262-520a91854f4c', '6999585d-9607-47f0-a565-37786bfb67d9', 'expense', 400, 'THB', 'Sorties', 'Massage Thaï', '2026-02-14', '2026-02-14', true, false, false, '2026-02-14 13:21:43.993926+00', 'bffe4068-e6bc-482c-8f97-24d6b4f8808b', '2026-03-18 11:49:00.971+00', NULL, true, NULL, false, 1, 'none', '2026-02-25 15:51:04.52+00', 'THB', 'THB', 'Culturel', 'd6c3e70a-d31f-4647-91e8-e12830d0c00d', NULL, NULL, false, 'confirmed', '2026-02-14', '2026-02-14'),
	('2487ef01-fc2f-4a84-96b2-aae783a33f2e', '6db47d6b-6e2e-4886-a262-520a91854f4c', '6999585d-9607-47f0-a565-37786bfb67d9', 'income', 1000, 'THB', 'Caution', 'Caution Auberge', '2026-02-14', '2026-02-14', true, true, false, '2026-02-14 02:54:57.063899+00', 'bffe4068-e6bc-482c-8f97-24d6b4f8808b', '2026-02-14 02:55:10.334579+00', NULL, true, NULL, false, 1, 'none', '2026-02-25 15:51:02.027+00', 'THB', 'THB', 'Logement', 'd6c3e70a-d31f-4647-91e8-e12830d0c00d', NULL, NULL, false, 'confirmed', '2026-02-14', '2026-02-14'),
	('6b2a840b-7edf-49aa-a50f-098f3cbf426a', '6db47d6b-6e2e-4886-a262-520a91854f4c', '64de2c12-6e64-4fdd-9ec6-184c956dcb38', 'expense', 76000, 'LAK', 'Course', 'Course', '2026-03-12', '2026-03-12', true, false, false, '2026-03-12 11:54:21.130557+00', 'bffe4068-e6bc-482c-8f97-24d6b4f8808b', '2026-03-12 11:54:21.130557+00', NULL, true, NULL, false, 1, 'none', '2026-03-12 11:54:20.122+00', 'LAK', 'LAK', 'Supermarché', 'd6c3e70a-d31f-4647-91e8-e12830d0c00d', NULL, NULL, false, 'confirmed', '2026-03-12', '2026-03-12'),
	('b1f728cb-c735-45c0-9603-3fefa1f67ec2', '6db47d6b-6e2e-4886-a262-520a91854f4c', '6999585d-9607-47f0-a565-37786bfb67d9', 'expense', 79, 'THB', 'Course', 'Dentifrice', '2026-02-25', '2026-02-25', true, false, false, '2026-02-25 12:47:25.910452+00', 'bffe4068-e6bc-482c-8f97-24d6b4f8808b', '2026-02-25 12:47:25.910452+00', NULL, true, NULL, false, 1, 'none', '2026-02-25 15:51:04.194+00', 'THB', 'THB', 'Supermarché', 'd6c3e70a-d31f-4647-91e8-e12830d0c00d', NULL, NULL, false, 'confirmed', '2026-02-25', '2026-02-25'),
	('a452fa9d-487c-46f2-aa85-ed4ee5f8062f', '6db47d6b-6e2e-4886-a262-520a91854f4c', '6e21e00c-8e67-4878-a2d3-6bb3bb1c6ec5', 'expense', 50, 'EUR', 'Mouvement interne', 'Virement interne', '2026-02-28', '2026-02-28', true, true, false, '2026-02-28 11:44:26.6068+00', 'bffe4068-e6bc-482c-8f97-24d6b4f8808b', '2026-02-28 11:44:26.6068+00', NULL, true, NULL, false, 36.696, 'fx', '2026-02-28 11:44:25.856+00', 'THB', 'EUR', 'Virement', 'd6c3e70a-d31f-4647-91e8-e12830d0c00d', NULL, NULL, false, 'confirmed', '2026-02-28', '2026-02-28'),
	('98327d8c-7321-4853-95c3-c5e225b0796b', '6db47d6b-6e2e-4886-a262-520a91854f4c', '4e2f798d-caa6-4134-9da1-57097cc07265', 'expense', 21.5, 'EUR', 'Mouvement interne', 'Votre carte qui Epargne MonaB', '2026-02-27', '2026-02-27', true, true, false, '2026-02-28 11:16:55.429532+00', 'bffe4068-e6bc-482c-8f97-24d6b4f8808b', '2026-02-28 11:17:56.635551+00', NULL, true, NULL, false, 36.696, 'fx', '2026-02-28 11:16:54.684+00', 'THB', 'EUR', 'Virement', 'd6c3e70a-d31f-4647-91e8-e12830d0c00d', NULL, NULL, false, 'confirmed', '2026-02-27', '2026-02-27'),
	('d76009f9-f98f-42b1-bcbb-bc92e92c4c4d', '6db47d6b-6e2e-4886-a262-520a91854f4c', '4e2f798d-caa6-4134-9da1-57097cc07265', 'income', 50, 'EUR', 'Mouvement interne', 'Virement interne', '2026-02-28', '2026-02-28', true, true, false, '2026-02-28 11:44:40.951422+00', 'bffe4068-e6bc-482c-8f97-24d6b4f8808b', '2026-02-28 11:44:40.951422+00', NULL, true, NULL, false, 36.696, 'fx', '2026-02-28 11:44:40.188+00', 'THB', 'EUR', 'Virement', 'd6c3e70a-d31f-4647-91e8-e12830d0c00d', NULL, NULL, false, 'confirmed', '2026-02-28', '2026-02-28'),
	('dd895ffb-612c-4857-a00a-b9315525f8b0', '6db47d6b-6e2e-4886-a262-520a91854f4c', '05a20057-54c0-4f52-8bf1-4a2a22d30084', 'income', 100, 'THB', 'Mouvement interne', 'Remb essence Polonais', '2026-02-16', '2026-02-16', true, true, false, '2026-02-16 06:00:35.003942+00', 'bffe4068-e6bc-482c-8f97-24d6b4f8808b', '2026-02-19 09:08:20.720472+00', NULL, true, NULL, false, 1, 'none', '2026-02-25 15:51:05.506+00', 'THB', 'THB', 'Virement', 'd6c3e70a-d31f-4647-91e8-e12830d0c00d', NULL, NULL, false, 'confirmed', '2026-02-16', '2026-02-16'),
	('8c18dd64-15b0-493e-87cb-0b708cc0a17c', '6db47d6b-6e2e-4886-a262-520a91854f4c', '6999585d-9607-47f0-a565-37786bfb67d9', 'expense', 850, 'THB', 'Transport', 'Transport', '2026-02-17', '2026-02-17', true, false, false, '2026-02-17 02:50:45.126108+00', 'bffe4068-e6bc-482c-8f97-24d6b4f8808b', '2026-03-24 03:07:34.604+00', NULL, true, NULL, false, 1, 'none', '2026-02-25 15:51:12.778+00', 'THB', 'THB', 'Taxi / VTC', 'd6c3e70a-d31f-4647-91e8-e12830d0c00d', NULL, NULL, false, 'confirmed', '2026-02-17', '2026-02-17'),
	('1e7f3494-7d71-47ea-b6c6-6355f6ae05ce', '6db47d6b-6e2e-4886-a262-520a91854f4c', '4e2f798d-caa6-4134-9da1-57097cc07265', 'expense', 5.51, 'EUR', 'Logement', '[Trip] Auberge Ile Phan Gan', '2026-02-14', '2026-02-14', false, false, false, '2026-02-19 05:24:17.796027+00', 'bffe4068-e6bc-482c-8f97-24d6b4f8808b', '2026-02-25 14:22:45.594+00', NULL, true, NULL, true, 36.573, 'ecb_or_manual', '2026-02-25 14:25:49.728296+00', 'THB', 'EUR', NULL, 'd6c3e70a-d31f-4647-91e8-e12830d0c00d', NULL, NULL, false, 'confirmed', '2026-02-14', '2026-02-14'),
	('7ea1cac4-c623-49bb-879e-8c280accfd00', '6db47d6b-6e2e-4886-a262-520a91854f4c', '6999585d-9607-47f0-a565-37786bfb67d9', 'expense', 30, 'THB', 'Transport', '[Trip] Taxi aller', '2026-02-21', '2026-02-21', false, false, false, '2026-02-21 06:43:43.038818+00', 'bffe4068-e6bc-482c-8f97-24d6b4f8808b', '2026-02-21 06:43:43.038818+00', NULL, true, NULL, true, 1, 'none', '2026-02-25 15:51:14.752+00', 'THB', 'THB', NULL, 'd6c3e70a-d31f-4647-91e8-e12830d0c00d', NULL, NULL, false, 'confirmed', '2026-02-21', '2026-02-21'),
	('d11364ea-de81-4541-9891-8e4bd128b1f4', '6db47d6b-6e2e-4886-a262-520a91854f4c', '6999585d-9607-47f0-a565-37786bfb67d9', 'expense', 397, 'THB', 'Repas', '[Trip] Course', '2026-02-15', '2026-02-15', false, false, false, '2026-02-19 05:12:53.331998+00', 'bffe4068-e6bc-482c-8f97-24d6b4f8808b', '2026-02-19 05:12:53.331998+00', NULL, true, NULL, true, 1, 'none', '2026-02-25 15:51:15.72+00', 'THB', 'THB', NULL, 'd6c3e70a-d31f-4647-91e8-e12830d0c00d', NULL, NULL, false, 'confirmed', '2026-02-15', '2026-02-15'),
	('2c4b8ea8-5473-4053-a365-36e359007af8', '6db47d6b-6e2e-4886-a262-520a91854f4c', '6999585d-9607-47f0-a565-37786bfb67d9', 'expense', 48, 'THB', 'Repas', 'Diner', '2026-02-10', '2026-02-10', true, false, false, '2026-02-12 09:35:34.269816+00', 'bffe4068-e6bc-482c-8f97-24d6b4f8808b', '2026-02-25 16:06:28.566+00', NULL, true, NULL, false, 1, 'none', '2026-02-25 16:06:28.566+00', 'THB', 'THB', 'Dîner', 'd6c3e70a-d31f-4647-91e8-e12830d0c00d', NULL, NULL, false, 'confirmed', '2026-02-10', '2026-02-10'),
	('53a49314-dc4b-4e51-aaf3-bfc59cc55c1e', '6db47d6b-6e2e-4886-a262-520a91854f4c', '6999585d-9607-47f0-a565-37786bfb67d9', 'expense', 259, 'THB', 'Repas', 'Déjeuner', '2026-02-20', '2026-02-20', true, false, false, '2026-02-20 06:50:20.075948+00', 'bffe4068-e6bc-482c-8f97-24d6b4f8808b', '2026-02-20 06:50:20.075948+00', NULL, true, NULL, false, 1, 'none', '2026-02-25 15:51:18.647+00', 'THB', 'THB', 'Déjeuner', 'd6c3e70a-d31f-4647-91e8-e12830d0c00d', NULL, NULL, false, 'confirmed', '2026-02-20', '2026-02-20'),
	('e63ea761-2509-4972-a8bd-62c0b69ed8a4', '6db47d6b-6e2e-4886-a262-520a91854f4c', '6999585d-9607-47f0-a565-37786bfb67d9', 'expense', 910, 'THB', 'Repas', '[Trip] Avance - Déjeuner', '2026-02-17', '2026-02-17', true, true, false, '2026-02-18 15:03:06.203056+00', 'bffe4068-e6bc-482c-8f97-24d6b4f8808b', '2026-02-18 15:03:06.203056+00', 'fae723a4-b5c3-48e2-bf5a-20de1c18915a', true, NULL, false, 1, 'none', '2026-02-25 15:51:13.107+00', 'THB', 'THB', 'Déjeuner', 'd6c3e70a-d31f-4647-91e8-e12830d0c00d', NULL, NULL, false, 'confirmed', '2026-02-17', '2026-02-17'),
	('4fd6e210-3405-409b-b040-64f4f3f38433', '6db47d6b-6e2e-4886-a262-520a91854f4c', '6999585d-9607-47f0-a565-37786bfb67d9', 'expense', 210, 'THB', 'Repas', 'Déjeuner', '2026-02-10', '2026-02-10', true, false, false, '2026-02-12 09:35:34.269816+00', 'bffe4068-e6bc-482c-8f97-24d6b4f8808b', '2026-02-25 16:06:30.409+00', NULL, true, NULL, false, 1, 'none', '2026-02-25 16:06:30.409+00', 'THB', 'THB', 'Déjeuner', 'd6c3e70a-d31f-4647-91e8-e12830d0c00d', NULL, NULL, false, 'confirmed', '2026-02-10', '2026-02-10'),
	('9c1a5099-9405-40d4-8f59-37db197f98a9', '6db47d6b-6e2e-4886-a262-520a91854f4c', '6999585d-9607-47f0-a565-37786bfb67d9', 'expense', 140, 'THB', 'Sorties', '[Trip] Avance - Bière', '2026-02-15', '2026-02-15', true, true, false, '2026-02-19 05:12:17.698151+00', 'bffe4068-e6bc-482c-8f97-24d6b4f8808b', '2026-02-19 05:12:17.698151+00', '931a3c98-23c8-45df-810f-4bfb4e3d30d5', true, NULL, false, 1, 'none', '2026-02-25 15:51:08.44+00', 'THB', 'THB', 'Fête', 'd6c3e70a-d31f-4647-91e8-e12830d0c00d', NULL, NULL, false, 'confirmed', '2026-02-15', '2026-02-15'),
	('6240b7bf-eccf-4f89-a340-396e1ba2e34a', '6db47d6b-6e2e-4886-a262-520a91854f4c', '4e2f798d-caa6-4134-9da1-57097cc07265', 'expense', 2.52, 'EUR', 'Abonnement/Mobile', 'Netflix', '2026-02-17', '2026-02-17', true, false, false, '2026-02-17 03:50:05.058896+00', 'bffe4068-e6bc-482c-8f97-24d6b4f8808b', '2026-02-25 14:22:43.774+00', NULL, true, NULL, false, 36.573, 'ecb_or_manual', '2026-02-25 14:25:49.728296+00', 'THB', 'EUR', 'Abonnement app', 'd6c3e70a-d31f-4647-91e8-e12830d0c00d', NULL, NULL, false, 'confirmed', '2026-02-17', '2026-02-17'),
	('4d818d39-779f-4de8-9b4f-0008c2605a0b', '6db47d6b-6e2e-4886-a262-520a91854f4c', '4e2f798d-caa6-4134-9da1-57097cc07265', 'expense', 9.28, 'EUR', 'Abonnement/Mobile', 'Esim 10go', '2026-02-17', '2026-02-17', true, false, false, '2026-02-17 03:49:39.185008+00', 'bffe4068-e6bc-482c-8f97-24d6b4f8808b', '2026-02-25 14:22:43.495+00', NULL, true, NULL, false, 36.573, 'ecb_or_manual', '2026-02-25 14:25:49.728296+00', 'THB', 'EUR', 'Recharge data', 'd6c3e70a-d31f-4647-91e8-e12830d0c00d', NULL, NULL, false, 'confirmed', '2026-02-17', '2026-02-17'),
	('dec203e1-9b49-4540-92e9-98a2c4b25f5f', '6db47d6b-6e2e-4886-a262-520a91854f4c', '6999585d-9607-47f0-a565-37786bfb67d9', 'expense', 65, 'THB', 'Repas', 'Café', '2026-02-23', '2026-02-23', true, false, false, '2026-02-23 05:34:33.486105+00', 'bffe4068-e6bc-482c-8f97-24d6b4f8808b', '2026-02-23 05:34:33.486105+00', NULL, true, NULL, false, 1, 'none', '2026-02-25 15:51:18.326+00', 'THB', 'THB', 'Café', 'd6c3e70a-d31f-4647-91e8-e12830d0c00d', NULL, NULL, false, 'confirmed', '2026-02-23', '2026-02-23'),
	('0a041aea-97c0-44e3-88bb-6b0a20d07981', '6db47d6b-6e2e-4886-a262-520a91854f4c', '6999585d-9607-47f0-a565-37786bfb67d9', 'expense', 177, 'THB', 'Repas', 'Grab', '2026-02-19', '2026-02-19', true, false, false, '2026-02-19 13:59:23.822055+00', 'bffe4068-e6bc-482c-8f97-24d6b4f8808b', '2026-02-19 13:59:23.822055+00', NULL, true, NULL, false, 1, 'none', '2026-02-25 15:51:16.352+00', 'THB', 'THB', 'Déjeuner', 'd6c3e70a-d31f-4647-91e8-e12830d0c00d', NULL, NULL, false, 'confirmed', '2026-02-19', '2026-02-19'),
	('634ec38f-0ae9-45e0-918c-95d276dd4900', '6db47d6b-6e2e-4886-a262-520a91854f4c', '6999585d-9607-47f0-a565-37786bfb67d9', 'expense', 139, 'THB', 'Repas', 'Breakfast', '2026-02-14', '2026-02-14', true, false, false, '2026-02-14 01:16:06.046029+00', 'bffe4068-e6bc-482c-8f97-24d6b4f8808b', '2026-02-14 01:16:06.046029+00', NULL, true, NULL, false, 1, 'none', '2026-02-25 15:51:10.139+00', 'THB', 'THB', 'Déjeuner', 'd6c3e70a-d31f-4647-91e8-e12830d0c00d', NULL, NULL, false, 'confirmed', '2026-02-14', '2026-02-14'),
	('63cbb427-5d94-4906-a84a-0b57e7a95003', '6db47d6b-6e2e-4886-a262-520a91854f4c', '6999585d-9607-47f0-a565-37786bfb67d9', 'expense', 95, 'THB', 'Repas', 'Repas', '2026-02-11', '2026-02-11', true, false, false, '2026-02-12 09:35:34.269816+00', 'bffe4068-e6bc-482c-8f97-24d6b4f8808b', '2026-02-25 16:06:29.09+00', NULL, true, NULL, false, 1, 'none', '2026-02-25 16:06:29.09+00', 'THB', 'THB', 'Déjeuner', 'd6c3e70a-d31f-4647-91e8-e12830d0c00d', NULL, NULL, false, 'confirmed', '2026-02-11', '2026-02-11'),
	('0053814b-73fb-4c4d-8096-91845d6ee82e', '6db47d6b-6e2e-4886-a262-520a91854f4c', '4e2f798d-caa6-4134-9da1-57097cc07265', 'expense', 11.02, 'EUR', 'Logement', '[Trip] Avance - Auberge Ile Phan Gan', '2026-02-14', '2026-02-14', true, true, false, '2026-02-19 05:24:15.330941+00', 'bffe4068-e6bc-482c-8f97-24d6b4f8808b', '2026-02-25 14:22:45.285+00', 'ef4b6ade-14ce-4a01-9b50-35d0632abe34', true, NULL, false, 36.573, 'ecb_or_manual', '2026-02-25 14:25:49.728296+00', 'THB', 'EUR', 'Auberge', 'd6c3e70a-d31f-4647-91e8-e12830d0c00d', NULL, NULL, false, 'confirmed', '2026-02-14', '2026-02-14'),
	('98994cfc-27c9-49b2-8c3a-53238be9e0fb', '6db47d6b-6e2e-4886-a262-520a91854f4c', '4e2f798d-caa6-4134-9da1-57097cc07265', 'expense', 3.7, 'EUR', 'Transport', 'Taxi', '2026-02-23', '2026-02-23', true, false, false, '2026-02-23 10:15:48.558913+00', 'bffe4068-e6bc-482c-8f97-24d6b4f8808b', '2026-02-23 10:15:48.558913+00', NULL, true, NULL, false, 36.573, 'ecb', '2026-02-25 15:51:02.351+00', 'THB', 'EUR', 'Taxi / VTC', 'd6c3e70a-d31f-4647-91e8-e12830d0c00d', NULL, NULL, false, 'confirmed', '2026-02-23', '2026-02-23'),
	('08ce5da7-d2c9-41fa-888b-67cec3ab7b26', '6db47d6b-6e2e-4886-a262-520a91854f4c', '64de2c12-6e64-4fdd-9ec6-184c956dcb38', 'expense', 150000, 'LAK', 'Transport', 'Bus to Vientiane', '2026-03-09', '2026-03-09', true, false, false, '2026-03-09 02:58:47.422411+00', 'bffe4068-e6bc-482c-8f97-24d6b4f8808b', '2026-03-09 02:58:47.422411+00', NULL, true, NULL, false, 1, 'none', '2026-03-09 02:58:47.296+00', 'LAK', 'LAK', 'Bus local', 'd6c3e70a-d31f-4647-91e8-e12830d0c00d', NULL, NULL, false, 'confirmed', '2026-03-09', '2026-03-09'),
	('9d3da1f8-3514-4b5f-8966-535551a51156', '6db47d6b-6e2e-4886-a262-520a91854f4c', '4e2f798d-caa6-4134-9da1-57097cc07265', 'expense', 12.1, 'EUR', 'Transport', 'Boat to Koh Tao', '2026-02-15', '2026-02-15', true, false, false, '2026-02-15 01:29:58.729115+00', 'bffe4068-e6bc-482c-8f97-24d6b4f8808b', '2026-03-18 11:44:42.968+00', NULL, true, NULL, false, 36.573, 'ecb_or_manual', '2026-02-25 14:25:49.728296+00', 'THB', 'EUR', 'Ferry local', 'd6c3e70a-d31f-4647-91e8-e12830d0c00d', NULL, NULL, false, 'confirmed', '2026-02-15', '2026-02-15'),
	('cd5157a4-6407-4a45-855b-6eb72e49f013', '6db47d6b-6e2e-4886-a262-520a91854f4c', '4e2f798d-caa6-4134-9da1-57097cc07265', 'expense', 82.82, 'EUR', 'Sorties', 'Treak 2 jours, 1 nuit', '2026-02-24', '2026-02-25', true, false, false, '2026-02-23 11:30:14.931141+00', 'bffe4068-e6bc-482c-8f97-24d6b4f8808b', '2026-03-18 11:47:43.809+00', NULL, true, NULL, false, 36.573, 'ecb', '2026-02-25 15:51:19.626+00', 'THB', 'EUR', 'Culturel', 'd6c3e70a-d31f-4647-91e8-e12830d0c00d', NULL, NULL, false, 'confirmed', '2026-02-24', '2026-02-25'),
	('15ea4435-129f-4355-8fec-2a053334a8b3', '6db47d6b-6e2e-4886-a262-520a91854f4c', '6999585d-9607-47f0-a565-37786bfb67d9', 'expense', 600, 'THB', 'Transport', '[Trip] Avance - Scooter', '2026-02-15', '2026-02-15', true, true, false, '2026-02-19 05:13:08.793484+00', 'bffe4068-e6bc-482c-8f97-24d6b4f8808b', '2026-03-18 11:48:06.64+00', 'e8d835a0-a0ab-43b3-b1ba-1b12030f1380', true, NULL, false, 1, 'none', '2026-02-25 15:51:16.042+00', 'THB', 'THB', 'Scooter', 'd6c3e70a-d31f-4647-91e8-e12830d0c00d', NULL, NULL, false, 'confirmed', '2026-02-15', '2026-02-15'),
	('43488f14-ecf3-472c-8b08-2de677939bad', '6db47d6b-6e2e-4886-a262-520a91854f4c', '4e2f798d-caa6-4134-9da1-57097cc07265', 'expense', 34.27, 'EUR', 'Mouvement interne', 'Retrait 1000 Bat', '2026-02-28', '2026-02-28', true, true, false, '2026-02-28 11:13:14.391316+00', 'bffe4068-e6bc-482c-8f97-24d6b4f8808b', '2026-02-28 11:13:14.391316+00', NULL, true, NULL, false, 36.696, 'fx', '2026-02-28 11:13:13.375+00', 'THB', 'EUR', 'Retrait', 'd6c3e70a-d31f-4647-91e8-e12830d0c00d', NULL, NULL, false, 'confirmed', '2026-02-28', '2026-02-28'),
	('25029a59-92a9-43ec-b9dd-992a47698ffe', '6db47d6b-6e2e-4886-a262-520a91854f4c', '6999585d-9607-47f0-a565-37786bfb67d9', 'expense', 697, 'THB', 'Course', '[Trip] Avance - Course', '2026-02-15', '2026-02-15', true, true, false, '2026-02-19 05:12:51.388265+00', 'bffe4068-e6bc-482c-8f97-24d6b4f8808b', '2026-02-19 09:22:19.315387+00', 'a998ae36-67fe-48e1-8b4b-3d503cc7079a', true, NULL, false, 1, 'none', '2026-02-25 15:51:15.395+00', 'THB', 'THB', 'Supermarché', 'd6c3e70a-d31f-4647-91e8-e12830d0c00d', NULL, NULL, false, 'confirmed', '2026-02-15', '2026-02-15'),
	('b45350d7-ab74-436e-bd80-5cb971e4fb23', '6db47d6b-6e2e-4886-a262-520a91854f4c', '4e2f798d-caa6-4134-9da1-57097cc07265', 'income', 100, 'EUR', 'Mouvement interne', 'Virement interne', '2026-02-23', '2026-02-23', true, true, false, '2026-02-23 13:45:55.340863+00', 'bffe4068-e6bc-482c-8f97-24d6b4f8808b', '2026-02-23 13:45:55.340863+00', NULL, true, NULL, false, 36.573, 'ecb', '2026-02-25 15:51:18.976+00', 'THB', 'EUR', 'Virement', 'd6c3e70a-d31f-4647-91e8-e12830d0c00d', NULL, NULL, false, 'confirmed', '2026-02-23', '2026-02-23'),
	('7bff669f-ed3e-4c79-b41b-b37f14f2d2b2', '6db47d6b-6e2e-4886-a262-520a91854f4c', '4e2f798d-caa6-4134-9da1-57097cc07265', 'income', 75, 'EUR', 'Mouvement interne', 'Virement depuis CM', '2026-02-22', '2026-02-22', true, true, false, '2026-02-22 07:51:50.36735+00', 'bffe4068-e6bc-482c-8f97-24d6b4f8808b', '2026-02-25 14:22:47.025+00', NULL, true, NULL, false, 36.573, 'ecb_or_manual', '2026-02-25 14:25:49.728296+00', 'THB', 'EUR', 'Virement', 'd6c3e70a-d31f-4647-91e8-e12830d0c00d', NULL, NULL, false, 'confirmed', '2026-02-22', '2026-02-22'),
	('db2d3aff-6635-4f54-9ccd-24391292b17d', '6db47d6b-6e2e-4886-a262-520a91854f4c', '6e21e00c-8e67-4878-a2d3-6bb3bb1c6ec5', 'expense', 75, 'EUR', 'Mouvement interne', 'Virement vers Monabanq', '2026-02-22', '2026-02-22', true, true, false, '2026-02-22 07:51:36.739368+00', 'bffe4068-e6bc-482c-8f97-24d6b4f8808b', '2026-02-25 14:22:46.704+00', NULL, true, NULL, false, 36.573, 'ecb_or_manual', '2026-02-25 14:25:49.728296+00', 'THB', 'EUR', 'Virement', 'd6c3e70a-d31f-4647-91e8-e12830d0c00d', NULL, NULL, false, 'confirmed', '2026-02-22', '2026-02-22'),
	('aed1fbe4-d355-46e3-9e8d-fe8f6190b0d6', '6db47d6b-6e2e-4886-a262-520a91854f4c', '6e21e00c-8e67-4878-a2d3-6bb3bb1c6ec5', 'expense', 130, 'EUR', 'Mouvement interne', 'Virement interne', '2026-02-18', '2026-02-18', true, true, false, '2026-02-18 07:25:33.261717+00', 'bffe4068-e6bc-482c-8f97-24d6b4f8808b', '2026-02-25 14:22:44.621+00', NULL, true, NULL, false, 36.573, 'ecb_or_manual', '2026-02-25 14:25:49.728296+00', 'THB', 'EUR', 'Virement', 'd6c3e70a-d31f-4647-91e8-e12830d0c00d', NULL, NULL, false, 'confirmed', '2026-02-18', '2026-02-18'),
	('788d0d3f-d440-4c15-a662-dea48a356da6', '6db47d6b-6e2e-4886-a262-520a91854f4c', '4e2f798d-caa6-4134-9da1-57097cc07265', 'income', 130, 'EUR', 'Mouvement interne', 'Virement interne', '2026-02-18', '2026-02-18', true, true, false, '2026-02-18 07:24:39.254883+00', 'bffe4068-e6bc-482c-8f97-24d6b4f8808b', '2026-02-25 14:22:44.057+00', NULL, true, NULL, false, 36.573, 'ecb_or_manual', '2026-02-25 14:25:49.728296+00', 'THB', 'EUR', 'Virement', 'd6c3e70a-d31f-4647-91e8-e12830d0c00d', NULL, NULL, false, 'confirmed', '2026-02-18', '2026-02-18'),
	('f2fa8ea7-cfb6-460e-864b-04461e6bb707', '6db47d6b-6e2e-4886-a262-520a91854f4c', '6e21e00c-8e67-4878-a2d3-6bb3bb1c6ec5', 'expense', 100, 'EUR', 'Mouvement interne', 'Virement interne', '2026-02-23', '2026-02-23', true, true, false, '2026-02-23 13:46:09.763489+00', 'bffe4068-e6bc-482c-8f97-24d6b4f8808b', '2026-02-23 13:46:09.763489+00', NULL, true, NULL, false, 36.573, 'ecb', '2026-02-25 15:51:19.301+00', 'THB', 'EUR', 'Virement', 'd6c3e70a-d31f-4647-91e8-e12830d0c00d', NULL, NULL, false, 'confirmed', '2026-02-23', '2026-02-23'),
	('8bb5bb86-cd2e-47da-9a21-1d5e2fd47abe', '6db47d6b-6e2e-4886-a262-520a91854f4c', '6999585d-9607-47f0-a565-37786bfb67d9', 'expense', 70, 'THB', 'Sorties', '[Trip] Bière', '2026-02-16', '2026-02-16', false, false, false, '2026-02-19 05:00:27.767955+00', 'bffe4068-e6bc-482c-8f97-24d6b4f8808b', '2026-02-19 05:00:27.767955+00', NULL, true, NULL, true, 1, 'none', '2026-02-25 15:51:07.796+00', 'THB', 'THB', NULL, 'd6c3e70a-d31f-4647-91e8-e12830d0c00d', NULL, NULL, false, 'confirmed', '2026-02-16', '2026-02-16'),
	('3760a012-bf3e-4483-9a85-b58d56647360', '6db47d6b-6e2e-4886-a262-520a91854f4c', '6999585d-9607-47f0-a565-37786bfb67d9', 'expense', 200, 'THB', 'Repas', '[Trip] Diner', '2026-02-21', '2026-02-21', false, false, false, '2026-02-22 04:25:46.342869+00', 'bffe4068-e6bc-482c-8f97-24d6b4f8808b', '2026-02-22 04:25:46.342869+00', NULL, true, NULL, true, 1, 'none', '2026-02-25 15:51:17.024+00', 'THB', 'THB', NULL, 'd6c3e70a-d31f-4647-91e8-e12830d0c00d', NULL, NULL, false, 'confirmed', '2026-02-21', '2026-02-21'),
	('17abffe0-63fc-4fc7-bd2f-8a68c8f19b79', '6db47d6b-6e2e-4886-a262-520a91854f4c', '4e2f798d-caa6-4134-9da1-57097cc07265', 'expense', 12, 'EUR', 'Frais bancaire', 'Frais MonaB Uniq+', '2026-06-06', '2026-06-06', false, false, false, '2026-03-15 04:32:38.552877+00', 'bffe4068-e6bc-482c-8f97-24d6b4f8808b', '2026-03-18 13:32:54.57+00', NULL, true, NULL, false, NULL, NULL, '2026-03-15 04:32:38.552877+00', NULL, NULL, 'Tenue de compte', 'd6c3e70a-d31f-4647-91e8-e12830d0c00d', '010da0e4-eb9a-45b4-a485-f8c71b614e73', '2026-06-06', true, 'generated', '2026-06-06', '2026-06-06'),
	('daf78b10-b40b-4aef-9b52-c6eb4ab991ba', '6db47d6b-6e2e-4886-a262-520a91854f4c', '6999585d-9607-47f0-a565-37786bfb67d9', 'expense', 70, 'THB', 'Sorties', '[Trip] Bière', '2026-02-16', '2026-02-16', false, false, false, '2026-02-19 05:01:15.385654+00', 'bffe4068-e6bc-482c-8f97-24d6b4f8808b', '2026-02-19 05:01:15.385654+00', NULL, true, NULL, true, 1, 'none', '2026-02-25 15:51:27.071+00', 'THB', 'THB', NULL, 'd6c3e70a-d31f-4647-91e8-e12830d0c00d', NULL, NULL, false, 'confirmed', '2026-02-16', '2026-02-16'),
	('484bdec5-2734-4c05-b8d8-3f9e926ad571', '6db47d6b-6e2e-4886-a262-520a91854f4c', '6999585d-9607-47f0-a565-37786bfb67d9', 'expense', 70, 'THB', 'Sorties', '[Trip] Bière', '2026-02-16', '2026-02-16', false, false, false, '2026-02-19 05:01:29.312515+00', 'bffe4068-e6bc-482c-8f97-24d6b4f8808b', '2026-02-19 05:01:29.312515+00', NULL, true, NULL, true, 1, 'none', '2026-02-25 15:51:27.387+00', 'THB', 'THB', NULL, 'd6c3e70a-d31f-4647-91e8-e12830d0c00d', NULL, NULL, false, 'confirmed', '2026-02-16', '2026-02-16'),
	('283717c3-65a9-49e1-ad4f-87fcfcd98c8c', '6db47d6b-6e2e-4886-a262-520a91854f4c', '6999585d-9607-47f0-a565-37786bfb67d9', 'expense', 255, 'THB', 'Sorties', '[Trip] Bière', '2026-02-17', '2026-02-17', false, false, false, '2026-02-19 04:59:21.49799+00', 'bffe4068-e6bc-482c-8f97-24d6b4f8808b', '2026-02-19 04:59:21.49799+00', NULL, true, NULL, true, 1, 'none', '2026-02-25 15:51:27.707+00', 'THB', 'THB', NULL, 'd6c3e70a-d31f-4647-91e8-e12830d0c00d', NULL, NULL, false, 'confirmed', '2026-02-17', '2026-02-17'),
	('ff73d328-6e76-41c0-adf5-b1f622d02524', '6db47d6b-6e2e-4886-a262-520a91854f4c', '6999585d-9607-47f0-a565-37786bfb67d9', 'expense', 238.5, 'THB', 'Repas', '[Trip] Course', '2026-02-14', '2026-02-14', false, false, false, '2026-02-19 05:22:20.943355+00', 'bffe4068-e6bc-482c-8f97-24d6b4f8808b', '2026-02-19 05:22:20.943355+00', NULL, true, NULL, true, 1, 'none', '2026-02-25 15:51:24.482+00', 'THB', 'THB', NULL, 'd6c3e70a-d31f-4647-91e8-e12830d0c00d', NULL, NULL, false, 'confirmed', '2026-02-14', '2026-02-14'),
	('595e2689-e771-47de-9dfe-2aeb8a50118e', '6db47d6b-6e2e-4886-a262-520a91854f4c', '6999585d-9607-47f0-a565-37786bfb67d9', 'expense', 50, 'THB', 'Sorties', '[Trip] Fuel', '2026-02-15', '2026-02-15', false, false, false, '2026-02-19 05:13:32.242823+00', 'bffe4068-e6bc-482c-8f97-24d6b4f8808b', '2026-02-19 05:13:32.242823+00', NULL, true, NULL, true, 1, 'none', '2026-02-25 15:51:21.568+00', 'THB', 'THB', NULL, 'd6c3e70a-d31f-4647-91e8-e12830d0c00d', NULL, NULL, false, 'confirmed', '2026-02-15', '2026-02-15'),
	('5a5fc433-74d1-4c73-a497-8e53ed1d6b73', '6db47d6b-6e2e-4886-a262-520a91854f4c', '6999585d-9607-47f0-a565-37786bfb67d9', 'expense', 300, 'THB', 'Repas', '[Trip] Restaurant', '2026-02-15', '2026-02-15', false, false, false, '2026-02-19 05:13:49.45718+00', 'bffe4068-e6bc-482c-8f97-24d6b4f8808b', '2026-02-19 05:13:49.45718+00', NULL, true, NULL, true, 1, 'none', '2026-02-25 15:51:21.895+00', 'THB', 'THB', NULL, 'd6c3e70a-d31f-4647-91e8-e12830d0c00d', NULL, NULL, false, 'confirmed', '2026-02-15', '2026-02-15'),
	('6d354fc8-2edf-4463-b921-25dc5faf8d55', '6db47d6b-6e2e-4886-a262-520a91854f4c', '6999585d-9607-47f0-a565-37786bfb67d9', 'expense', 90, 'THB', 'Sorties', '[Trip] Bière', '2026-02-15', '2026-02-15', false, false, false, '2026-02-19 05:14:04.210122+00', 'bffe4068-e6bc-482c-8f97-24d6b4f8808b', '2026-02-19 05:14:04.210122+00', NULL, true, NULL, true, 1, 'none', '2026-02-25 15:51:22.203+00', 'THB', 'THB', NULL, 'd6c3e70a-d31f-4647-91e8-e12830d0c00d', NULL, NULL, false, 'confirmed', '2026-02-15', '2026-02-15'),
	('c0532f75-8a68-4d96-b431-559690f8e8ed', '6db47d6b-6e2e-4886-a262-520a91854f4c', '6999585d-9607-47f0-a565-37786bfb67d9', 'expense', 190, 'THB', 'Repas', '[Trip] Resto', '2026-02-14', '2026-02-14', false, false, false, '2026-02-19 05:25:10.692889+00', 'bffe4068-e6bc-482c-8f97-24d6b4f8808b', '2026-02-19 05:25:10.692889+00', NULL, true, NULL, true, 1, 'none', '2026-02-25 15:51:24.806+00', 'THB', 'THB', NULL, 'd6c3e70a-d31f-4647-91e8-e12830d0c00d', NULL, NULL, false, 'confirmed', '2026-02-14', '2026-02-14'),
	('aea22a00-2812-45ee-af88-89aafe54a351', '6db47d6b-6e2e-4886-a262-520a91854f4c', '6999585d-9607-47f0-a565-37786bfb67d9', 'expense', 200, 'THB', 'Sorties', '[Trip] Weed', '2026-02-14', '2026-02-14', false, false, false, '2026-02-19 05:25:27.86324+00', 'bffe4068-e6bc-482c-8f97-24d6b4f8808b', '2026-02-19 05:25:27.86324+00', NULL, true, NULL, true, 1, 'none', '2026-02-25 15:51:25.135+00', 'THB', 'THB', NULL, 'd6c3e70a-d31f-4647-91e8-e12830d0c00d', NULL, NULL, false, 'confirmed', '2026-02-14', '2026-02-14'),
	('ef60720f-8089-4719-9932-3a413a4cf67f', '6db47d6b-6e2e-4886-a262-520a91854f4c', '64de2c12-6e64-4fdd-9ec6-184c956dcb38', 'expense', 100000, 'LAK', 'Repas', 'Diner', '2026-03-12', '2026-03-12', true, false, false, '2026-03-13 03:55:26.80106+00', 'bffe4068-e6bc-482c-8f97-24d6b4f8808b', '2026-03-13 03:56:16.964942+00', NULL, true, NULL, false, 1, 'none', '2026-03-13 03:55:25.729+00', 'LAK', 'LAK', 'Dîner', 'd6c3e70a-d31f-4647-91e8-e12830d0c00d', NULL, NULL, false, 'confirmed', '2026-03-12', '2026-03-12'),
	('f374c274-56c9-4c46-8b89-df3c970d4d7d', '6db47d6b-6e2e-4886-a262-520a91854f4c', '64de2c12-6e64-4fdd-9ec6-184c956dcb38', 'expense', 89000, 'LAK', 'Repas', 'Déjeuner', '2026-03-11', '2026-03-11', true, false, false, '2026-03-11 07:47:35.014743+00', 'bffe4068-e6bc-482c-8f97-24d6b4f8808b', '2026-03-11 08:06:14.851128+00', NULL, true, NULL, false, 1, 'none', '2026-03-11 07:47:33.562+00', 'LAK', 'LAK', 'Déjeuner', 'd6c3e70a-d31f-4647-91e8-e12830d0c00d', NULL, NULL, false, 'confirmed', '2026-03-11', '2026-03-11'),
	('79f1ac5f-a991-476f-9f45-7e47caac79c8', '6db47d6b-6e2e-4886-a262-520a91854f4c', '64de2c12-6e64-4fdd-9ec6-184c956dcb38', 'expense', 56000, 'LAK', 'Sorties', 'Bière', '2026-03-13', '2026-03-13', true, false, false, '2026-03-14 00:18:41.25526+00', 'bffe4068-e6bc-482c-8f97-24d6b4f8808b', '2026-03-14 00:19:13.552543+00', NULL, true, NULL, false, 1, 'none', '2026-03-14 00:18:39.997+00', 'LAK', 'LAK', 'Fête', 'd6c3e70a-d31f-4647-91e8-e12830d0c00d', NULL, NULL, false, 'confirmed', '2026-03-13', '2026-03-13'),
	('cec83e62-0cdb-438b-9635-39e191ff8f8e', '6db47d6b-6e2e-4886-a262-520a91854f4c', '6999585d-9607-47f0-a565-37786bfb67d9', 'expense', 60, 'THB', 'Repas', 'Café', '2026-02-28', '2026-02-28', true, false, false, '2026-02-28 07:12:32.259557+00', 'bffe4068-e6bc-482c-8f97-24d6b4f8808b', '2026-02-28 07:12:32.259557+00', NULL, true, NULL, false, 1, 'none', '2026-02-28 07:12:29.919+00', 'THB', 'THB', 'Café', 'd6c3e70a-d31f-4647-91e8-e12830d0c00d', NULL, NULL, false, 'confirmed', '2026-02-28', '2026-02-28'),
	('c7d6ecc6-8a06-46d8-8ad0-5cebd1c4e1f5', '6db47d6b-6e2e-4886-a262-520a91854f4c', '6999585d-9607-47f0-a565-37786bfb67d9', 'expense', 260, 'THB', 'Repas', '[Trip] Avance - Cafe', '2026-02-22', '2026-02-22', true, true, false, '2026-02-22 04:23:31.081695+00', 'bffe4068-e6bc-482c-8f97-24d6b4f8808b', '2026-02-22 04:23:31.081695+00', '03d5356e-e488-4968-a271-01462e6d40f0', true, NULL, false, 1, 'none', '2026-02-25 15:51:23.837+00', 'THB', 'THB', 'Café', 'd6c3e70a-d31f-4647-91e8-e12830d0c00d', NULL, NULL, false, 'confirmed', '2026-02-22', '2026-02-22'),
	('dc781529-3c3f-4970-984d-48d397254699', '6db47d6b-6e2e-4886-a262-520a91854f4c', '64de2c12-6e64-4fdd-9ec6-184c956dcb38', 'expense', 200000, 'LAK', 'Repas', 'Pizza !', '2026-03-14', '2026-03-14', true, false, false, '2026-03-14 11:05:26.00996+00', 'bffe4068-e6bc-482c-8f97-24d6b4f8808b', '2026-03-14 11:05:26.00996+00', NULL, true, NULL, false, 1, 'none', '2026-03-14 11:05:25.639+00', 'LAK', 'LAK', 'Déjeuner', 'd6c3e70a-d31f-4647-91e8-e12830d0c00d', NULL, NULL, false, 'confirmed', '2026-03-14', '2026-03-14'),
	('b334a49a-469a-442d-b27c-d3c14a6c8f1a', '6db47d6b-6e2e-4886-a262-520a91854f4c', '6999585d-9607-47f0-a565-37786bfb67d9', 'expense', 20, 'THB', 'Repas', 'Coca', '2026-02-25', '2026-02-25', true, false, false, '2026-02-25 13:24:26.510497+00', 'bffe4068-e6bc-482c-8f97-24d6b4f8808b', '2026-02-25 13:24:26.510497+00', NULL, true, NULL, false, 1, 'none', '2026-02-25 15:51:20.928+00', 'THB', 'THB', 'Déjeuner', 'd6c3e70a-d31f-4647-91e8-e12830d0c00d', NULL, NULL, false, 'confirmed', '2026-02-25', '2026-02-25'),
	('1e9c00a9-1fd6-4e0d-8246-85657673bd89', '6db47d6b-6e2e-4886-a262-520a91854f4c', '6999585d-9607-47f0-a565-37786bfb67d9', 'expense', 180, 'THB', 'Repas', 'Ramen', '2026-02-25', '2026-02-25', true, false, false, '2026-02-25 12:42:57.335652+00', 'bffe4068-e6bc-482c-8f97-24d6b4f8808b', '2026-02-25 12:42:57.335652+00', NULL, true, NULL, false, 1, 'none', '2026-02-25 15:51:30.075+00', 'THB', 'THB', 'Déjeuner', 'd6c3e70a-d31f-4647-91e8-e12830d0c00d', NULL, NULL, false, 'confirmed', '2026-02-25', '2026-02-25'),
	('1dba865c-34d3-47a5-9f23-bcd8e05d58d1', '6db47d6b-6e2e-4886-a262-520a91854f4c', '6999585d-9607-47f0-a565-37786bfb67d9', 'expense', 80, 'THB', 'Repas', 'Eau treak', '2026-02-24', '2026-02-24', true, false, false, '2026-02-24 09:41:12.908657+00', 'bffe4068-e6bc-482c-8f97-24d6b4f8808b', '2026-02-24 09:41:12.908657+00', NULL, true, NULL, false, 1, 'none', '2026-02-25 15:51:20.283+00', 'THB', 'THB', 'Déjeuner', 'd6c3e70a-d31f-4647-91e8-e12830d0c00d', NULL, NULL, false, 'confirmed', '2026-02-24', '2026-02-24'),
	('c268d680-7793-4a17-a005-e2484d4fa044', '6db47d6b-6e2e-4886-a262-520a91854f4c', '6999585d-9607-47f0-a565-37786bfb67d9', 'expense', 195, 'THB', 'Logement', 'Auberge Chiang Mai', '2026-02-25', '2026-02-25', true, false, false, '2026-02-23 14:48:43.076651+00', 'bffe4068-e6bc-482c-8f97-24d6b4f8808b', '2026-02-24 02:52:22.508152+00', NULL, true, NULL, false, 1, 'none', '2026-02-25 15:51:29+00', 'THB', 'THB', 'Auberge', 'd6c3e70a-d31f-4647-91e8-e12830d0c00d', NULL, NULL, false, 'confirmed', '2026-02-25', '2026-02-25'),
	('d020b05b-a008-459e-942d-6b9a70802113', '6db47d6b-6e2e-4886-a262-520a91854f4c', '4e2f798d-caa6-4134-9da1-57097cc07265', 'expense', 50.48, 'EUR', 'Logement', 'Hotel avec Aoñ', '2026-02-19', '2026-02-21', true, false, false, '2026-02-17 03:47:18.284618+00', 'bffe4068-e6bc-482c-8f97-24d6b4f8808b', '2026-02-25 14:22:43.141+00', NULL, true, NULL, false, 36.573, 'ecb_or_manual', '2026-02-25 14:25:49.728296+00', 'THB', 'EUR', 'Auberge', 'd6c3e70a-d31f-4647-91e8-e12830d0c00d', NULL, NULL, false, 'confirmed', '2026-02-19', '2026-02-21'),
	('00488213-14f2-4998-a6a9-0ee31e9122fd', '6db47d6b-6e2e-4886-a262-520a91854f4c', '6999585d-9607-47f0-a565-37786bfb67d9', 'expense', 70, 'THB', 'Transport', 'Metro', '2026-02-22', '2026-02-22', true, false, false, '2026-02-22 12:24:17.0122+00', 'bffe4068-e6bc-482c-8f97-24d6b4f8808b', '2026-02-22 12:24:17.0122+00', NULL, true, NULL, false, 1, 'none', '2026-02-25 15:51:17.351+00', 'THB', 'THB', 'Métro', 'd6c3e70a-d31f-4647-91e8-e12830d0c00d', NULL, NULL, false, 'confirmed', '2026-02-22', '2026-02-22'),
	('2715387c-d02d-4d4b-a129-647ed53213de', '6db47d6b-6e2e-4886-a262-520a91854f4c', '6999585d-9607-47f0-a565-37786bfb67d9', 'expense', 80, 'THB', 'Sorties', 'Biere', '2026-02-23', '2026-02-23', true, false, false, '2026-02-23 11:30:51.838032+00', 'bffe4068-e6bc-482c-8f97-24d6b4f8808b', '2026-02-23 11:30:51.838032+00', NULL, true, NULL, false, 1, 'none', '2026-02-25 15:51:28.679+00', 'THB', 'THB', 'Verre', 'd6c3e70a-d31f-4647-91e8-e12830d0c00d', NULL, NULL, false, 'confirmed', '2026-02-23', '2026-02-23'),
	('a928134e-d737-4f7c-8a6c-1cf9f7aa970f', '6db47d6b-6e2e-4886-a262-520a91854f4c', '6999585d-9607-47f0-a565-37786bfb67d9', 'expense', 40, 'THB', 'Repas', 'Glace + Coca', '2026-02-28', '2026-02-28', true, false, false, '2026-02-28 11:14:03.267122+00', 'bffe4068-e6bc-482c-8f97-24d6b4f8808b', '2026-03-18 11:48:54.462+00', NULL, true, NULL, false, 1, 'none', '2026-02-28 11:14:02.507+00', 'THB', 'THB', 'Snack', 'd6c3e70a-d31f-4647-91e8-e12830d0c00d', NULL, NULL, false, 'confirmed', '2026-02-28', '2026-02-28'),
	('d6b40dbf-e700-4fb7-93f0-564f502dcba1', '6db47d6b-6e2e-4886-a262-520a91854f4c', '6999585d-9607-47f0-a565-37786bfb67d9', 'expense', 150, 'THB', 'Souvenir', 'Casquette', '2026-02-16', '2026-02-16', true, false, false, '2026-02-16 10:25:57.546154+00', 'bffe4068-e6bc-482c-8f97-24d6b4f8808b', '2026-03-18 11:52:32.265+00', NULL, true, NULL, false, 1, 'none', '2026-02-25 15:51:05.826+00', 'THB', 'THB', 'Vêtement', 'd6c3e70a-d31f-4647-91e8-e12830d0c00d', NULL, NULL, false, 'confirmed', '2026-02-16', '2026-02-16'),
	('eea5bac9-31e3-4af7-bb11-5a091e7d8e6f', '6db47d6b-6e2e-4886-a262-520a91854f4c', '6999585d-9607-47f0-a565-37786bfb67d9', 'expense', 100, 'THB', 'Souvenir', 'Souvenir', '2026-02-28', '2026-02-28', true, false, false, '2026-02-28 11:13:47.657573+00', 'bffe4068-e6bc-482c-8f97-24d6b4f8808b', '2026-03-18 11:53:37.149+00', NULL, true, NULL, false, 1, 'none', '2026-02-28 11:13:46.901+00', 'THB', 'THB', 'Artisanat', 'd6c3e70a-d31f-4647-91e8-e12830d0c00d', NULL, NULL, false, 'confirmed', '2026-02-28', '2026-02-28'),
	('ce22de4c-db08-490c-9394-b2d938377f86', '6db47d6b-6e2e-4886-a262-520a91854f4c', '6999585d-9607-47f0-a565-37786bfb67d9', 'income', 1000, 'THB', 'Mouvement interne', 'Retrait', '2026-02-28', '2026-02-28', true, true, false, '2026-02-28 11:13:32.331098+00', 'bffe4068-e6bc-482c-8f97-24d6b4f8808b', '2026-02-28 11:13:32.331098+00', NULL, true, NULL, false, 1, 'none', '2026-02-28 11:13:31.593+00', 'THB', 'THB', 'Retrait', 'd6c3e70a-d31f-4647-91e8-e12830d0c00d', NULL, NULL, false, 'confirmed', '2026-02-28', '2026-02-28'),
	('a41a942e-85ed-4347-ae84-e294298fdf95', '6db47d6b-6e2e-4886-a262-520a91854f4c', '4e2f798d-caa6-4134-9da1-57097cc07265', 'expense', 225.16, 'EUR', 'Mouvement interne', 'Retrait', '2026-02-12', '2026-02-12', true, true, false, '2026-02-12 09:35:34.269816+00', 'bffe4068-e6bc-482c-8f97-24d6b4f8808b', '2026-02-25 16:06:30.672+00', NULL, true, NULL, false, 36.642, 'ecb', '2026-02-25 16:06:30.672+00', 'THB', 'EUR', 'Retrait', 'd6c3e70a-d31f-4647-91e8-e12830d0c00d', NULL, NULL, false, 'confirmed', '2026-02-12', '2026-02-12'),
	('3688802b-5896-4197-b839-eca163dc8e25', '6db47d6b-6e2e-4886-a262-520a91854f4c', '6999585d-9607-47f0-a565-37786bfb67d9', 'expense', 200, 'THB', 'Repas', '[Trip] Resto', '2026-02-14', '2026-02-14', false, false, false, '2026-02-19 05:25:43.021247+00', 'bffe4068-e6bc-482c-8f97-24d6b4f8808b', '2026-02-19 05:25:43.021247+00', NULL, true, NULL, true, 1, 'none', '2026-02-25 15:51:25.461+00', 'THB', 'THB', NULL, 'd6c3e70a-d31f-4647-91e8-e12830d0c00d', NULL, NULL, false, 'confirmed', '2026-02-14', '2026-02-14'),
	('8ee0f491-9eea-4f05-b316-cc413fd505eb', '6db47d6b-6e2e-4886-a262-520a91854f4c', '6999585d-9607-47f0-a565-37786bfb67d9', 'expense', 300, 'THB', 'Sorties', '[Trip] Scooter', '2026-02-15', '2026-02-15', false, false, false, '2026-02-19 05:13:10.740576+00', 'bffe4068-e6bc-482c-8f97-24d6b4f8808b', '2026-02-19 05:13:10.740576+00', NULL, true, NULL, true, 1, 'none', '2026-02-25 15:51:21.246+00', 'THB', 'THB', NULL, 'd6c3e70a-d31f-4647-91e8-e12830d0c00d', NULL, NULL, false, 'confirmed', '2026-02-15', '2026-02-15'),
	('d8ee6376-3ac6-4862-a398-6c69233c8274', '6db47d6b-6e2e-4886-a262-520a91854f4c', '6999585d-9607-47f0-a565-37786bfb67d9', 'expense', 100, 'THB', 'Repas', '[Trip] Cafe', '2026-02-22', '2026-02-22', false, false, false, '2026-02-22 04:23:34.091624+00', 'bffe4068-e6bc-482c-8f97-24d6b4f8808b', '2026-02-22 04:23:34.091624+00', NULL, true, NULL, true, 1, 'none', '2026-02-25 15:51:26.098+00', 'THB', 'THB', NULL, 'd6c3e70a-d31f-4647-91e8-e12830d0c00d', NULL, NULL, false, 'confirmed', '2026-02-22', '2026-02-22'),
	('0177af2b-ffb5-411c-aa4d-c80d8ca9719e', '6db47d6b-6e2e-4886-a262-520a91854f4c', '4e2f798d-caa6-4134-9da1-57097cc07265', 'expense', 11.51, 'EUR', 'Projet Personnel', 'Abonnement Netlify', '2026-02-28', '2026-02-28', true, true, false, '2026-02-28 11:47:04.551637+00', 'bffe4068-e6bc-482c-8f97-24d6b4f8808b', '2026-02-28 11:47:04.551637+00', NULL, true, NULL, false, 36.696, 'fx', '2026-02-28 11:47:03.344+00', 'THB', 'EUR', NULL, 'd6c3e70a-d31f-4647-91e8-e12830d0c00d', NULL, NULL, false, 'confirmed', '2026-02-28', '2026-02-28'),
	('83c0b7df-c5d9-4130-b9fc-6509d60a1cb0', '6db47d6b-6e2e-4886-a262-520a91854f4c', '4e2f798d-caa6-4134-9da1-57097cc07265', 'expense', 12, 'EUR', 'Frais bancaire', 'Frais MonaB Uniq+', '2026-07-06', '2026-07-06', false, false, false, '2026-03-15 04:32:38.552877+00', 'bffe4068-e6bc-482c-8f97-24d6b4f8808b', '2026-03-18 13:32:54.57+00', NULL, true, NULL, false, NULL, NULL, '2026-03-15 04:32:38.552877+00', NULL, NULL, 'Tenue de compte', 'd6c3e70a-d31f-4647-91e8-e12830d0c00d', '010da0e4-eb9a-45b4-a485-f8c71b614e73', '2026-07-06', true, 'generated', '2026-07-06', '2026-07-06'),
	('fc3893b0-e97b-4266-90be-0af84af94a2c', '6db47d6b-6e2e-4886-a262-520a91854f4c', '4e2f798d-caa6-4134-9da1-57097cc07265', 'expense', 12, 'EUR', 'Frais bancaire', 'Frais MonaB Uniq+', '2026-08-06', '2026-08-06', false, false, false, '2026-03-15 04:32:38.552877+00', 'bffe4068-e6bc-482c-8f97-24d6b4f8808b', '2026-03-18 13:32:54.57+00', NULL, true, NULL, false, NULL, NULL, '2026-03-15 04:32:38.552877+00', NULL, NULL, 'Tenue de compte', 'd6c3e70a-d31f-4647-91e8-e12830d0c00d', '010da0e4-eb9a-45b4-a485-f8c71b614e73', '2026-08-06', true, 'generated', '2026-08-06', '2026-08-06'),
	('5d157306-c5c0-438c-a912-ef09dbc90f4a', '6db47d6b-6e2e-4886-a262-520a91854f4c', '4e2f798d-caa6-4134-9da1-57097cc07265', 'expense', 12, 'EUR', 'Frais bancaire', 'Frais MonaB Uniq+', '2026-09-06', '2026-09-06', false, false, false, '2026-03-15 04:32:38.552877+00', 'bffe4068-e6bc-482c-8f97-24d6b4f8808b', '2026-03-18 13:32:54.57+00', NULL, true, NULL, false, NULL, NULL, '2026-03-15 04:32:38.552877+00', NULL, NULL, 'Tenue de compte', 'd6c3e70a-d31f-4647-91e8-e12830d0c00d', '010da0e4-eb9a-45b4-a485-f8c71b614e73', '2026-09-06', true, 'generated', '2026-09-06', '2026-09-06'),
	('82c8854b-2608-4c61-8b70-3c401affc069', '2a575871-a403-43b9-aaf6-41bff3433d4a', '36c16c32-d270-4875-9df7-c7ba246e1135', 'expense', 15, 'EUR', 'Logement', 'Logement', '2026-02-26', '2026-02-26', true, false, false, '2026-02-26 11:01:51.280015+00', 'afc8781c-24de-4a1b-bcbb-0981ac803699', '2026-02-26 11:01:51.280015+00', NULL, true, NULL, false, 1, 'none', '2026-02-26 11:01:49.88+00', 'EUR', 'EUR', NULL, '3ea801ca-c940-4577-803d-d0ca7b4283db', NULL, NULL, false, 'confirmed', '2026-02-26', '2026-02-26'),
	('ef2b72b8-3280-478e-818d-211f547cc28d', '2a575871-a403-43b9-aaf6-41bff3433d4a', '36c16c32-d270-4875-9df7-c7ba246e1135', 'expense', 15, 'EUR', 'Logement', 'Logement', '2026-03-20', '2026-03-20', true, false, false, '2026-02-26 11:02:57.138696+00', 'afc8781c-24de-4a1b-bcbb-0981ac803699', '2026-02-26 11:02:57.138696+00', NULL, true, NULL, false, 1, 'none', '2026-02-26 11:02:56.1+00', 'EUR', 'EUR', NULL, '3ea801ca-c940-4577-803d-d0ca7b4283db', NULL, NULL, false, 'confirmed', '2026-03-20', '2026-03-20'),
	('6b3f41b9-e1f4-465c-ae5d-9315368e4c63', '6db47d6b-6e2e-4886-a262-520a91854f4c', '73d2ed75-3bd8-44fd-b907-17ecee6b2231', 'expense', 3000, 'JPY', 'Transport', 'Transport', '2026-04-29', '2026-04-29', true, false, false, '2026-04-29 06:05:28.129157+00', 'bffe4068-e6bc-482c-8f97-24d6b4f8808b', '2026-04-29 06:05:28.129157+00', NULL, true, NULL, false, 1, 'none', '2026-04-29 06:05:25.482+00', 'JPY', 'JPY', 'Train local', 'd6c3e70a-d31f-4647-91e8-e12830d0c00d', NULL, NULL, false, 'confirmed', '2026-04-29', '2026-04-29'),
	('315f95c0-bbc0-44f7-ac0a-6ec196dbeddf', '6db47d6b-6e2e-4886-a262-520a91854f4c', '73d2ed75-3bd8-44fd-b907-17ecee6b2231', 'expense', 1000, 'JPY', 'Autre', 'Pantalon', '2026-03-29', '2026-03-29', true, false, false, '2026-03-29 07:32:45.439216+00', 'bffe4068-e6bc-482c-8f97-24d6b4f8808b', '2026-03-29 07:32:45.439216+00', NULL, true, NULL, false, 1, 'none', '2026-03-29 07:32:43.894+00', 'JPY', 'JPY', NULL, 'd6c3e70a-d31f-4647-91e8-e12830d0c00d', NULL, NULL, false, 'confirmed', '2026-03-29', '2026-03-29'),
	('2690781e-4153-4bbf-bf7e-e2a751e7525c', '6db47d6b-6e2e-4886-a262-520a91854f4c', '6999585d-9607-47f0-a565-37786bfb67d9', 'expense', 200, 'THB', 'Repas', 'Déjeuner', '2026-02-28', '2026-02-28', true, false, false, '2026-02-28 04:47:53.972188+00', 'bffe4068-e6bc-482c-8f97-24d6b4f8808b', '2026-02-28 11:15:29.556433+00', NULL, true, NULL, false, 1, 'none', '2026-02-28 04:47:52.095+00', 'THB', 'THB', 'Déjeuner', 'd6c3e70a-d31f-4647-91e8-e12830d0c00d', NULL, NULL, false, 'confirmed', '2026-02-28', '2026-02-28'),
	('67e120b1-30ac-4037-bac5-6ea83d609ac5', '6db47d6b-6e2e-4886-a262-520a91854f4c', '64de2c12-6e64-4fdd-9ec6-184c956dcb38', 'expense', 70000, 'LAK', 'Repas', 'Diner', '2026-03-13', '2026-03-13', true, false, false, '2026-03-14 00:18:57.257009+00', 'bffe4068-e6bc-482c-8f97-24d6b4f8808b', '2026-03-14 00:18:57.257009+00', NULL, true, NULL, false, 1, 'none', '2026-03-14 00:18:56.974+00', 'LAK', 'LAK', 'Dîner', 'd6c3e70a-d31f-4647-91e8-e12830d0c00d', NULL, NULL, false, 'confirmed', '2026-03-13', '2026-03-13'),
	('6b0cb69f-ee9e-4cc8-b953-5ca9c53470f7', '6db47d6b-6e2e-4886-a262-520a91854f4c', '6999585d-9607-47f0-a565-37786bfb67d9', 'expense', 85, 'THB', 'Repas', 'Déjeuner', '2026-02-26', '2026-02-26', true, false, false, '2026-02-26 08:24:31.760531+00', 'bffe4068-e6bc-482c-8f97-24d6b4f8808b', '2026-02-26 08:24:31.760531+00', NULL, true, NULL, false, 1, 'none', '2026-02-26 08:24:30.967+00', 'THB', 'THB', 'Déjeuner', 'd6c3e70a-d31f-4647-91e8-e12830d0c00d', NULL, NULL, false, 'confirmed', '2026-02-26', '2026-02-26'),
	('85b693f8-ce40-4120-aa55-dfebaaa4979a', '6db47d6b-6e2e-4886-a262-520a91854f4c', '4e2f798d-caa6-4134-9da1-57097cc07265', 'expense', 1.99, 'EUR', 'Abonnement/Mobile', 'Abonnement GoogleOne', '2026-02-21', '2026-02-21', true, false, false, '2026-02-22 07:52:43.075655+00', 'bffe4068-e6bc-482c-8f97-24d6b4f8808b', '2026-02-22 07:52:43.075655+00', NULL, true, NULL, false, 36.573, 'ecb', '2026-02-25 15:51:26.738+00', 'THB', 'EUR', 'Abonnement app', 'd6c3e70a-d31f-4647-91e8-e12830d0c00d', NULL, NULL, false, 'confirmed', '2026-02-21', '2026-02-21'),
	('1dd2a2ec-b3a9-4479-9318-1da3bafa6811', '6db47d6b-6e2e-4886-a262-520a91854f4c', '4e2f798d-caa6-4134-9da1-57097cc07265', 'expense', 9.36, 'EUR', 'Abonnement/Mobile', 'eSaily 10 GO', '2026-02-20', '2026-02-20', true, false, false, '2026-02-20 04:55:56.606145+00', 'bffe4068-e6bc-482c-8f97-24d6b4f8808b', '2026-02-25 14:22:45.872+00', NULL, true, NULL, false, 36.573, 'ecb_or_manual', '2026-02-25 14:25:49.728296+00', 'THB', 'EUR', 'Recharge data', 'd6c3e70a-d31f-4647-91e8-e12830d0c00d', NULL, NULL, false, 'confirmed', '2026-02-20', '2026-02-20'),
	('5294aedd-c3a1-4116-8f2f-37dc0a9dedff', '6db47d6b-6e2e-4886-a262-520a91854f4c', '6999585d-9607-47f0-a565-37786bfb67d9', 'expense', 175, 'THB', 'Repas', 'Petit Dejeuner', '2026-02-26', '2026-02-26', true, false, false, '2026-02-26 04:28:30.17727+00', 'bffe4068-e6bc-482c-8f97-24d6b4f8808b', '2026-02-26 04:28:30.17727+00', NULL, true, NULL, false, 1, 'none', '2026-02-26 04:28:29.23+00', 'THB', 'THB', 'Petit-déjeuner', 'd6c3e70a-d31f-4647-91e8-e12830d0c00d', NULL, NULL, false, 'confirmed', '2026-02-26', '2026-02-26'),
	('5fb6218d-9607-4665-a9b8-7b7452f528ee', '6db47d6b-6e2e-4886-a262-520a91854f4c', '6999585d-9607-47f0-a565-37786bfb67d9', 'expense', 110, 'THB', 'Repas', 'Café', '2026-02-26', '2026-02-26', true, false, false, '2026-02-26 05:09:50.510167+00', 'bffe4068-e6bc-482c-8f97-24d6b4f8808b', '2026-02-26 05:09:50.510167+00', NULL, true, NULL, false, 1, 'none', '2026-02-26 05:09:49.038+00', 'THB', 'THB', 'Café', 'd6c3e70a-d31f-4647-91e8-e12830d0c00d', NULL, NULL, false, 'confirmed', '2026-02-26', '2026-02-26'),
	('80d7abbb-70d2-4c9c-b609-62cf8ddba2f2', '6db47d6b-6e2e-4886-a262-520a91854f4c', '6999585d-9607-47f0-a565-37786bfb67d9', 'expense', 100, 'THB', 'Repas', 'Café', '2026-02-22', '2026-02-22', true, false, false, '2026-02-22 05:44:21.942511+00', 'bffe4068-e6bc-482c-8f97-24d6b4f8808b', '2026-02-22 05:44:21.942511+00', NULL, true, NULL, false, 1, 'none', '2026-02-25 15:51:26.415+00', 'THB', 'THB', 'Café', 'd6c3e70a-d31f-4647-91e8-e12830d0c00d', NULL, NULL, false, 'confirmed', '2026-02-22', '2026-02-22'),
	('12da01f4-7156-4e72-a1e6-817cf22c6ca1', '6db47d6b-6e2e-4886-a262-520a91854f4c', '6999585d-9607-47f0-a565-37786bfb67d9', 'expense', 100, 'THB', 'Repas', 'Café', '2026-02-20', '2026-02-20', true, false, false, '2026-02-20 05:45:25.769836+00', 'bffe4068-e6bc-482c-8f97-24d6b4f8808b', '2026-02-20 05:45:25.769836+00', NULL, true, NULL, false, 1, 'none', '2026-02-25 15:51:25.779+00', 'THB', 'THB', 'Café', 'd6c3e70a-d31f-4647-91e8-e12830d0c00d', NULL, NULL, false, 'confirmed', '2026-02-20', '2026-02-20'),
	('92b77f43-5a52-4ed4-a6cf-88a449f6f8c7', '6db47d6b-6e2e-4886-a262-520a91854f4c', '6999585d-9607-47f0-a565-37786bfb67d9', 'expense', 300, 'THB', 'Repas', 'Ramen', '2026-02-21', '2026-02-21', true, false, false, '2026-02-21 06:38:05.512321+00', 'bffe4068-e6bc-482c-8f97-24d6b4f8808b', '2026-02-21 06:38:05.512321+00', NULL, true, NULL, false, 1, 'none', '2026-02-25 15:51:05.173+00', 'THB', 'THB', 'Déjeuner', 'd6c3e70a-d31f-4647-91e8-e12830d0c00d', NULL, NULL, false, 'confirmed', '2026-02-21', '2026-02-21'),
	('1162b8e2-05e7-446b-a0d5-9f41c4daf7e1', '6db47d6b-6e2e-4886-a262-520a91854f4c', '6999585d-9607-47f0-a565-37786bfb67d9', 'expense', 175, 'THB', 'Repas', '[Trip] Avance - Dejeuner', '2026-02-18', '2026-02-18', true, true, false, '2026-02-18 14:15:19.789021+00', 'bffe4068-e6bc-482c-8f97-24d6b4f8808b', '2026-02-18 14:15:19.789021+00', '86b3776f-5c2a-439e-b8fa-f6694c60a4c4', true, NULL, false, 1, 'none', '2026-02-25 15:51:07.148+00', 'THB', 'THB', 'Déjeuner', 'd6c3e70a-d31f-4647-91e8-e12830d0c00d', NULL, NULL, false, 'confirmed', '2026-02-18', '2026-02-18'),
	('cbf3cd75-5984-4c19-a960-203687532a87', '6db47d6b-6e2e-4886-a262-520a91854f4c', '6999585d-9607-47f0-a565-37786bfb67d9', 'expense', 195, 'THB', 'Logement', 'Auberge Chiang Mai', '2026-02-26', '2026-02-26', true, false, false, '2026-02-26 03:48:03.448036+00', 'bffe4068-e6bc-482c-8f97-24d6b4f8808b', '2026-02-26 03:48:03.31+00', NULL, true, NULL, false, 1, 'none', '2026-02-26 03:48:03.448036+00', 'THB', 'THB', 'Auberge', 'd6c3e70a-d31f-4647-91e8-e12830d0c00d', NULL, NULL, false, 'confirmed', '2026-02-26', '2026-02-26'),
	('4f3a760c-8da9-4cf7-9d60-8d63603028e8', '6db47d6b-6e2e-4886-a262-520a91854f4c', '4e2f798d-caa6-4134-9da1-57097cc07265', 'expense', 9.61, 'EUR', 'Transport', 'Bus Phuket to Surat Thani', '2026-02-13', '2026-02-13', true, false, false, '2026-02-12 11:54:32.53642+00', 'bffe4068-e6bc-482c-8f97-24d6b4f8808b', '2026-02-25 16:06:32.268+00', NULL, true, NULL, false, 36.642, 'ecb', '2026-02-25 16:06:32.268+00', 'THB', 'EUR', 'Bus local', 'd6c3e70a-d31f-4647-91e8-e12830d0c00d', NULL, NULL, false, 'confirmed', '2026-02-13', '2026-02-13'),
	('d40d7077-eedc-4d4f-b98c-6d86ab414a75', '6db47d6b-6e2e-4886-a262-520a91854f4c', '6999585d-9607-47f0-a565-37786bfb67d9', 'expense', 70, 'THB', 'Transport', 'Pleins scooter', '2026-02-14', '2026-02-14', true, false, false, '2026-02-14 09:04:39.066248+00', 'bffe4068-e6bc-482c-8f97-24d6b4f8808b', '2026-03-18 11:48:15.472+00', NULL, true, NULL, false, 1, 'none', '2026-02-25 15:51:10.456+00', 'THB', 'THB', 'Essence', 'd6c3e70a-d31f-4647-91e8-e12830d0c00d', NULL, NULL, false, 'confirmed', '2026-02-14', '2026-02-14'),
	('41e49b18-e76d-461c-bafd-d7d63e4ce786', '6db47d6b-6e2e-4886-a262-520a91854f4c', '6999585d-9607-47f0-a565-37786bfb67d9', 'expense', 75, 'THB', 'Sorties', 'Cigarette', '2026-02-25', '2026-02-25', true, false, false, '2026-02-25 16:46:24.713772+00', 'bffe4068-e6bc-482c-8f97-24d6b4f8808b', '2026-02-25 16:46:46.482342+00', NULL, true, NULL, false, 1, 'none', '2026-02-25 16:46:24.713772+00', 'THB', 'THB', 'Fête', 'd6c3e70a-d31f-4647-91e8-e12830d0c00d', NULL, NULL, false, 'confirmed', '2026-02-25', '2026-02-25'),
	('52a87b53-ce20-42d5-b54a-f0a16f509cef', '6db47d6b-6e2e-4886-a262-520a91854f4c', '6999585d-9607-47f0-a565-37786bfb67d9', 'expense', 477, 'THB', 'Course', '[Trip] Avance - Course', '2026-02-14', '2026-02-14', true, true, false, '2026-02-19 05:22:18.900984+00', 'bffe4068-e6bc-482c-8f97-24d6b4f8808b', '2026-02-19 09:22:11.296281+00', '10c8883c-cfd7-41e9-b59d-dce651d67020', true, NULL, false, 1, 'none', '2026-02-25 15:51:24.159+00', 'THB', 'THB', 'Supermarché', 'd6c3e70a-d31f-4647-91e8-e12830d0c00d', NULL, NULL, false, 'confirmed', '2026-02-14', '2026-02-14'),
	('4e2478e9-b466-483b-9968-dd02ed3fdf72', '6db47d6b-6e2e-4886-a262-520a91854f4c', '6999585d-9607-47f0-a565-37786bfb67d9', 'expense', 20, 'THB', 'Course', 'Eau', '2026-02-26', '2026-02-26', true, false, false, '2026-02-26 09:17:32.378573+00', 'bffe4068-e6bc-482c-8f97-24d6b4f8808b', '2026-02-26 09:17:32.378573+00', NULL, true, NULL, false, 1, 'none', '2026-02-26 09:17:31.153+00', 'THB', 'THB', 'Supermarché', 'd6c3e70a-d31f-4647-91e8-e12830d0c00d', NULL, NULL, false, 'confirmed', '2026-02-26', '2026-02-26'),
	('367c038d-eee9-4d21-81b6-0e23307754d2', '6db47d6b-6e2e-4886-a262-520a91854f4c', '4e2f798d-caa6-4134-9da1-57097cc07265', 'expense', 62.95, 'EUR', 'Mouvement interne', 'Retrait', '2026-03-14', '2026-03-14', true, true, false, '2026-03-14 11:06:37.751701+00', 'bffe4068-e6bc-482c-8f97-24d6b4f8808b', '2026-03-14 11:06:37.751701+00', NULL, false, NULL, false, 24743.63, 'fx', '2026-03-14 11:06:37.36+00', 'LAK', 'EUR', 'Retrait', 'd6c3e70a-d31f-4647-91e8-e12830d0c00d', NULL, NULL, false, 'confirmed', '2026-03-14', '2026-03-14'),
	('72b82ff6-8c71-445e-bb86-c1c6ba17896b', '6db47d6b-6e2e-4886-a262-520a91854f4c', '6999585d-9607-47f0-a565-37786bfb67d9', 'income', 1000, 'THB', 'Caution', 'Caution vélo', '2026-03-02', '2026-03-02', true, true, false, '2026-02-28 11:18:43.471802+00', 'bffe4068-e6bc-482c-8f97-24d6b4f8808b', '2026-03-01 22:07:32.041173+00', NULL, true, NULL, false, 838.4949313276652, 'manual', '2026-02-28 11:18:42.212+00', 'LAK', 'THB', 'Location véhicule', 'd6c3e70a-d31f-4647-91e8-e12830d0c00d', NULL, NULL, false, 'confirmed', '2026-03-02', '2026-03-02'),
	('5ee9614c-ad10-4d44-aa60-fffb341a89b4', '6db47d6b-6e2e-4886-a262-520a91854f4c', '4e2f798d-caa6-4134-9da1-57097cc07265', 'expense', 12, 'EUR', 'Frais bancaire', 'Frais MonaB Uniq+', '2026-10-06', '2026-10-06', false, false, false, '2026-03-15 04:32:38.552877+00', 'bffe4068-e6bc-482c-8f97-24d6b4f8808b', '2026-03-18 13:32:54.57+00', NULL, true, NULL, false, NULL, NULL, '2026-03-15 04:32:38.552877+00', NULL, NULL, 'Tenue de compte', 'd6c3e70a-d31f-4647-91e8-e12830d0c00d', '010da0e4-eb9a-45b4-a485-f8c71b614e73', '2026-10-06', true, 'generated', '2026-10-06', '2026-10-06'),
	('0e16550c-ccc4-4fce-ac71-8973c683239c', '6db47d6b-6e2e-4886-a262-520a91854f4c', '4e2f798d-caa6-4134-9da1-57097cc07265', 'expense', 4.25, 'EUR', 'Projet Personnel', 'Netlify add', '2026-02-27', '2026-02-27', true, true, false, '2026-02-27 09:16:27.15939+00', 'bffe4068-e6bc-482c-8f97-24d6b4f8808b', '2026-02-27 09:17:23.548714+00', NULL, true, NULL, false, 36.694, 'ecb', '2026-02-27 09:16:26.189+00', 'THB', 'EUR', NULL, 'd6c3e70a-d31f-4647-91e8-e12830d0c00d', NULL, NULL, false, 'confirmed', '2026-02-27', '2026-02-27'),
	('2a4ea6fe-357a-4981-a63d-4dc3f8cf2eea', '6db47d6b-6e2e-4886-a262-520a91854f4c', '4e2f798d-caa6-4134-9da1-57097cc07265', 'expense', 23, 'EUR', 'Projet Personnel', 'ChatGPT', '2026-03-14', '2026-03-14', true, true, false, '2026-03-14 01:07:18.105222+00', 'bffe4068-e6bc-482c-8f97-24d6b4f8808b', '2026-03-14 01:07:18.105222+00', NULL, false, NULL, false, 24743.63, 'fx', '2026-03-14 01:07:16.98+00', 'LAK', 'EUR', NULL, 'd6c3e70a-d31f-4647-91e8-e12830d0c00d', NULL, NULL, false, 'confirmed', '2026-03-14', '2026-03-14'),
	('ad904b28-6a68-4f19-a6ae-79a68295dfae', '6db47d6b-6e2e-4886-a262-520a91854f4c', '64de2c12-6e64-4fdd-9ec6-184c956dcb38', 'expense', 90000, 'LAK', 'Laundry', 'Laundry', '2026-03-13', '2026-03-13', true, false, false, '2026-03-13 03:56:03.585986+00', 'bffe4068-e6bc-482c-8f97-24d6b4f8808b', '2026-03-14 11:08:42.531559+00', NULL, true, NULL, false, 1, 'none', '2026-03-13 03:56:02.596+00', 'LAK', 'LAK', NULL, 'd6c3e70a-d31f-4647-91e8-e12830d0c00d', NULL, NULL, false, 'confirmed', '2026-03-13', '2026-03-13'),
	('6b62e9bd-7696-4715-bb95-da6116862ac6', '6db47d6b-6e2e-4886-a262-520a91854f4c', '6999585d-9607-47f0-a565-37786bfb67d9', 'expense', 40, 'THB', 'Laundry', 'Laundry', '2026-02-28', '2026-02-28', true, false, false, '2026-02-28 18:49:00.303351+00', 'bffe4068-e6bc-482c-8f97-24d6b4f8808b', '2026-03-14 11:09:03.172305+00', NULL, true, NULL, false, 1, 'none', '2026-02-28 18:48:58.202+00', 'THB', 'THB', NULL, 'd6c3e70a-d31f-4647-91e8-e12830d0c00d', NULL, NULL, false, 'confirmed', '2026-02-28', '2026-02-28'),
	('6c74cefd-2cfe-4f43-883c-b85d36f6e650', '6db47d6b-6e2e-4886-a262-520a91854f4c', '6999585d-9607-47f0-a565-37786bfb67d9', 'expense', 300, 'THB', 'Sorties', 'Visite Parc + Snack', '2026-03-01', '2026-03-01', true, false, false, '2026-03-01 09:02:42.741037+00', 'bffe4068-e6bc-482c-8f97-24d6b4f8808b', '2026-03-01 22:11:01.391336+00', NULL, true, NULL, false, 1, 'none', '2026-03-01 09:02:39.83+00', 'THB', 'THB', 'Culturel', 'd6c3e70a-d31f-4647-91e8-e12830d0c00d', NULL, NULL, false, 'confirmed', '2026-03-01', '2026-03-01'),
	('d3f00221-bd38-4d36-a35e-47f198701b23', '6db47d6b-6e2e-4886-a262-520a91854f4c', '6999585d-9607-47f0-a565-37786bfb67d9', 'expense', 219, 'THB', 'Repas', 'Diner', '2026-02-27', '2026-02-27', true, false, false, '2026-02-27 10:10:21.120129+00', 'bffe4068-e6bc-482c-8f97-24d6b4f8808b', '2026-02-27 10:10:21.120129+00', NULL, true, NULL, false, 1, 'none', '2026-02-27 10:10:19.137+00', 'THB', 'THB', 'Dîner', 'd6c3e70a-d31f-4647-91e8-e12830d0c00d', NULL, NULL, false, 'confirmed', '2026-02-27', '2026-02-27'),
	('a571542e-0c77-4ff7-b8a2-3d43ab2b9d00', '6db47d6b-6e2e-4886-a262-520a91854f4c', '64de2c12-6e64-4fdd-9ec6-184c956dcb38', 'expense', 90000, 'LAK', 'Repas', 'Déjeuner', '2026-03-09', '2026-03-09', true, false, false, '2026-03-09 08:36:12.791684+00', 'bffe4068-e6bc-482c-8f97-24d6b4f8808b', '2026-03-09 08:36:12.791684+00', NULL, true, NULL, false, 1, 'none', '2026-03-09 08:36:11.542+00', 'LAK', 'LAK', 'Déjeuner', 'd6c3e70a-d31f-4647-91e8-e12830d0c00d', NULL, NULL, false, 'confirmed', '2026-03-09', '2026-03-09'),
	('62d9cfc7-f241-42d5-af69-cb2bd64f7889', '6db47d6b-6e2e-4886-a262-520a91854f4c', '6999585d-9607-47f0-a565-37786bfb67d9', 'expense', 230, 'THB', 'Repas', 'Déjeuner', '2026-02-27', '2026-02-27', true, false, false, '2026-02-27 09:15:45.404847+00', 'bffe4068-e6bc-482c-8f97-24d6b4f8808b', '2026-02-27 09:15:59.383872+00', NULL, true, NULL, false, 36.694, 'ecb', '2026-02-27 09:15:44.302+00', 'THB', 'EUR', 'Déjeuner', 'd6c3e70a-d31f-4647-91e8-e12830d0c00d', NULL, NULL, false, 'confirmed', '2026-02-27', '2026-02-27'),
	('6738e1c1-167b-4b58-8c5a-93aee6092b76', '6db47d6b-6e2e-4886-a262-520a91854f4c', '4e2f798d-caa6-4134-9da1-57097cc07265', 'expense', 64.29, 'EUR', 'Transport Internationale', 'Slow bot Thaïland to Laos', '2026-03-02', '2026-03-03', true, false, false, '2026-03-01 09:01:22.240434+00', 'bffe4068-e6bc-482c-8f97-24d6b4f8808b', '2026-03-18 07:35:04.712+00', NULL, true, NULL, false, 36.696, 'fx', '2026-03-01 09:01:18.783+00', 'THB', 'EUR', 'Ferry international', 'd6c3e70a-d31f-4647-91e8-e12830d0c00d', NULL, NULL, false, 'confirmed', '2026-03-02', '2026-03-03'),
	('c5f6de0d-f0c9-430e-a8af-81af52cd5b67', '6db47d6b-6e2e-4886-a262-520a91854f4c', '64de2c12-6e64-4fdd-9ec6-184c956dcb38', 'expense', 130000, 'LAK', 'Sorties', 'Bière et Snack', '2026-03-10', '2026-03-10', true, false, false, '2026-03-10 12:15:21.90591+00', 'bffe4068-e6bc-482c-8f97-24d6b4f8808b', '2026-03-10 12:15:21.90591+00', NULL, true, NULL, false, 1, 'none', '2026-03-10 12:15:21.581+00', 'LAK', 'LAK', 'Fête', 'd6c3e70a-d31f-4647-91e8-e12830d0c00d', NULL, NULL, false, 'confirmed', '2026-03-10', '2026-03-10'),
	('95446b78-1972-4330-83bc-ee820ee40068', '6db47d6b-6e2e-4886-a262-520a91854f4c', '6999585d-9607-47f0-a565-37786bfb67d9', 'expense', 90, 'THB', 'Sorties', 'Bière', '2026-02-28', '2026-02-28', true, false, false, '2026-02-28 13:06:42.873355+00', 'bffe4068-e6bc-482c-8f97-24d6b4f8808b', '2026-02-28 13:06:42.873355+00', NULL, true, NULL, false, 1, 'none', '2026-02-28 13:06:42.117+00', 'THB', 'THB', 'Fête', 'd6c3e70a-d31f-4647-91e8-e12830d0c00d', NULL, NULL, false, 'confirmed', '2026-02-28', '2026-02-28'),
	('29dff5b5-c2f0-48ad-bb4f-6b6a1cb7e67a', '6db47d6b-6e2e-4886-a262-520a91854f4c', '6999585d-9607-47f0-a565-37786bfb67d9', 'expense', 99, 'THB', 'Sorties', 'Bière', '2026-02-26', '2026-02-26', true, false, false, '2026-02-26 12:09:52.735448+00', 'bffe4068-e6bc-482c-8f97-24d6b4f8808b', '2026-02-26 12:09:52.735448+00', NULL, true, NULL, false, 1, 'none', '2026-02-26 12:09:51.146+00', 'THB', 'THB', 'Fête', 'd6c3e70a-d31f-4647-91e8-e12830d0c00d', NULL, NULL, false, 'confirmed', '2026-02-26', '2026-02-26'),
	('9dc23fc4-0573-41a4-982c-7570a1c1cd6b', '6db47d6b-6e2e-4886-a262-520a91854f4c', '64de2c12-6e64-4fdd-9ec6-184c956dcb38', 'expense', 40000, 'LAK', 'Repas', 'Café', '2026-03-08', '2026-03-08', true, false, false, '2026-03-08 08:47:10.097659+00', 'bffe4068-e6bc-482c-8f97-24d6b4f8808b', '2026-03-08 08:47:10.097659+00', NULL, true, NULL, false, 1, 'none', '2026-03-08 08:47:09.642+00', 'LAK', 'LAK', 'Café', 'd6c3e70a-d31f-4647-91e8-e12830d0c00d', NULL, NULL, false, 'confirmed', '2026-03-08', '2026-03-08'),
	('fab3098f-2633-47c1-9e50-d1d8f5a50d5f', '6db47d6b-6e2e-4886-a262-520a91854f4c', '6999585d-9607-47f0-a565-37786bfb67d9', 'expense', 65, 'THB', 'Repas', 'Café', '2026-02-27', '2026-02-27', true, false, false, '2026-02-27 09:17:00.340091+00', 'bffe4068-e6bc-482c-8f97-24d6b4f8808b', '2026-02-27 09:17:00.340091+00', NULL, true, NULL, false, 1, 'none', '2026-02-27 09:16:58.872+00', 'THB', 'THB', 'Café', 'd6c3e70a-d31f-4647-91e8-e12830d0c00d', NULL, NULL, false, 'confirmed', '2026-02-27', '2026-02-27'),
	('72d42a6c-c943-4597-8fd6-d2d9c2da2116', '6db47d6b-6e2e-4886-a262-520a91854f4c', '64de2c12-6e64-4fdd-9ec6-184c956dcb38', 'expense', 102000, 'LAK', 'Repas', 'Snack', '2026-03-09', '2026-03-09', true, false, false, '2026-03-09 06:47:38.551143+00', 'bffe4068-e6bc-482c-8f97-24d6b4f8808b', '2026-03-09 06:47:38.551143+00', NULL, true, NULL, false, 1, 'none', '2026-03-09 06:47:38.293+00', 'LAK', 'LAK', 'Déjeuner', 'd6c3e70a-d31f-4647-91e8-e12830d0c00d', NULL, NULL, false, 'confirmed', '2026-03-09', '2026-03-09'),
	('f0a664ab-634a-4805-98c9-4695a2ba6021', '6db47d6b-6e2e-4886-a262-520a91854f4c', '6999585d-9607-47f0-a565-37786bfb67d9', 'expense', 80, 'THB', 'Repas', 'Snack', '2026-03-01', '2026-03-01', true, false, false, '2026-03-01 06:27:20.315937+00', 'bffe4068-e6bc-482c-8f97-24d6b4f8808b', '2026-03-01 06:27:20.315937+00', NULL, true, NULL, false, 1, 'none', '2026-03-01 06:27:17.938+00', 'THB', 'THB', 'Déjeuner', 'd6c3e70a-d31f-4647-91e8-e12830d0c00d', NULL, NULL, false, 'confirmed', '2026-03-01', '2026-03-01'),
	('26bd64a9-094e-444f-b7d5-5f3585f04e87', '6db47d6b-6e2e-4886-a262-520a91854f4c', '4e2f798d-caa6-4134-9da1-57097cc07265', 'expense', 9.87, 'EUR', 'Logement', 'Auberge Chiang Rai', '2026-02-27', '2026-02-28', true, false, false, '2026-02-27 06:28:30.938161+00', 'bffe4068-e6bc-482c-8f97-24d6b4f8808b', '2026-02-27 06:28:30.938161+00', NULL, true, NULL, false, 36.694, 'ecb', '2026-02-27 06:28:29.846+00', 'THB', 'EUR', 'Auberge', 'd6c3e70a-d31f-4647-91e8-e12830d0c00d', NULL, NULL, false, 'confirmed', '2026-02-27', '2026-02-28'),
	('5025b419-846c-4716-af68-e6719d55ae99', '6db47d6b-6e2e-4886-a262-520a91854f4c', '4e2f798d-caa6-4134-9da1-57097cc07265', 'expense', 10.2, 'EUR', 'Transport', 'Bus Chiang Mai to Chian Rai', '2026-02-27', '2026-02-27', true, false, false, '2026-02-27 06:27:35.195974+00', 'bffe4068-e6bc-482c-8f97-24d6b4f8808b', '2026-02-27 06:27:35.195974+00', NULL, true, NULL, false, 36.694, 'ecb', '2026-02-27 06:27:33.906+00', 'THB', 'EUR', 'Bus local', 'd6c3e70a-d31f-4647-91e8-e12830d0c00d', NULL, NULL, false, 'confirmed', '2026-02-27', '2026-02-27'),
	('b929d513-a411-4a3f-9a99-624aa9f16913', '6db47d6b-6e2e-4886-a262-520a91854f4c', '6999585d-9607-47f0-a565-37786bfb67d9', 'expense', 200, 'THB', 'Sorties', 'Tickey Temple Blanc', '2026-03-01', '2026-03-01', true, false, false, '2026-03-01 06:23:49.127873+00', 'bffe4068-e6bc-482c-8f97-24d6b4f8808b', '2026-03-18 11:46:17.684+00', NULL, true, NULL, false, 1, 'none', '2026-03-01 06:23:47.573+00', 'THB', 'THB', 'Culturel', 'd6c3e70a-d31f-4647-91e8-e12830d0c00d', NULL, NULL, false, 'confirmed', '2026-03-01', '2026-03-01'),
	('553a6f69-ff37-4868-9831-d93b94ceddcd', '6db47d6b-6e2e-4886-a262-520a91854f4c', '6999585d-9607-47f0-a565-37786bfb67d9', 'expense', 10, 'THB', 'Sorties', 'Nourriture poisson', '2026-03-01', '2026-03-01', true, false, false, '2026-03-01 06:24:14.726691+00', 'bffe4068-e6bc-482c-8f97-24d6b4f8808b', '2026-03-18 11:47:01.9+00', NULL, true, NULL, false, 1, 'none', '2026-03-01 06:24:13.183+00', 'THB', 'THB', 'Culturel', 'd6c3e70a-d31f-4647-91e8-e12830d0c00d', NULL, NULL, false, 'confirmed', '2026-03-01', '2026-03-01'),
	('6694b53f-1f11-48bd-81ab-2ec1e189ef1c', '6db47d6b-6e2e-4886-a262-520a91854f4c', '6999585d-9607-47f0-a565-37786bfb67d9', 'expense', 1000, 'THB', 'Caution', 'Caution velo', '2026-02-28', '2026-02-28', true, true, false, '2026-02-28 07:21:31.580253+00', 'bffe4068-e6bc-482c-8f97-24d6b4f8808b', '2026-03-18 11:54:07.248+00', NULL, true, NULL, false, 1, 'none', '2026-02-28 07:21:29.738+00', 'THB', 'THB', 'Location véhicule', 'd6c3e70a-d31f-4647-91e8-e12830d0c00d', NULL, NULL, false, 'confirmed', '2026-02-28', '2026-02-28'),
	('e70e5c4a-c7e2-4182-b1f4-d84b6bbadfc3', '6db47d6b-6e2e-4886-a262-520a91854f4c', '4e2f798d-caa6-4134-9da1-57097cc07265', 'expense', 126.09, 'EUR', 'Mouvement interne', 'Retrait', '2026-03-10', '2026-03-10', true, true, false, '2026-03-10 02:41:21.991451+00', 'bffe4068-e6bc-482c-8f97-24d6b4f8808b', '2026-03-10 02:42:08.696273+00', NULL, true, NULL, false, 24743.63, 'fx', '2026-03-10 02:41:20.297+00', 'LAK', 'EUR', 'Retrait', 'd6c3e70a-d31f-4647-91e8-e12830d0c00d', NULL, NULL, false, 'confirmed', '2026-03-10', '2026-03-10'),
	('35b1734d-59da-4550-87d8-48278da3e872', '6db47d6b-6e2e-4886-a262-520a91854f4c', '6999585d-9607-47f0-a565-37786bfb67d9', 'income', 2000, 'THB', 'Mouvement interne', 'Retrait', '2026-03-01', '2026-03-01', true, true, false, '2026-03-01 06:25:27.123672+00', 'bffe4068-e6bc-482c-8f97-24d6b4f8808b', '2026-03-01 06:25:38.912979+00', NULL, true, NULL, false, 1, 'none', '2026-03-01 06:25:25.544+00', 'THB', 'THB', 'Retrait', 'd6c3e70a-d31f-4647-91e8-e12830d0c00d', NULL, NULL, false, 'confirmed', '2026-03-01', '2026-03-01'),
	('8f1e0ef8-27a9-4ea2-9d74-cc6f1de440ff', '6db47d6b-6e2e-4886-a262-520a91854f4c', '4e2f798d-caa6-4134-9da1-57097cc07265', 'income', 150, 'EUR', 'Mouvement interne', 'Virement internr', '2026-03-01', '2026-03-01', true, true, false, '2026-03-01 09:01:43.870014+00', 'bffe4068-e6bc-482c-8f97-24d6b4f8808b', '2026-03-01 09:01:43.870014+00', NULL, true, NULL, false, 36.696, 'fx', '2026-03-01 09:01:42.296+00', 'THB', 'EUR', 'Virement', 'd6c3e70a-d31f-4647-91e8-e12830d0c00d', NULL, NULL, false, 'confirmed', '2026-03-01', '2026-03-01'),
	('7e286a51-5608-4672-8508-68c31c21649d', '6db47d6b-6e2e-4886-a262-520a91854f4c', '4e2f798d-caa6-4134-9da1-57097cc07265', 'income', 21.65, 'EUR', 'Mouvement interne', 'Virement interne', '2026-03-01', '2026-03-01', true, true, false, '2026-03-01 06:25:08.367246+00', 'bffe4068-e6bc-482c-8f97-24d6b4f8808b', '2026-03-01 06:25:08.367246+00', NULL, true, NULL, false, 36.696, 'fx', '2026-03-01 06:25:06.788+00', 'THB', 'EUR', 'Virement', 'd6c3e70a-d31f-4647-91e8-e12830d0c00d', NULL, NULL, false, 'confirmed', '2026-03-01', '2026-03-01'),
	('1b9e9a5d-ce7e-4db0-baf2-b22bb3d44067', '6db47d6b-6e2e-4886-a262-520a91854f4c', 'a917b294-a90a-4e48-8e7d-993156ac7af5', 'expense', 21.65, 'EUR', 'Mouvement interne', 'Virement internr', '2026-03-01', '2026-03-01', true, true, false, '2026-03-01 06:24:44.745174+00', 'bffe4068-e6bc-482c-8f97-24d6b4f8808b', '2026-03-01 06:24:44.745174+00', NULL, true, NULL, false, 36.696, 'fx', '2026-03-01 06:24:43.135+00', 'THB', 'EUR', 'Virement', 'd6c3e70a-d31f-4647-91e8-e12830d0c00d', NULL, NULL, false, 'confirmed', '2026-03-01', '2026-03-01'),
	('acc1cfa7-128b-4cb1-8108-5ca3972e115b', '6db47d6b-6e2e-4886-a262-520a91854f4c', '6e21e00c-8e67-4878-a2d3-6bb3bb1c6ec5', 'expense', 2.25, 'EUR', 'Frais bancaire', 'Frais Crédit Mutuel', '2026-05-31', '2026-05-31', false, false, false, '2026-03-15 04:31:02.048187+00', 'bffe4068-e6bc-482c-8f97-24d6b4f8808b', '2026-03-18 13:32:28.731+00', NULL, true, NULL, false, NULL, NULL, '2026-03-15 04:31:02.048187+00', NULL, NULL, 'Tenue de compte', 'd6c3e70a-d31f-4647-91e8-e12830d0c00d', '7d9d71de-6b0c-4fd5-8448-78853f2ed45f', '2026-05-31', true, 'generated', '2026-05-31', '2026-05-31'),
	('4044754c-6f03-4d24-931f-afe2f794864a', '6db47d6b-6e2e-4886-a262-520a91854f4c', '6e21e00c-8e67-4878-a2d3-6bb3bb1c6ec5', 'expense', 150, 'EUR', 'Mouvement interne', 'Virement internr', '2026-03-01', '2026-03-01', true, true, false, '2026-03-01 09:01:55.22929+00', 'bffe4068-e6bc-482c-8f97-24d6b4f8808b', '2026-03-01 09:01:55.22929+00', NULL, true, NULL, false, 36.696, 'fx', '2026-03-01 09:01:53.672+00', 'THB', 'EUR', 'Virement', 'd6c3e70a-d31f-4647-91e8-e12830d0c00d', NULL, NULL, false, 'confirmed', '2026-03-01', '2026-03-01'),
	('0608c686-8b64-4b0a-81f4-47902cb9bbbc', '6db47d6b-6e2e-4886-a262-520a91854f4c', 'a917b294-a90a-4e48-8e7d-993156ac7af5', 'income', 21.5, 'EUR', 'Mouvement interne', 'Votre carte qui Epargne MonaB', '2026-02-27', '2026-02-27', true, true, false, '2026-02-28 11:17:42.496358+00', 'bffe4068-e6bc-482c-8f97-24d6b4f8808b', '2026-02-28 11:17:42.496358+00', NULL, true, NULL, false, 36.696, 'fx', '2026-02-28 11:17:41.751+00', 'THB', 'EUR', 'Virement', 'd6c3e70a-d31f-4647-91e8-e12830d0c00d', NULL, NULL, false, 'confirmed', '2026-02-27', '2026-02-27'),
	('ba5c541f-07c6-4a4e-b4d0-6d606e0009c4', '6db47d6b-6e2e-4886-a262-520a91854f4c', '6999585d-9607-47f0-a565-37786bfb67d9', 'expense', 180, 'THB', 'Repas', 'Café', '2026-02-19', '2026-02-19', true, false, false, '2026-02-19 10:42:18.356285+00', 'bffe4068-e6bc-482c-8f97-24d6b4f8808b', '2026-02-19 10:42:18.356285+00', NULL, true, NULL, false, 1, 'none', '2026-02-25 15:50:58.773+00', 'THB', 'THB', 'Café', 'd6c3e70a-d31f-4647-91e8-e12830d0c00d', NULL, NULL, false, 'confirmed', '2026-02-19', '2026-02-19'),
	('817f1223-d8f0-4604-b5c1-712a5449ccdd', '6db47d6b-6e2e-4886-a262-520a91854f4c', '6999585d-9607-47f0-a565-37786bfb67d9', 'expense', 200, 'THB', 'Transport', 'Taxi Terminal to Auberge Phuket', '2026-02-11', '2026-02-11', true, false, false, '2026-02-12 09:35:34.269816+00', 'bffe4068-e6bc-482c-8f97-24d6b4f8808b', '2026-02-25 16:06:29.607+00', NULL, true, NULL, false, 1, 'none', '2026-02-25 16:06:29.607+00', 'THB', 'THB', 'Taxi / VTC', 'd6c3e70a-d31f-4647-91e8-e12830d0c00d', NULL, NULL, false, 'confirmed', '2026-02-11', '2026-02-11'),
	('c71387df-fc99-4d57-b39d-44bfe0e0da2b', '6db47d6b-6e2e-4886-a262-520a91854f4c', '64de2c12-6e64-4fdd-9ec6-184c956dcb38', 'expense', 300000, 'LAK', 'Logement', 'Auberge Takhek', '2026-03-12', '2026-03-14', true, false, false, '2026-03-13 03:55:53.155237+00', 'bffe4068-e6bc-482c-8f97-24d6b4f8808b', '2026-03-13 03:56:35.6484+00', NULL, true, NULL, false, 1, 'none', '2026-03-13 03:55:52.141+00', 'LAK', 'LAK', 'Auberge', 'd6c3e70a-d31f-4647-91e8-e12830d0c00d', NULL, NULL, false, 'confirmed', '2026-03-12', '2026-03-14'),
	('d3b98c8c-c523-4178-9482-e67af8c86f35', '6db47d6b-6e2e-4886-a262-520a91854f4c', '6999585d-9607-47f0-a565-37786bfb67d9', 'expense', 95, 'THB', 'Repas', 'Repas', '2026-02-12', '2026-02-12', true, false, false, '2026-02-12 14:32:44.063327+00', 'bffe4068-e6bc-482c-8f97-24d6b4f8808b', '2026-02-25 16:06:33.095+00', NULL, true, NULL, false, 1, 'none', '2026-02-25 16:06:33.095+00', 'THB', 'THB', 'Déjeuner', 'd6c3e70a-d31f-4647-91e8-e12830d0c00d', NULL, NULL, false, 'confirmed', '2026-02-12', '2026-02-12'),
	('751b573d-85b8-452b-938b-23f6df6ceac9', '6db47d6b-6e2e-4886-a262-520a91854f4c', '4e2f798d-caa6-4134-9da1-57097cc07265', 'expense', 12, 'EUR', 'Frais bancaire', 'Frais MonaB Uniq+', '2026-11-06', '2026-11-06', false, false, false, '2026-03-15 04:32:38.552877+00', 'bffe4068-e6bc-482c-8f97-24d6b4f8808b', '2026-03-18 13:32:54.57+00', NULL, true, NULL, false, NULL, NULL, '2026-03-15 04:32:38.552877+00', NULL, NULL, 'Tenue de compte', 'd6c3e70a-d31f-4647-91e8-e12830d0c00d', '010da0e4-eb9a-45b4-a485-f8c71b614e73', '2026-11-06', true, 'generated', '2026-11-06', '2026-11-06'),
	('49aba3a8-9490-47b5-95f7-87396a1cd5e5', '6db47d6b-6e2e-4886-a262-520a91854f4c', '0b8895e4-f4cb-4571-89ae-9a7afd42e7e0', 'expense', 175000, 'VND', 'Abonnement/Mobile', 'Abonnement/Mobile', '2026-03-16', '2026-03-24', true, false, false, '2026-03-16 05:09:41.077313+00', 'bffe4068-e6bc-482c-8f97-24d6b4f8808b', '2026-03-25 06:31:26.615+00', NULL, true, NULL, false, 1, 'none', '2026-03-16 05:09:39.994+00', 'VND', 'VND', 'Recharge data', 'd6c3e70a-d31f-4647-91e8-e12830d0c00d', NULL, NULL, false, 'confirmed', '2026-03-16', '2026-03-24'),
	('e4144e9c-186e-4633-b183-68edaa577d18', '6db47d6b-6e2e-4886-a262-520a91854f4c', '4e2f798d-caa6-4134-9da1-57097cc07265', 'expense', 4.71, 'EUR', 'Abonnement/Mobile', 'Spotify', '2026-02-24', '2026-03-25', true, false, false, '2026-02-23 10:16:09.071539+00', 'bffe4068-e6bc-482c-8f97-24d6b4f8808b', '2026-03-09 09:11:45.798893+00', NULL, true, NULL, false, 36.573, 'ecb', '2026-02-25 15:51:03.553+00', 'THB', 'EUR', 'Abonnement app', 'd6c3e70a-d31f-4647-91e8-e12830d0c00d', NULL, NULL, false, 'confirmed', '2026-02-24', '2026-03-25'),
	('275915a8-1d5f-406f-b18d-b2b96d1af788', '6db47d6b-6e2e-4886-a262-520a91854f4c', '64de2c12-6e64-4fdd-9ec6-184c956dcb38', 'expense', 35000, 'LAK', 'Laundry', 'Laundry', '2026-03-07', '2026-03-07', true, false, false, '2026-03-07 11:18:25.241262+00', 'bffe4068-e6bc-482c-8f97-24d6b4f8808b', '2026-03-14 11:08:55.344168+00', NULL, true, NULL, false, 1, 'none', '2026-03-07 11:18:24.021+00', 'LAK', 'LAK', NULL, 'd6c3e70a-d31f-4647-91e8-e12830d0c00d', NULL, NULL, false, 'confirmed', '2026-03-07', '2026-03-07'),
	('663f8e0a-bbb0-4ec4-af09-38db44daf75a', 'b63f45f3-fc01-4714-8cc4-a09ab49e18c7', 'a34b80ed-1711-4205-8a7c-14e0e55eab93', 'expense', 10, 'THB', 'Repas', '[Trip] Avance - test', '2026-03-11', '2026-03-11', true, true, false, '2026-03-11 08:46:57.842476+00', 'a17d77d8-2eb6-4e75-8622-55fa4a7de8dd', '2026-03-11 08:46:57.842476+00', 'cec60b3c-820a-490e-98af-45b06a511c0f', false, NULL, false, 1, 'none', '2026-03-11 08:46:56.535+00', 'THB', 'THB', NULL, 'dd97e3e5-77b8-44e8-bcca-9dabb6fbc06d', NULL, NULL, false, 'confirmed', '2026-03-11', '2026-03-11'),
	('f9dfdcbd-1339-4a92-b743-731ca6f23ce9', 'b63f45f3-fc01-4714-8cc4-a09ab49e18c7', 'a34b80ed-1711-4205-8a7c-14e0e55eab93', 'expense', 400, 'THB', 'Transport', 'ZIKO', '2026-03-15', '2026-03-15', true, false, false, '2026-03-15 09:12:31.835831+00', 'a17d77d8-2eb6-4e75-8622-55fa4a7de8dd', '2026-03-15 09:13:02.133+00', NULL, true, NULL, false, 1, 'none', '2026-03-15 09:12:29.908+00', 'THB', 'THB', 'Train local', 'dd97e3e5-77b8-44e8-bcca-9dabb6fbc06d', NULL, NULL, false, 'confirmed', '2026-03-15', '2026-03-15'),
	('335fccd8-6691-4f66-96ba-146cb1794f99', 'b63f45f3-fc01-4714-8cc4-a09ab49e18c7', 'a34b80ed-1711-4205-8a7c-14e0e55eab93', 'expense', 5, 'THB', 'Repas', '[Trip] test', '2026-03-11', '2026-03-11', false, false, false, '2026-03-11 08:47:01.455859+00', 'a17d77d8-2eb6-4e75-8622-55fa4a7de8dd', '2026-03-11 08:47:01.455859+00', NULL, true, NULL, true, 1, 'none', '2026-03-11 08:47:00.402+00', 'THB', 'THB', NULL, 'dd97e3e5-77b8-44e8-bcca-9dabb6fbc06d', NULL, NULL, false, 'confirmed', '2026-03-11', '2026-03-11'),
	('eb326dbd-a3c7-4e04-8cd7-c33609d1e1fc', '6db47d6b-6e2e-4886-a262-520a91854f4c', '4e2f798d-caa6-4134-9da1-57097cc07265', 'expense', 12, 'EUR', 'Frais bancaire', 'Frais MonaB Uniq+', '2026-12-06', '2026-12-06', false, false, false, '2026-03-15 04:32:38.552877+00', 'bffe4068-e6bc-482c-8f97-24d6b4f8808b', '2026-03-18 13:32:54.57+00', NULL, true, NULL, false, NULL, NULL, '2026-03-15 04:32:38.552877+00', NULL, NULL, 'Tenue de compte', 'd6c3e70a-d31f-4647-91e8-e12830d0c00d', '010da0e4-eb9a-45b4-a485-f8c71b614e73', '2026-12-06', true, 'generated', '2026-12-06', '2026-12-06'),
	('5a632bd7-fecd-45cf-9819-76d7c1a43f68', '6db47d6b-6e2e-4886-a262-520a91854f4c', '6999585d-9607-47f0-a565-37786bfb67d9', 'income', 8000, 'THB', 'Mouvement interne', 'Retrait', '2026-02-12', '2026-02-12', true, true, false, '2026-02-12 09:35:34.269816+00', 'bffe4068-e6bc-482c-8f97-24d6b4f8808b', '2026-02-25 16:06:28.828+00', NULL, true, NULL, false, 1, 'none', '2026-02-25 16:06:28.828+00', 'THB', 'THB', 'Retrait', 'd6c3e70a-d31f-4647-91e8-e12830d0c00d', NULL, NULL, false, 'confirmed', '2026-02-12', '2026-02-12'),
	('b117813e-d0f3-4003-98e1-bbafcf54784d', '6db47d6b-6e2e-4886-a262-520a91854f4c', '4e2f798d-caa6-4134-9da1-57097cc07265', 'expense', 12, 'EUR', 'Frais bancaire', 'Frais MonaB Uniq+', '2027-01-06', '2027-01-06', false, false, false, '2026-03-15 04:32:38.552877+00', 'bffe4068-e6bc-482c-8f97-24d6b4f8808b', '2026-03-18 13:32:54.57+00', NULL, true, NULL, false, NULL, NULL, '2026-03-15 04:32:38.552877+00', NULL, NULL, 'Tenue de compte', 'd6c3e70a-d31f-4647-91e8-e12830d0c00d', '010da0e4-eb9a-45b4-a485-f8c71b614e73', '2027-01-06', true, 'generated', '2027-01-06', '2027-01-06'),
	('63ade788-53bf-497d-8b88-f968c7cd08d6', '6db47d6b-6e2e-4886-a262-520a91854f4c', '4e2f798d-caa6-4134-9da1-57097cc07265', 'expense', 12, 'EUR', 'Frais bancaire', 'Frais MonaB Uniq+', '2027-02-06', '2027-02-06', false, false, false, '2026-03-15 04:32:38.552877+00', 'bffe4068-e6bc-482c-8f97-24d6b4f8808b', '2026-03-18 13:32:54.57+00', NULL, true, NULL, false, NULL, NULL, '2026-03-15 04:32:38.552877+00', NULL, NULL, 'Tenue de compte', 'd6c3e70a-d31f-4647-91e8-e12830d0c00d', '010da0e4-eb9a-45b4-a485-f8c71b614e73', '2027-02-06', true, 'generated', '2027-02-06', '2027-02-06'),
	('57e0d14a-d890-43e6-9e31-5d988b5dd95d', '6db47d6b-6e2e-4886-a262-520a91854f4c', '6e21e00c-8e67-4878-a2d3-6bb3bb1c6ec5', 'expense', 150, 'EUR', 'Mouvement interne', 'Mouvement interne', '2026-03-18', '2026-03-18', true, true, false, '2026-03-18 13:59:05.099319+00', 'bffe4068-e6bc-482c-8f97-24d6b4f8808b', '2026-03-18 13:59:05.099319+00', NULL, false, NULL, false, 30303.03, 'fx', '2026-03-18 13:59:04.934+00', 'VND', 'EUR', 'Virement', 'd6c3e70a-d31f-4647-91e8-e12830d0c00d', NULL, NULL, false, 'confirmed', '2026-03-18', '2026-03-18'),
	('dd110978-9f5b-47c6-bf4e-77b411325647', '6db47d6b-6e2e-4886-a262-520a91854f4c', '4e2f798d-caa6-4134-9da1-57097cc07265', 'expense', 101.39, 'EUR', 'Mouvement interne', 'Mouvement interne', '2026-03-19', '2026-03-19', true, true, false, '2026-03-19 07:22:54.32584+00', 'bffe4068-e6bc-482c-8f97-24d6b4f8808b', '2026-03-19 11:03:21.797+00', NULL, true, NULL, false, 30303.03, 'fx', '2026-03-19 07:22:53.368+00', 'VND', 'EUR', 'Retrait', 'd6c3e70a-d31f-4647-91e8-e12830d0c00d', NULL, NULL, false, 'confirmed', '2026-03-19', '2026-03-19'),
	('2d78d086-7b61-4075-ba22-9f075d26a814', 'b63f45f3-fc01-4714-8cc4-a09ab49e18c7', 'a34b80ed-1711-4205-8a7c-14e0e55eab93', 'expense', 10, 'THB', 'Autre', 'Autre', '2026-03-15', '2026-03-15', true, false, false, '2026-03-15 07:32:01.714512+00', 'a17d77d8-2eb6-4e75-8622-55fa4a7de8dd', '2026-03-15 07:32:01.714512+00', NULL, true, NULL, false, 1, 'none', '2026-03-15 07:31:59.818+00', 'THB', 'THB', NULL, 'dd97e3e5-77b8-44e8-bcca-9dabb6fbc06d', NULL, NULL, false, 'confirmed', '2026-03-15', '2026-03-15'),
	('4c708511-9122-45f2-be4e-9c316461e486', '6db47d6b-6e2e-4886-a262-520a91854f4c', '4e2f798d-caa6-4134-9da1-57097cc07265', 'expense', 3.4, 'EUR', 'Repas', 'Diner', '2026-02-23', '2026-02-23', true, false, false, '2026-02-23 13:45:20.307885+00', 'bffe4068-e6bc-482c-8f97-24d6b4f8808b', '2026-02-23 13:45:20.307885+00', NULL, true, NULL, false, 36.573, 'ecb', '2026-02-25 15:50:58.102+00', 'THB', 'EUR', 'Dîner', 'd6c3e70a-d31f-4647-91e8-e12830d0c00d', NULL, NULL, false, 'confirmed', '2026-02-23', '2026-02-23'),
	('6a349866-3f68-4a89-aa46-4d6aa4722806', '6db47d6b-6e2e-4886-a262-520a91854f4c', '6999585d-9607-47f0-a565-37786bfb67d9', 'expense', 200, 'THB', 'Transport', 'Taxi voleur', '2026-02-13', '2026-02-13', true, false, false, '2026-02-13 13:29:08.368489+00', 'bffe4068-e6bc-482c-8f97-24d6b4f8808b', '2026-02-13 13:29:08.368489+00', NULL, true, NULL, false, 1, 'none', '2026-02-25 15:51:01.355+00', 'THB', 'THB', 'Taxi / VTC', 'd6c3e70a-d31f-4647-91e8-e12830d0c00d', NULL, NULL, false, 'confirmed', '2026-02-13', '2026-02-13'),
	('dcc8f22d-06db-4b40-9f37-407a2cf836f6', '6db47d6b-6e2e-4886-a262-520a91854f4c', '6e21e00c-8e67-4878-a2d3-6bb3bb1c6ec5', 'expense', 2.25, 'EUR', 'Frais bancaire', 'Frais Crédit Mutuel', '2026-07-31', '2026-07-31', false, false, false, '2026-03-15 04:31:02.048187+00', 'bffe4068-e6bc-482c-8f97-24d6b4f8808b', '2026-03-18 13:32:28.731+00', NULL, true, NULL, false, NULL, NULL, '2026-03-15 04:31:02.048187+00', NULL, NULL, 'Tenue de compte', 'd6c3e70a-d31f-4647-91e8-e12830d0c00d', '7d9d71de-6b0c-4fd5-8448-78853f2ed45f', '2026-07-31', true, 'generated', '2026-07-31', '2026-07-31'),
	('fc722471-2ef7-4249-8de5-958ccaed8330', '6db47d6b-6e2e-4886-a262-520a91854f4c', '6e21e00c-8e67-4878-a2d3-6bb3bb1c6ec5', 'expense', 2.25, 'EUR', 'Frais bancaire', 'Frais Crédit Mutuel', '2026-08-31', '2026-08-31', false, false, false, '2026-03-15 04:31:02.048187+00', 'bffe4068-e6bc-482c-8f97-24d6b4f8808b', '2026-03-18 13:32:28.731+00', NULL, true, NULL, false, NULL, NULL, '2026-03-15 04:31:02.048187+00', NULL, NULL, 'Tenue de compte', 'd6c3e70a-d31f-4647-91e8-e12830d0c00d', '7d9d71de-6b0c-4fd5-8448-78853f2ed45f', '2026-08-31', true, 'generated', '2026-08-31', '2026-08-31'),
	('9b103bd9-467f-49e6-befb-1c46399d8ca0', '6db47d6b-6e2e-4886-a262-520a91854f4c', '4e2f798d-caa6-4134-9da1-57097cc07265', 'expense', 25.75, 'EUR', 'Logement', '[Trip] Kioto', '2026-04-24', '2026-04-24', false, false, false, '2026-04-24 04:52:25.436083+00', 'bffe4068-e6bc-482c-8f97-24d6b4f8808b', '2026-04-24 04:52:25.436083+00', NULL, true, NULL, true, 186.5, 'fx', '2026-04-24 04:52:24.338+00', 'JPY', 'EUR', 'Auberge', 'd6c3e70a-d31f-4647-91e8-e12830d0c00d', NULL, NULL, false, 'confirmed', '2026-04-24', '2026-04-25'),
	('cc60ad5c-aec0-4777-b4fc-51f23c424c38', '6db47d6b-6e2e-4886-a262-520a91854f4c', '0b8895e4-f4cb-4571-89ae-9a7afd42e7e0', 'expense', 40000, 'VND', 'Sorties', 'Sorties', '2026-03-21', '2026-03-21', true, false, false, '2026-03-21 09:28:26.042162+00', 'bffe4068-e6bc-482c-8f97-24d6b4f8808b', '2026-03-21 09:28:26.042162+00', NULL, true, NULL, false, 1, 'none', '2026-03-21 09:28:25.322+00', 'VND', 'VND', 'Verre', 'd6c3e70a-d31f-4647-91e8-e12830d0c00d', NULL, NULL, false, 'confirmed', '2026-03-21', '2026-03-21'),
	('5dc2e4a2-cff3-40c7-aff9-4be9cf4eddf9', '6db47d6b-6e2e-4886-a262-520a91854f4c', '0b8895e4-f4cb-4571-89ae-9a7afd42e7e0', 'expense', 263000, 'VND', 'Repas', 'Repas', '2026-03-21', '2026-03-21', true, false, false, '2026-03-22 03:44:35.575636+00', 'bffe4068-e6bc-482c-8f97-24d6b4f8808b', '2026-03-22 03:44:35.575636+00', NULL, true, NULL, false, 1, 'none', '2026-03-22 03:44:33.865+00', 'VND', 'VND', 'Dîner', 'd6c3e70a-d31f-4647-91e8-e12830d0c00d', NULL, NULL, false, 'confirmed', '2026-03-21', '2026-03-21'),
	('fe7fa201-2b97-4f82-932e-c09d6014f499', '6db47d6b-6e2e-4886-a262-520a91854f4c', '6e21e00c-8e67-4878-a2d3-6bb3bb1c6ec5', 'income', 1443.3, 'EUR', 'Revenu', 'Chomage', '2026-06-02', '2026-06-02', false, false, false, '2026-03-17 01:11:45.760377+00', 'bffe4068-e6bc-482c-8f97-24d6b4f8808b', '2026-04-02 00:10:26.691+00', NULL, true, NULL, false, NULL, NULL, '2026-03-17 01:11:45.760377+00', NULL, NULL, 'Chomage', 'd6c3e70a-d31f-4647-91e8-e12830d0c00d', '0b96cbc1-c52a-4870-804c-94e1b2143ec0', '2026-06-02', true, 'generated', '2026-06-02', '2026-06-02'),
	('79242e93-f026-4643-b6ff-3146ad98be27', '6db47d6b-6e2e-4886-a262-520a91854f4c', '6999585d-9607-47f0-a565-37786bfb67d9', 'expense', 310, 'THB', 'Repas', '[Trip] Déjeuner', '2026-02-17', '2026-02-17', false, false, false, '2026-02-18 15:03:09.005027+00', 'bffe4068-e6bc-482c-8f97-24d6b4f8808b', '2026-02-18 15:03:09.005027+00', NULL, true, NULL, true, 1, 'none', '2026-02-25 15:51:07.469+00', 'THB', 'THB', NULL, 'd6c3e70a-d31f-4647-91e8-e12830d0c00d', NULL, NULL, false, 'confirmed', '2026-02-17', '2026-02-17'),
	('41c6d15c-c686-48e0-98f6-700c99c74372', 'bfe2a38a-d934-45c9-9061-cee531cf5823', '5157144e-25e7-4a1d-aaa5-ab5a2d1dfc96', 'expense', 25, 'EUR', 'Sorties', 'Petite caisse de rue', '2026-03-04', '2026-03-04', true, false, false, '2026-03-04 02:44:14.511888+00', 'd2a9158b-3dad-4e5b-81cf-2b705164bd52', '2026-03-04 02:44:14.511888+00', NULL, true, NULL, false, 1.1606, 'fx', '2026-03-04 02:44:13.827+00', 'USD', 'EUR', NULL, 'e2d5e15d-0796-42f0-9e2c-93fc2cbd54e0', NULL, NULL, false, 'confirmed', '2026-03-04', '2026-03-04'),
	('f7448743-e845-4f1b-864c-a4f18a4e28bd', '6db47d6b-6e2e-4886-a262-520a91854f4c', '64de2c12-6e64-4fdd-9ec6-184c956dcb38', 'expense', 95000, 'LAK', 'Repas', 'Diner', '2026-03-02', '2026-03-02', true, false, false, '2026-03-02 11:20:02.482824+00', 'bffe4068-e6bc-482c-8f97-24d6b4f8808b', '2026-03-02 11:20:02.482824+00', NULL, true, NULL, false, 1, 'none', '2026-03-02 11:20:01.114+00', 'LAK', 'LAK', 'Dîner', 'd6c3e70a-d31f-4647-91e8-e12830d0c00d', NULL, NULL, false, 'confirmed', '2026-03-02', '2026-03-02'),
	('61ebf2f0-58da-448e-ab5c-ce3ccb1a3c1f', '6db47d6b-6e2e-4886-a262-520a91854f4c', '64de2c12-6e64-4fdd-9ec6-184c956dcb38', 'expense', 141000, 'LAK', 'Repas', 'Petit déjeuner', '2026-03-04', '2026-03-04', true, false, false, '2026-03-04 03:53:13.022518+00', 'bffe4068-e6bc-482c-8f97-24d6b4f8808b', '2026-03-04 03:53:13.022518+00', NULL, true, NULL, false, 1, 'none', '2026-03-04 03:53:12.247+00', 'LAK', 'LAK', 'Petit-déjeuner', 'd6c3e70a-d31f-4647-91e8-e12830d0c00d', NULL, NULL, false, 'confirmed', '2026-03-04', '2026-03-04'),
	('f127b649-e5ee-433e-bfb7-81ab38963df3', '6db47d6b-6e2e-4886-a262-520a91854f4c', '64de2c12-6e64-4fdd-9ec6-184c956dcb38', 'expense', 20000, 'LAK', 'Sorties', 'Visite temple', '2026-03-04', '2026-03-04', true, false, false, '2026-03-04 06:00:25.830676+00', 'bffe4068-e6bc-482c-8f97-24d6b4f8808b', '2026-03-04 06:01:04.252939+00', NULL, true, NULL, false, 1, 'none', '2026-03-04 06:00:24.883+00', 'LAK', 'LAK', 'Culturel', 'd6c3e70a-d31f-4647-91e8-e12830d0c00d', NULL, NULL, false, 'confirmed', '2026-03-04', '2026-03-04'),
	('d7167b41-ec8d-4a27-88b4-cc58e08af160', '6db47d6b-6e2e-4886-a262-520a91854f4c', '64de2c12-6e64-4fdd-9ec6-184c956dcb38', 'expense', 20000, 'LAK', 'Sorties', 'Visite temple', '2026-03-04', '2026-03-04', true, false, false, '2026-03-04 03:39:00.764768+00', 'bffe4068-e6bc-482c-8f97-24d6b4f8808b', '2026-03-04 03:39:00.764768+00', NULL, true, NULL, false, 1, 'none', '2026-03-04 03:38:59.63+00', 'LAK', 'LAK', 'Culturel', 'd6c3e70a-d31f-4647-91e8-e12830d0c00d', NULL, NULL, false, 'confirmed', '2026-03-04', '2026-03-04'),
	('e99ef051-8935-4de5-8f3c-615964b8f769', '6db47d6b-6e2e-4886-a262-520a91854f4c', '64de2c12-6e64-4fdd-9ec6-184c956dcb38', 'expense', 40000, 'LAK', 'Sorties', 'Bière', '2026-03-04', '2026-03-04', true, false, false, '2026-03-04 06:00:41.446058+00', 'bffe4068-e6bc-482c-8f97-24d6b4f8808b', '2026-03-04 06:00:41.446058+00', NULL, true, NULL, false, 1, 'none', '2026-03-04 06:00:40.645+00', 'LAK', 'LAK', 'Fête', 'd6c3e70a-d31f-4647-91e8-e12830d0c00d', NULL, NULL, false, 'confirmed', '2026-03-04', '2026-03-04'),
	('4f191496-e7cc-4231-a1ce-5e6d20b3275a', '6db47d6b-6e2e-4886-a262-520a91854f4c', '64de2c12-6e64-4fdd-9ec6-184c956dcb38', 'expense', 40000, 'LAK', 'Sorties', 'Bière', '2026-03-03', '2026-03-03', true, false, false, '2026-03-03 13:44:23.508092+00', 'bffe4068-e6bc-482c-8f97-24d6b4f8808b', '2026-03-03 14:01:38.294599+00', NULL, true, NULL, false, 1, 'none', '2026-03-03 13:44:13.379+00', 'LAK', 'LAK', 'Fête', 'd6c3e70a-d31f-4647-91e8-e12830d0c00d', NULL, NULL, false, 'confirmed', '2026-03-03', '2026-03-03'),
	('ce4bcf35-3f0e-4ce0-9635-3521f6ddc0a8', '6db47d6b-6e2e-4886-a262-520a91854f4c', '64de2c12-6e64-4fdd-9ec6-184c956dcb38', 'expense', 200000, 'LAK', 'Abonnement/Mobile', 'Ligne 15go 10jours', '2026-03-02', '2026-03-11', true, false, false, '2026-03-02 05:11:21.531855+00', 'bffe4068-e6bc-482c-8f97-24d6b4f8808b', '2026-03-02 10:18:46.804016+00', NULL, true, NULL, false, 0.0014530658080896676, 'fx', '2026-03-02 05:11:21.144+00', 'THB', 'LAK', 'Recharge data', 'd6c3e70a-d31f-4647-91e8-e12830d0c00d', NULL, NULL, false, 'confirmed', '2026-03-02', '2026-03-11'),
	('8ebb229b-7437-4076-be97-86b0021de209', '6db47d6b-6e2e-4886-a262-520a91854f4c', '64de2c12-6e64-4fdd-9ec6-184c956dcb38', 'expense', 145000, 'LAK', 'Repas', 'Petit Dejeuner', '2026-03-10', '2026-03-10', true, false, false, '2026-03-10 02:42:24.770111+00', 'bffe4068-e6bc-482c-8f97-24d6b4f8808b', '2026-03-10 02:42:24.770111+00', NULL, true, NULL, false, 1, 'none', '2026-03-10 02:42:24.401+00', 'LAK', 'LAK', 'Petit-déjeuner', 'd6c3e70a-d31f-4647-91e8-e12830d0c00d', NULL, NULL, false, 'confirmed', '2026-03-10', '2026-03-10'),
	('11440dfa-4c30-4c99-a4d9-41e8650846bf', '6db47d6b-6e2e-4886-a262-520a91854f4c', '64de2c12-6e64-4fdd-9ec6-184c956dcb38', 'expense', 35000, 'LAK', 'Repas', 'Biere', '2026-03-02', '2026-03-02', true, false, false, '2026-03-02 11:00:10.686314+00', 'bffe4068-e6bc-482c-8f97-24d6b4f8808b', '2026-03-02 11:00:10.686314+00', NULL, true, NULL, false, 1, 'none', '2026-03-02 11:00:09.367+00', 'LAK', 'LAK', 'Déjeuner', 'd6c3e70a-d31f-4647-91e8-e12830d0c00d', NULL, NULL, false, 'confirmed', '2026-03-02', '2026-03-02'),
	('009df921-7b62-416c-9746-471645275108', '6db47d6b-6e2e-4886-a262-520a91854f4c', '64de2c12-6e64-4fdd-9ec6-184c956dcb38', 'expense', 10000, 'LAK', 'Repas', 'Eau chaude', '2026-03-02', '2026-03-02', true, false, false, '2026-03-02 06:30:14.111241+00', 'bffe4068-e6bc-482c-8f97-24d6b4f8808b', '2026-03-02 06:30:14.111241+00', NULL, true, NULL, false, 1, 'none', '2026-03-02 06:30:13.091+00', 'LAK', 'LAK', 'Déjeuner', 'd6c3e70a-d31f-4647-91e8-e12830d0c00d', NULL, NULL, false, 'confirmed', '2026-03-02', '2026-03-02'),
	('d48fed64-dc43-4aa3-97e2-09274905874f', '6db47d6b-6e2e-4886-a262-520a91854f4c', '64de2c12-6e64-4fdd-9ec6-184c956dcb38', 'expense', 90000, 'LAK', 'Repas', 'Nouille pour bateau', '2026-03-02', '2026-03-02', true, false, false, '2026-03-02 05:15:17.710651+00', 'bffe4068-e6bc-482c-8f97-24d6b4f8808b', '2026-03-02 05:15:38.997627+00', NULL, true, NULL, false, 0.0014530658080896676, 'fx', '2026-03-02 05:15:16.948+00', 'THB', 'LAK', 'Déjeuner', 'd6c3e70a-d31f-4647-91e8-e12830d0c00d', NULL, NULL, false, 'confirmed', '2026-03-02', '2026-03-02'),
	('324e3b91-4301-4fb1-9abb-40567ba8ef3a', '6db47d6b-6e2e-4886-a262-520a91854f4c', '6999585d-9607-47f0-a565-37786bfb67d9', 'expense', 65, 'THB', 'Repas', 'Snack', '2026-03-02', '2026-03-02', true, false, false, '2026-03-02 05:11:48.648169+00', 'bffe4068-e6bc-482c-8f97-24d6b4f8808b', '2026-03-02 11:53:23.052201+00', NULL, true, NULL, false, 1, 'none', '2026-03-02 05:11:48.254+00', 'THB', 'THB', 'Déjeuner', 'd6c3e70a-d31f-4647-91e8-e12830d0c00d', NULL, NULL, false, 'confirmed', '2026-03-02', '2026-03-02'),
	('7e63b2ad-70e7-4454-9617-59cbe51bb512', '6db47d6b-6e2e-4886-a262-520a91854f4c', '4e2f798d-caa6-4134-9da1-57097cc07265', 'expense', 4.57, 'EUR', 'Logement', 'Auberge Vientiane', '2026-03-09', '2026-03-10', true, false, false, '2026-03-09 08:56:06.353021+00', 'bffe4068-e6bc-482c-8f97-24d6b4f8808b', '2026-03-09 08:58:04.326952+00', NULL, true, NULL, false, 24743.63, 'fx', '2026-03-09 08:56:03.931+00', 'LAK', 'EUR', 'Auberge', 'd6c3e70a-d31f-4647-91e8-e12830d0c00d', NULL, NULL, false, 'confirmed', '2026-03-09', '2026-03-10'),
	('b6cfd88c-9322-4abf-a1dd-7d95e9cc1067', '6db47d6b-6e2e-4886-a262-520a91854f4c', '64de2c12-6e64-4fdd-9ec6-184c956dcb38', 'expense', 320000, 'LAK', 'Logement', 'Auberge Vientiane', '2026-03-09', '2026-03-10', true, false, false, '2026-03-09 07:48:58.459746+00', 'bffe4068-e6bc-482c-8f97-24d6b4f8808b', '2026-03-09 07:48:58.459746+00', NULL, true, NULL, false, 1, 'none', '2026-03-09 07:48:58.308+00', 'LAK', 'LAK', 'Auberge', 'd6c3e70a-d31f-4647-91e8-e12830d0c00d', NULL, NULL, false, 'confirmed', '2026-03-09', '2026-03-10'),
	('706f568b-6cd4-4474-9675-05b504c63c4b', '6db47d6b-6e2e-4886-a262-520a91854f4c', '64de2c12-6e64-4fdd-9ec6-184c956dcb38', 'expense', 330000, 'LAK', 'Logement', 'Auberge Luang Prabang', '2026-03-03', '2026-03-05', true, false, false, '2026-03-03 02:07:55.370952+00', 'bffe4068-e6bc-482c-8f97-24d6b4f8808b', '2026-03-03 12:24:29.131956+00', NULL, true, NULL, false, 685.1380900705371, 'fx', '2026-03-03 02:07:52.68+00', 'LAK', 'THB', 'Auberge', 'd6c3e70a-d31f-4647-91e8-e12830d0c00d', NULL, NULL, false, 'confirmed', '2026-03-03', '2026-03-05'),
	('ebc8874b-97d6-44a9-a5ba-05f3bf7e4618', '6db47d6b-6e2e-4886-a262-520a91854f4c', '64de2c12-6e64-4fdd-9ec6-184c956dcb38', 'expense', 262000, 'LAK', 'Logement', 'Chambre pakbeng', '2026-03-02', '2026-03-02', true, false, false, '2026-03-02 10:19:29.993232+00', 'bffe4068-e6bc-482c-8f97-24d6b4f8808b', '2026-03-02 10:19:29.993232+00', NULL, true, NULL, false, 1, 'none', '2026-03-02 10:19:28.646+00', 'LAK', 'LAK', 'Auberge', 'd6c3e70a-d31f-4647-91e8-e12830d0c00d', NULL, NULL, false, 'confirmed', '2026-03-02', '2026-03-02'),
	('f978946f-3401-4465-abd5-2ad86fdb0ba5', '6db47d6b-6e2e-4886-a262-520a91854f4c', '64de2c12-6e64-4fdd-9ec6-184c956dcb38', 'expense', 100000, 'LAK', 'Transport', 'Tuktuk', '2026-03-03', '2026-03-03', true, false, false, '2026-03-03 11:02:41.28351+00', 'bffe4068-e6bc-482c-8f97-24d6b4f8808b', '2026-03-03 11:02:41.28351+00', NULL, true, NULL, false, 1, 'none', '2026-03-03 11:02:38.598+00', 'LAK', 'LAK', 'Taxi / VTC', 'd6c3e70a-d31f-4647-91e8-e12830d0c00d', NULL, NULL, false, 'confirmed', '2026-03-03', '2026-03-03'),
	('8d542779-b568-4411-95e5-b9574bb0bc67', '6db47d6b-6e2e-4886-a262-520a91854f4c', '6999585d-9607-47f0-a565-37786bfb67d9', 'expense', 1870, 'THB', 'Visa', 'Visa', '2026-03-02', '2026-03-15', true, false, false, '2026-03-02 05:12:03.286823+00', 'bffe4068-e6bc-482c-8f97-24d6b4f8808b', '2026-03-18 11:45:27.001+00', NULL, true, NULL, false, 1, 'none', '2026-03-02 05:12:02.904+00', 'THB', 'THB', 'Visa à l’arrivée', 'd6c3e70a-d31f-4647-91e8-e12830d0c00d', NULL, NULL, false, 'confirmed', '2026-03-02', '2026-03-15'),
	('f2de5345-1a18-4e5f-b4b2-c4658553058e', '6db47d6b-6e2e-4886-a262-520a91854f4c', '6999585d-9607-47f0-a565-37786bfb67d9', 'expense', 300, 'THB', 'Sorties', 'Moritooo', '2026-03-01', '2026-03-01', true, false, false, '2026-03-01 22:08:51.985607+00', 'bffe4068-e6bc-482c-8f97-24d6b4f8808b', '2026-03-01 22:10:23.263008+00', NULL, true, NULL, false, 1, 'none', '2026-03-01 22:08:50.337+00', 'THB', 'THB', 'Fête', 'd6c3e70a-d31f-4647-91e8-e12830d0c00d', NULL, NULL, false, 'confirmed', '2026-03-01', '2026-03-01'),
	('178b2a65-7df0-4bb6-aef4-8877ad9d46f1', '6db47d6b-6e2e-4886-a262-520a91854f4c', '4e2f798d-caa6-4134-9da1-57097cc07265', 'expense', 124.3, 'EUR', 'Mouvement interne', 'Retrait 3M Lak', '2026-03-03', '2026-03-03', true, true, false, '2026-03-03 12:26:06.486038+00', 'bffe4068-e6bc-482c-8f97-24d6b4f8808b', '2026-03-03 12:26:06.486038+00', NULL, true, NULL, false, 25254.19, 'fx', '2026-03-03 12:26:04.779+00', 'LAK', 'EUR', 'Retrait', 'd6c3e70a-d31f-4647-91e8-e12830d0c00d', NULL, NULL, false, 'confirmed', '2026-03-03', '2026-03-03'),
	('26f31349-8fdb-42dc-b9dd-e467941685c6', '6db47d6b-6e2e-4886-a262-520a91854f4c', '64de2c12-6e64-4fdd-9ec6-184c956dcb38', 'income', 3000000, 'LAK', 'Mouvement interne', 'Retrait', '2026-03-03', '2026-03-03', true, true, false, '2026-03-03 12:25:28.464233+00', 'bffe4068-e6bc-482c-8f97-24d6b4f8808b', '2026-03-03 12:25:28.464233+00', NULL, true, NULL, false, 1, 'none', '2026-03-03 12:25:26.05+00', 'LAK', 'LAK', 'Retrait', 'd6c3e70a-d31f-4647-91e8-e12830d0c00d', NULL, NULL, false, 'confirmed', '2026-03-03', '2026-03-03'),
	('17dfb54b-b493-4c24-beb1-08182b0dace9', '6db47d6b-6e2e-4886-a262-520a91854f4c', '6999585d-9607-47f0-a565-37786bfb67d9', 'income', 3000, 'THB', 'Mouvement interne', 'Retrait', '2026-03-02', '2026-03-02', true, true, false, '2026-03-02 05:10:21.138048+00', 'bffe4068-e6bc-482c-8f97-24d6b4f8808b', '2026-03-02 05:10:21.138048+00', NULL, true, NULL, false, 1, 'none', '2026-03-02 05:10:20.793+00', 'THB', 'THB', 'Retrait', 'd6c3e70a-d31f-4647-91e8-e12830d0c00d', NULL, NULL, false, 'confirmed', '2026-03-02', '2026-03-02'),
	('cde3ffa2-77e2-4670-b310-596c8d284d23', '6db47d6b-6e2e-4886-a262-520a91854f4c', '6e21e00c-8e67-4878-a2d3-6bb3bb1c6ec5', 'expense', 300, 'EUR', 'Mouvement interne', 'Virement interne', '2026-03-03', '2026-03-03', true, true, false, '2026-03-03 12:24:00.724924+00', 'bffe4068-e6bc-482c-8f97-24d6b4f8808b', '2026-03-03 12:24:00.724924+00', NULL, true, NULL, false, 25254.19, 'fx', '2026-03-03 12:23:59.077+00', 'LAK', 'EUR', 'Virement', 'd6c3e70a-d31f-4647-91e8-e12830d0c00d', NULL, NULL, false, 'confirmed', '2026-03-03', '2026-03-03'),
	('132be19c-1a55-4755-a22d-1c21c2aa1190', '6db47d6b-6e2e-4886-a262-520a91854f4c', '4e2f798d-caa6-4134-9da1-57097cc07265', 'income', 300, 'EUR', 'Mouvement interne', 'Virement interne', '2026-03-03', '2026-03-03', true, true, false, '2026-03-03 12:23:48.176992+00', 'bffe4068-e6bc-482c-8f97-24d6b4f8808b', '2026-03-03 12:23:48.176992+00', NULL, true, NULL, false, 25254.19, 'fx', '2026-03-03 12:23:46.208+00', 'LAK', 'EUR', 'Virement', 'd6c3e70a-d31f-4647-91e8-e12830d0c00d', NULL, NULL, false, 'confirmed', '2026-03-03', '2026-03-03'),
	('fdc29383-8242-4691-8187-f377c5df8ed2', '6db47d6b-6e2e-4886-a262-520a91854f4c', '4e2f798d-caa6-4134-9da1-57097cc07265', 'income', 25, 'EUR', 'Mouvement interne', 'Virement interne', '2026-03-02', '2026-03-02', true, true, false, '2026-03-02 05:14:01.567316+00', 'bffe4068-e6bc-482c-8f97-24d6b4f8808b', '2026-03-02 05:14:01.567316+00', NULL, true, NULL, false, 36.696, 'fx', '2026-03-02 05:14:01.247+00', 'THB', 'EUR', 'Virement', 'd6c3e70a-d31f-4647-91e8-e12830d0c00d', NULL, NULL, false, 'confirmed', '2026-03-02', '2026-03-02'),
	('86cedb87-1080-4b5f-8f24-f57dbed5b812', '6db47d6b-6e2e-4886-a262-520a91854f4c', '6e21e00c-8e67-4878-a2d3-6bb3bb1c6ec5', 'expense', 25, 'EUR', 'Mouvement interne', 'Virement interne', '2026-03-02', '2026-03-02', true, true, false, '2026-03-02 05:09:10.705514+00', 'bffe4068-e6bc-482c-8f97-24d6b4f8808b', '2026-03-02 05:09:10.705514+00', NULL, true, NULL, false, 36.696, 'fx', '2026-03-02 05:09:09.47+00', 'THB', 'EUR', 'Virement', 'd6c3e70a-d31f-4647-91e8-e12830d0c00d', NULL, NULL, false, 'confirmed', '2026-03-02', '2026-03-02'),
	('8954db63-3290-425b-8476-16035c6e8bf9', '6db47d6b-6e2e-4886-a262-520a91854f4c', '64de2c12-6e64-4fdd-9ec6-184c956dcb38', 'income', 1870000, 'LAK', 'Mouvement interne', 'Change', '2026-03-02', '2026-03-02', true, true, false, '2026-03-02 05:10:59.664175+00', 'bffe4068-e6bc-482c-8f97-24d6b4f8808b', '2026-03-02 05:10:59.664175+00', NULL, true, NULL, false, 0.0014530658080896676, 'fx', '2026-03-02 05:10:59.273+00', 'THB', 'LAK', 'Change devise', 'd6c3e70a-d31f-4647-91e8-e12830d0c00d', NULL, NULL, false, 'confirmed', '2026-03-02', '2026-03-02'),
	('372205f2-875e-4336-a3bf-3444450d76c5', '6db47d6b-6e2e-4886-a262-520a91854f4c', '4e2f798d-caa6-4134-9da1-57097cc07265', 'income', 200, 'EUR', 'Mouvement interne', 'Virement interne', '2026-03-14', '2026-03-14', true, true, false, '2026-03-14 01:08:02.247938+00', 'bffe4068-e6bc-482c-8f97-24d6b4f8808b', '2026-03-14 01:08:02.247938+00', NULL, false, NULL, false, 24743.63, 'fx', '2026-03-14 01:08:01.946+00', 'LAK', 'EUR', 'Virement', 'd6c3e70a-d31f-4647-91e8-e12830d0c00d', NULL, NULL, false, 'confirmed', '2026-03-14', '2026-03-14'),
	('dd0971c0-dc81-44a6-bdf6-333028662a1c', '6db47d6b-6e2e-4886-a262-520a91854f4c', '6999585d-9607-47f0-a565-37786bfb67d9', 'expense', 3140, 'THB', 'Mouvement interne', 'Change LAK', '2026-03-02', '2026-03-02', true, true, false, '2026-03-02 05:13:38.618512+00', 'bffe4068-e6bc-482c-8f97-24d6b4f8808b', '2026-03-02 05:13:38.618512+00', NULL, true, NULL, false, 1, 'none', '2026-03-02 05:13:37.505+00', 'THB', 'THB', 'Change devise', 'd6c3e70a-d31f-4647-91e8-e12830d0c00d', NULL, NULL, false, 'confirmed', '2026-03-02', '2026-03-02'),
	('5b0103de-71eb-42fd-b26d-56d25a84f42b', 'b63f45f3-fc01-4714-8cc4-a09ab49e18c7', 'a34b80ed-1711-4205-8a7c-14e0e55eab93', 'expense', 10, 'THB', 'Autre', 'Autre', '2026-03-11', '2026-03-11', true, false, false, '2026-03-11 12:54:34.831482+00', 'a17d77d8-2eb6-4e75-8622-55fa4a7de8dd', '2026-03-11 12:54:34.831482+00', NULL, true, NULL, false, 1, 'none', '2026-03-11 12:54:34.913+00', 'THB', 'THB', NULL, 'dd97e3e5-77b8-44e8-bcca-9dabb6fbc06d', NULL, NULL, false, 'confirmed', '2026-03-11', '2026-03-11'),
	('0af47d21-a41f-443b-b2f4-29ed877b66b3', 'b63f45f3-fc01-4714-8cc4-a09ab49e18c7', 'a34b80ed-1711-4205-8a7c-14e0e55eab93', 'income', 10, 'THB', 'Autre', 'Autre', '2026-03-15', '2026-03-15', true, false, false, '2026-03-15 07:32:09.21423+00', 'a17d77d8-2eb6-4e75-8622-55fa4a7de8dd', '2026-03-15 07:32:09.21423+00', NULL, true, NULL, false, 1, 'none', '2026-03-15 07:32:07.655+00', 'THB', 'THB', NULL, 'dd97e3e5-77b8-44e8-bcca-9dabb6fbc06d', NULL, NULL, false, 'confirmed', '2026-03-15', '2026-03-15'),
	('84d84b00-180e-4fd4-9c9b-bc1bef4e6274', '6db47d6b-6e2e-4886-a262-520a91854f4c', '64de2c12-6e64-4fdd-9ec6-184c956dcb38', 'expense', 67000, 'LAK', 'Course', 'Course', '2026-03-15', '2026-03-15', true, false, false, '2026-03-15 10:23:51.045727+00', 'bffe4068-e6bc-482c-8f97-24d6b4f8808b', '2026-03-15 10:23:51.045727+00', NULL, true, NULL, false, 1, 'none', '2026-03-15 10:23:48.346+00', 'LAK', 'LAK', 'Snacks', 'd6c3e70a-d31f-4647-91e8-e12830d0c00d', NULL, NULL, false, 'confirmed', '2026-03-15', '2026-03-15'),
	('7111d0ed-a455-4f96-b27b-11812327bd86', '6db47d6b-6e2e-4886-a262-520a91854f4c', '0b8895e4-f4cb-4571-89ae-9a7afd42e7e0', 'expense', 45000, 'VND', 'Repas', 'Repas', '2026-03-16', '2026-03-16', true, false, false, '2026-03-16 06:32:58.081177+00', 'bffe4068-e6bc-482c-8f97-24d6b4f8808b', '2026-03-16 06:32:58.081177+00', NULL, true, NULL, false, 1, 'none', '2026-03-16 06:32:56.859+00', 'VND', 'VND', 'Déjeuner', 'd6c3e70a-d31f-4647-91e8-e12830d0c00d', NULL, NULL, false, 'confirmed', '2026-03-16', '2026-03-16'),
	('50298593-797c-48d9-b513-d3836f42838c', '6db47d6b-6e2e-4886-a262-520a91854f4c', '0b8895e4-f4cb-4571-89ae-9a7afd42e7e0', 'expense', 55000, 'VND', 'Sorties', 'Sorties', '2026-03-17', '2026-03-17', true, false, false, '2026-03-17 03:20:58.787532+00', 'bffe4068-e6bc-482c-8f97-24d6b4f8808b', '2026-03-17 03:20:58.787532+00', NULL, true, NULL, false, 1, 'none', '2026-03-17 03:20:57.924+00', 'VND', 'VND', 'Verre', 'd6c3e70a-d31f-4647-91e8-e12830d0c00d', NULL, NULL, false, 'confirmed', '2026-03-17', '2026-03-17'),
	('cd73f687-240e-406e-8410-f5aecc5738e4', '6db47d6b-6e2e-4886-a262-520a91854f4c', '0b8895e4-f4cb-4571-89ae-9a7afd42e7e0', 'expense', 130000, 'VND', 'Logement', 'Logement', '2026-03-18', '2026-03-18', true, false, false, '2026-03-18 06:45:36.741638+00', 'bffe4068-e6bc-482c-8f97-24d6b4f8808b', '2026-03-18 06:45:36.741638+00', NULL, true, NULL, false, 1, 'none', '2026-03-18 06:45:36.579+00', 'VND', 'VND', 'Auberge', 'd6c3e70a-d31f-4647-91e8-e12830d0c00d', NULL, NULL, false, 'confirmed', '2026-03-18', '2026-03-18'),
	('8b4e1de0-191a-4fae-872a-be62f682b668', '6db47d6b-6e2e-4886-a262-520a91854f4c', '6e21e00c-8e67-4878-a2d3-6bb3bb1c6ec5', 'income', 1443.3, 'EUR', 'Revenu', 'Chomage', '2026-08-02', '2026-08-02', false, false, false, '2026-03-17 01:11:45.760377+00', 'bffe4068-e6bc-482c-8f97-24d6b4f8808b', '2026-04-02 00:10:26.691+00', NULL, true, NULL, false, NULL, NULL, '2026-03-17 01:11:45.760377+00', NULL, NULL, 'Chomage', 'd6c3e70a-d31f-4647-91e8-e12830d0c00d', '0b96cbc1-c52a-4870-804c-94e1b2143ec0', '2026-08-02', true, 'generated', '2026-08-02', '2026-08-02'),
	('297694dd-9c4d-4e22-ae9d-7e1f44035a48', '6db47d6b-6e2e-4886-a262-520a91854f4c', '6e21e00c-8e67-4878-a2d3-6bb3bb1c6ec5', 'income', 1443.3, 'EUR', 'Revenu', 'Chomage', '2026-09-02', '2026-09-02', false, false, false, '2026-03-17 01:11:45.760377+00', 'bffe4068-e6bc-482c-8f97-24d6b4f8808b', '2026-04-02 00:10:26.691+00', NULL, true, NULL, false, NULL, NULL, '2026-03-17 01:11:45.760377+00', NULL, NULL, 'Chomage', 'd6c3e70a-d31f-4647-91e8-e12830d0c00d', '0b96cbc1-c52a-4870-804c-94e1b2143ec0', '2026-09-02', true, 'generated', '2026-09-02', '2026-09-02'),
	('2d8a4b82-e5f8-4448-bd33-a38c2ab114e2', '6db47d6b-6e2e-4886-a262-520a91854f4c', '6999585d-9607-47f0-a565-37786bfb67d9', 'expense', 50, 'THB', 'Sorties', 'Bière', '2026-02-11', '2026-02-11', true, false, false, '2026-02-12 09:35:34.269816+00', 'bffe4068-e6bc-482c-8f97-24d6b4f8808b', '2026-02-25 16:06:29.868+00', NULL, true, NULL, false, 1, 'none', '2026-02-25 16:06:29.868+00', 'THB', 'THB', 'Fête', 'd6c3e70a-d31f-4647-91e8-e12830d0c00d', NULL, NULL, false, 'confirmed', '2026-02-11', '2026-02-11'),
	('3f4eee84-1800-4570-a4b9-dd4042a64d0c', '6db47d6b-6e2e-4886-a262-520a91854f4c', '6999585d-9607-47f0-a565-37786bfb67d9', 'expense', 416, 'THB', 'Repas', 'Ramen', '2026-02-11', '2026-02-11', true, false, false, '2026-02-12 09:35:34.269816+00', 'bffe4068-e6bc-482c-8f97-24d6b4f8808b', '2026-02-25 16:06:30.126+00', NULL, true, NULL, false, 1, 'none', '2026-02-25 16:06:30.126+00', 'THB', 'THB', 'Déjeuner', 'd6c3e70a-d31f-4647-91e8-e12830d0c00d', NULL, NULL, false, 'confirmed', '2026-02-11', '2026-02-11'),
	('c4eed518-37c5-4cf4-940c-706f1f94d415', '6db47d6b-6e2e-4886-a262-520a91854f4c', '6e21e00c-8e67-4878-a2d3-6bb3bb1c6ec5', 'expense', 200, 'EUR', 'Mouvement interne', 'Virement interne', '2026-03-14', '2026-03-14', true, true, false, '2026-03-14 01:08:22.783921+00', 'bffe4068-e6bc-482c-8f97-24d6b4f8808b', '2026-03-14 01:08:22.783921+00', NULL, false, NULL, false, 24743.63, 'fx', '2026-03-14 01:08:22.487+00', 'LAK', 'EUR', 'Virement', 'd6c3e70a-d31f-4647-91e8-e12830d0c00d', NULL, NULL, false, 'confirmed', '2026-03-14', '2026-03-14'),
	('af4575b0-4e00-45df-a372-1de4aac6f900', '6db47d6b-6e2e-4886-a262-520a91854f4c', '73d2ed75-3bd8-44fd-b907-17ecee6b2231', 'expense', 2000, 'JPY', 'Transport', 'Recharge', '2026-04-24', '2026-04-24', true, false, false, '2026-04-24 05:41:33.993231+00', 'bffe4068-e6bc-482c-8f97-24d6b4f8808b', '2026-04-24 05:41:33.993231+00', NULL, true, NULL, false, 1, 'none', '2026-04-24 05:41:32+00', 'JPY', 'JPY', 'Métro', 'd6c3e70a-d31f-4647-91e8-e12830d0c00d', NULL, NULL, false, 'confirmed', '2026-04-24', '2026-04-24'),
	('79234677-9822-498e-95ea-c82eb4fb0a81', '6db47d6b-6e2e-4886-a262-520a91854f4c', '6e21e00c-8e67-4878-a2d3-6bb3bb1c6ec5', 'income', 1443.3, 'EUR', 'Revenu', 'Chomage', '2026-07-02', '2026-07-02', false, false, false, '2026-03-17 01:11:45.760377+00', 'bffe4068-e6bc-482c-8f97-24d6b4f8808b', '2026-04-02 00:10:26.691+00', NULL, true, NULL, false, NULL, NULL, '2026-03-17 01:11:45.760377+00', NULL, NULL, 'Chomage', 'd6c3e70a-d31f-4647-91e8-e12830d0c00d', '0b96cbc1-c52a-4870-804c-94e1b2143ec0', '2026-07-02', true, 'generated', '2026-07-02', '2026-07-02'),
	('2554ba6e-62a8-4d8d-9230-c7b25f57e889', '6db47d6b-6e2e-4886-a262-520a91854f4c', '64de2c12-6e64-4fdd-9ec6-184c956dcb38', 'expense', 40000, 'LAK', 'Abonnement/Mobile', '10GO 10 jours', '2026-03-13', '2026-03-13', true, false, false, '2026-03-13 06:47:31.270026+00', 'bffe4068-e6bc-482c-8f97-24d6b4f8808b', '2026-03-13 06:47:31.270026+00', NULL, true, NULL, false, 1, 'none', '2026-03-13 06:47:30.074+00', 'LAK', 'LAK', 'Recharge data', 'd6c3e70a-d31f-4647-91e8-e12830d0c00d', NULL, NULL, false, 'confirmed', '2026-03-13', '2026-03-13'),
	('46fbac78-36bf-4d16-949d-ebfadafb4e9f', '6db47d6b-6e2e-4886-a262-520a91854f4c', '6999585d-9607-47f0-a565-37786bfb67d9', 'expense', 70, 'THB', 'Sorties', '[Trip] Bière', '2026-02-15', '2026-02-15', false, false, false, '2026-02-19 05:12:19.742496+00', 'bffe4068-e6bc-482c-8f97-24d6b4f8808b', '2026-02-19 05:12:19.742496+00', NULL, true, NULL, true, 1, 'none', '2026-02-25 15:51:08.827+00', 'THB', 'THB', NULL, 'd6c3e70a-d31f-4647-91e8-e12830d0c00d', NULL, NULL, false, 'confirmed', '2026-02-15', '2026-02-15'),
	('c2f481f4-08c7-426e-b193-a8f93b13fab7', '6db47d6b-6e2e-4886-a262-520a91854f4c', '6999585d-9607-47f0-a565-37786bfb67d9', 'expense', 90, 'THB', 'Repas', 'Repas', '2026-02-12', '2026-02-12', true, false, false, '2026-02-12 09:53:18.0552+00', 'bffe4068-e6bc-482c-8f97-24d6b4f8808b', '2026-02-25 16:06:32.003+00', NULL, true, NULL, false, 1, 'none', '2026-02-25 16:06:32.003+00', 'THB', 'THB', 'Déjeuner', 'd6c3e70a-d31f-4647-91e8-e12830d0c00d', NULL, NULL, false, 'confirmed', '2026-02-12', '2026-02-12'),
	('ef3a1cb8-0a46-4997-afd7-3405a9cb52bb', '6db47d6b-6e2e-4886-a262-520a91854f4c', '6999585d-9607-47f0-a565-37786bfb67d9', 'expense', 200, 'THB', 'Souvenir', 'Chapeau', '2026-02-17', '2026-02-17', true, false, false, '2026-02-17 08:24:56.271464+00', 'bffe4068-e6bc-482c-8f97-24d6b4f8808b', '2026-03-18 11:53:44.456+00', NULL, true, NULL, false, 1, 'none', '2026-02-25 15:51:13.431+00', 'THB', 'THB', 'Vêtement', 'd6c3e70a-d31f-4647-91e8-e12830d0c00d', NULL, NULL, false, 'confirmed', '2026-02-17', '2026-02-17'),
	('936f61a4-934d-4468-b8d4-796226c4b894', '6db47d6b-6e2e-4886-a262-520a91854f4c', '73d2ed75-3bd8-44fd-b907-17ecee6b2231', 'expense', 950, 'JPY', 'Repas', '[Trip] Sukiya', '2026-04-17', '2026-04-17', false, false, false, '2026-04-17 05:11:57.889645+00', 'bffe4068-e6bc-482c-8f97-24d6b4f8808b', '2026-04-17 05:11:57.889645+00', NULL, true, NULL, true, 1, 'none', '2026-04-17 05:11:57.49+00', 'JPY', 'JPY', 'Déjeuner', 'd6c3e70a-d31f-4647-91e8-e12830d0c00d', NULL, NULL, false, 'confirmed', '2026-04-17', '2026-04-17'),
	('459ed0ae-bdf7-4ae6-a8e7-d15122e8096c', '6db47d6b-6e2e-4886-a262-520a91854f4c', '6999585d-9607-47f0-a565-37786bfb67d9', 'expense', 18, 'THB', 'Repas', 'Eau', '2026-02-14', '2026-02-14', true, false, false, '2026-02-14 09:04:56.395728+00', 'bffe4068-e6bc-482c-8f97-24d6b4f8808b', '2026-02-14 09:04:56.395728+00', NULL, true, NULL, false, 1, 'none', '2026-02-25 15:51:10.784+00', 'THB', 'THB', 'Déjeuner', 'd6c3e70a-d31f-4647-91e8-e12830d0c00d', NULL, NULL, false, 'confirmed', '2026-02-14', '2026-02-14'),
	('ce6fde3f-874b-4392-8a13-499572641dbc', '6db47d6b-6e2e-4886-a262-520a91854f4c', '6999585d-9607-47f0-a565-37786bfb67d9', 'income', 200, 'THB', 'Caution', 'Auberge Bangkok', '2026-02-10', '2026-02-10', true, false, false, '2026-02-12 09:35:34.269816+00', 'bffe4068-e6bc-482c-8f97-24d6b4f8808b', '2026-02-25 16:06:28.3+00', NULL, true, NULL, false, 1, 'none', '2026-02-25 16:06:28.3+00', 'THB', 'THB', 'Logement', 'd6c3e70a-d31f-4647-91e8-e12830d0c00d', NULL, NULL, false, 'confirmed', '2026-02-10', '2026-02-10'),
	('d501994e-a87a-4aed-8186-3281d3023984', '6db47d6b-6e2e-4886-a262-520a91854f4c', '6999585d-9607-47f0-a565-37786bfb67d9', 'expense', 166.5, 'THB', 'Logement', '[Trip] Auberge Bkk', '2026-02-17', '2026-02-17', false, false, false, '2026-02-19 04:58:57.438707+00', 'bffe4068-e6bc-482c-8f97-24d6b4f8808b', '2026-02-19 04:58:57.438707+00', NULL, true, NULL, true, 1, 'none', '2026-02-25 15:51:14.423+00', 'THB', 'THB', NULL, 'd6c3e70a-d31f-4647-91e8-e12830d0c00d', NULL, NULL, false, 'confirmed', '2026-02-17', '2026-02-17'),
	('898a6406-0453-4570-8ab7-5e9cf36e7fb0', '6db47d6b-6e2e-4886-a262-520a91854f4c', '64de2c12-6e64-4fdd-9ec6-184c956dcb38', 'expense', 240000, 'LAK', 'Transport', 'Location Vélo', '2026-03-04', '2026-03-06', true, false, false, '2026-03-04 06:00:14.265895+00', 'bffe4068-e6bc-482c-8f97-24d6b4f8808b', '2026-03-04 06:01:10.195249+00', NULL, true, NULL, false, 1, 'none', '2026-03-04 06:00:12.708+00', 'LAK', 'LAK', 'Location vélo', 'd6c3e70a-d31f-4647-91e8-e12830d0c00d', NULL, NULL, false, 'confirmed', '2026-03-04', '2026-03-06'),
	('5fe7b1de-f583-4340-b742-3b9ce90f0600', '6db47d6b-6e2e-4886-a262-520a91854f4c', '4e2f798d-caa6-4134-9da1-57097cc07265', 'expense', 7.67, 'EUR', 'Projet Personnel', 'Abonnement Netlify', '2026-02-20', '2026-02-20', true, true, false, '2026-02-20 08:02:10.533172+00', 'bffe4068-e6bc-482c-8f97-24d6b4f8808b', '2026-02-25 14:22:46.146+00', NULL, true, NULL, false, 36.573, 'ecb_or_manual', '2026-02-25 14:25:49.728296+00', 'THB', 'EUR', NULL, 'd6c3e70a-d31f-4647-91e8-e12830d0c00d', NULL, NULL, false, 'confirmed', '2026-02-20', '2026-02-20'),
	('0d67a1de-ad99-48b2-9848-bdd73a99047b', '6db47d6b-6e2e-4886-a262-520a91854f4c', '64de2c12-6e64-4fdd-9ec6-184c956dcb38', 'expense', 106000, 'LAK', 'Repas', 'Petit déjeuner', '2026-03-14', '2026-03-14', true, false, false, '2026-03-14 02:32:04.26803+00', 'bffe4068-e6bc-482c-8f97-24d6b4f8808b', '2026-03-14 02:32:04.26803+00', NULL, true, NULL, false, 1, 'none', '2026-03-14 02:32:02.478+00', 'LAK', 'LAK', 'Petit-déjeuner', 'd6c3e70a-d31f-4647-91e8-e12830d0c00d', NULL, NULL, false, 'confirmed', '2026-03-14', '2026-03-14'),
	('1302f6db-a564-4aeb-a556-b1f58fa0b956', '6db47d6b-6e2e-4886-a262-520a91854f4c', '64de2c12-6e64-4fdd-9ec6-184c956dcb38', 'expense', 89000, 'LAK', 'Repas', 'Repas', '2026-03-04', '2026-03-04', true, false, false, '2026-03-04 12:03:20.295734+00', 'bffe4068-e6bc-482c-8f97-24d6b4f8808b', '2026-03-04 12:03:20.295734+00', NULL, true, NULL, false, 1, 'none', '2026-03-04 12:03:18.824+00', 'LAK', 'LAK', 'Déjeuner', 'd6c3e70a-d31f-4647-91e8-e12830d0c00d', NULL, NULL, false, 'confirmed', '2026-03-04', '2026-03-04'),
	('3b3076b1-3d67-4003-b3f6-0ab009a91d8d', '6db47d6b-6e2e-4886-a262-520a91854f4c', '64de2c12-6e64-4fdd-9ec6-184c956dcb38', 'expense', 42000, 'LAK', 'Sorties', 'Sorties', '2026-03-15', '2026-03-15', true, false, false, '2026-03-15 10:24:09.178234+00', 'bffe4068-e6bc-482c-8f97-24d6b4f8808b', '2026-03-18 11:46:07.721+00', NULL, true, NULL, false, 1, 'none', '2026-03-15 10:24:07.285+00', 'LAK', 'LAK', 'Culturel', 'd6c3e70a-d31f-4647-91e8-e12830d0c00d', NULL, NULL, false, 'confirmed', '2026-03-15', '2026-03-15'),
	('86fc0ddc-406a-4236-bacf-f2940291118f', 'b63f45f3-fc01-4714-8cc4-a09ab49e18c7', 'a34b80ed-1711-4205-8a7c-14e0e55eab93', 'expense', 50, 'THB', 'Transport Internationale', 'Transport Internationale', '2026-03-15', '2026-03-15', true, false, false, '2026-03-15 07:50:33.03834+00', 'a17d77d8-2eb6-4e75-8622-55fa4a7de8dd', '2026-03-15 07:50:33.03834+00', NULL, true, NULL, false, 1, 'none', '2026-03-15 07:50:31.343+00', 'THB', 'THB', 'Vol', 'dd97e3e5-77b8-44e8-bcca-9dabb6fbc06d', NULL, NULL, false, 'confirmed', '2026-03-15', '2026-03-15'),
	('f7ba03c7-2517-452a-9e77-9b1fa959f7e6', '6db47d6b-6e2e-4886-a262-520a91854f4c', '6999585d-9607-47f0-a565-37786bfb67d9', 'expense', 40, 'THB', 'Santé', 'Savon', '2026-02-15', '2026-02-15', true, false, false, '2026-02-15 00:38:49.113995+00', 'bffe4068-e6bc-482c-8f97-24d6b4f8808b', '2026-03-18 11:52:43.552+00', NULL, true, NULL, false, 1, 'none', '2026-02-25 15:51:11.121+00', 'THB', 'THB', 'Hygiène', 'd6c3e70a-d31f-4647-91e8-e12830d0c00d', NULL, NULL, false, 'confirmed', '2026-02-15', '2026-02-15'),
	('869eb488-01f5-4bcd-90af-7bf1bb205455', 'b63f45f3-fc01-4714-8cc4-a09ab49e18c7', 'a34b80ed-1711-4205-8a7c-14e0e55eab93', 'expense', 50, 'THB', 'Repas', '[Trip] Avance - ju', '2026-03-11', '2026-03-11', true, true, false, '2026-03-11 12:54:55.588106+00', 'a17d77d8-2eb6-4e75-8622-55fa4a7de8dd', '2026-03-11 12:54:55.588106+00', '374e59ef-1f2a-4533-be15-e9f6e77e5325', false, NULL, false, 1, 'none', '2026-03-11 12:54:55.77+00', 'THB', 'THB', NULL, 'dd97e3e5-77b8-44e8-bcca-9dabb6fbc06d', NULL, NULL, false, 'confirmed', '2026-03-11', '2026-03-11'),
	('c39230e9-69b9-40a6-860e-e20120d01516', 'b63f45f3-fc01-4714-8cc4-a09ab49e18c7', 'a34b80ed-1711-4205-8a7c-14e0e55eab93', 'expense', 25, 'THB', 'Repas', '[Trip] ju', '2026-03-11', '2026-03-11', false, false, false, '2026-03-11 12:54:59.787147+00', 'a17d77d8-2eb6-4e75-8622-55fa4a7de8dd', '2026-03-11 12:54:59.787147+00', NULL, true, NULL, true, 1, 'none', '2026-03-11 12:54:59.966+00', 'THB', 'THB', NULL, 'dd97e3e5-77b8-44e8-bcca-9dabb6fbc06d', NULL, NULL, false, 'confirmed', '2026-03-11', '2026-03-11'),
	('9c71dc0c-be90-44c3-bdf5-d13a9e480c31', '6db47d6b-6e2e-4886-a262-520a91854f4c', '0b8895e4-f4cb-4571-89ae-9a7afd42e7e0', 'income', 3000000, 'VND', 'Mouvement interne', 'Retrait', '2026-03-16', '2026-03-16', true, true, false, '2026-03-16 10:00:13.688224+00', 'bffe4068-e6bc-482c-8f97-24d6b4f8808b', '2026-03-16 10:03:17.914+00', NULL, true, NULL, false, 1, 'none', '2026-03-16 10:00:12.491+00', 'VND', 'VND', 'Transfert cash', 'd6c3e70a-d31f-4647-91e8-e12830d0c00d', NULL, NULL, false, 'confirmed', '2026-03-16', '2026-03-16'),
	('f5325e5e-64d3-43fe-9c36-56b797b2c3b6', '6db47d6b-6e2e-4886-a262-520a91854f4c', '0b8895e4-f4cb-4571-89ae-9a7afd42e7e0', 'expense', 20000, 'VND', 'Course', 'Course', '2026-03-17', '2026-03-17', true, false, false, '2026-03-17 03:21:06.98496+00', 'bffe4068-e6bc-482c-8f97-24d6b4f8808b', '2026-03-17 03:21:06.98496+00', NULL, true, NULL, false, 1, 'none', '2026-03-17 03:21:06.632+00', 'VND', 'VND', 'Eau', 'd6c3e70a-d31f-4647-91e8-e12830d0c00d', NULL, NULL, false, 'confirmed', '2026-03-17', '2026-03-17'),
	('54d6ca42-47a8-4349-923e-6a0c82c35201', '6db47d6b-6e2e-4886-a262-520a91854f4c', '0b8895e4-f4cb-4571-89ae-9a7afd42e7e0', 'expense', 160000, 'VND', 'Logement', 'Logement', '2026-03-19', '2026-03-19', true, false, false, '2026-03-18 06:45:50.236744+00', 'bffe4068-e6bc-482c-8f97-24d6b4f8808b', '2026-03-18 06:45:50.236744+00', NULL, true, NULL, false, 1, 'none', '2026-03-18 06:45:50.081+00', 'VND', 'VND', 'Auberge', 'd6c3e70a-d31f-4647-91e8-e12830d0c00d', NULL, NULL, false, 'confirmed', '2026-03-19', '2026-03-19'),
	('4a19f121-30ae-449d-b5d9-6558ae258e76', '6db47d6b-6e2e-4886-a262-520a91854f4c', '64de2c12-6e64-4fdd-9ec6-184c956dcb38', 'expense', 13333.34, 'LAK', 'Transport', '[Trip] Taxi', '2026-03-17', '2026-03-17', false, false, false, '2026-03-18 07:00:46.286499+00', 'bffe4068-e6bc-482c-8f97-24d6b4f8808b', '2026-03-18 07:00:46.286499+00', NULL, true, NULL, true, 1.227210862751181, 'fx', '2026-03-18 07:00:46.091+00', 'VND', 'LAK', NULL, 'd6c3e70a-d31f-4647-91e8-e12830d0c00d', NULL, NULL, false, 'confirmed', '2026-03-17', '2026-03-17'),
	('eca19aa8-f658-47f9-9fe9-e8491ec64426', '6db47d6b-6e2e-4886-a262-520a91854f4c', '6999585d-9607-47f0-a565-37786bfb67d9', 'expense', 106, 'THB', 'Repas', 'Diner', '2026-02-22', '2026-02-22', true, false, false, '2026-02-22 12:24:37.046088+00', 'bffe4068-e6bc-482c-8f97-24d6b4f8808b', '2026-02-22 12:24:37.046088+00', NULL, true, NULL, false, 1, 'none', '2026-02-25 15:51:17.676+00', 'THB', 'THB', 'Dîner', 'd6c3e70a-d31f-4647-91e8-e12830d0c00d', NULL, NULL, false, 'confirmed', '2026-02-22', '2026-02-22'),
	('6a9e58e0-6b73-456d-9218-a35d8ff05768', '6db47d6b-6e2e-4886-a262-520a91854f4c', '64de2c12-6e64-4fdd-9ec6-184c956dcb38', 'expense', 40000, 'LAK', 'Sorties', 'Visite temple', '2026-03-04', '2026-03-04', true, false, false, '2026-03-04 12:14:51.390164+00', 'bffe4068-e6bc-482c-8f97-24d6b4f8808b', '2026-03-04 12:14:51.390164+00', NULL, true, NULL, false, 1, 'none', '2026-03-04 12:14:32.168+00', 'LAK', 'LAK', 'Culturel', 'd6c3e70a-d31f-4647-91e8-e12830d0c00d', NULL, NULL, false, 'confirmed', '2026-03-04', '2026-03-04'),
	('7d37c1b7-bc04-45da-8253-ed150bbea61d', '6db47d6b-6e2e-4886-a262-520a91854f4c', '6999585d-9607-47f0-a565-37786bfb67d9', 'expense', 50, 'THB', 'Sorties', 'Bière', '2026-02-12', '2026-02-12', true, false, false, '2026-02-12 12:11:43.848183+00', 'bffe4068-e6bc-482c-8f97-24d6b4f8808b', '2026-02-25 16:06:32.535+00', NULL, true, NULL, false, 1, 'none', '2026-02-25 16:06:32.535+00', 'THB', 'THB', 'Fête', 'd6c3e70a-d31f-4647-91e8-e12830d0c00d', NULL, NULL, false, 'confirmed', '2026-02-12', '2026-02-12'),
	('a0b27b09-4adb-4e68-8b99-d011d370403e', '6db47d6b-6e2e-4886-a262-520a91854f4c', '64de2c12-6e64-4fdd-9ec6-184c956dcb38', 'expense', 77000, 'LAK', 'Repas', 'Petit Dejeuner', '2026-03-15', '2026-03-15', true, false, false, '2026-03-15 02:47:25.802241+00', 'bffe4068-e6bc-482c-8f97-24d6b4f8808b', '2026-03-15 02:47:25.802241+00', NULL, true, NULL, false, 1, 'none', '2026-03-15 02:47:24.405+00', 'LAK', 'LAK', 'Petit-déjeuner', 'd6c3e70a-d31f-4647-91e8-e12830d0c00d', NULL, NULL, false, 'confirmed', '2026-03-15', '2026-03-15'),
	('38b860e4-abb4-423d-acb1-b283c2b425bd', '6db47d6b-6e2e-4886-a262-520a91854f4c', '6999585d-9607-47f0-a565-37786bfb67d9', 'expense', 110, 'THB', 'Repas', 'Petit Dejeuner', '2026-02-23', '2026-02-23', true, false, false, '2026-02-23 02:05:12.339497+00', 'bffe4068-e6bc-482c-8f97-24d6b4f8808b', '2026-02-23 02:05:12.339497+00', NULL, true, NULL, false, 1, 'none', '2026-02-25 15:51:18.001+00', 'THB', 'THB', 'Petit-déjeuner', 'd6c3e70a-d31f-4647-91e8-e12830d0c00d', NULL, NULL, false, 'confirmed', '2026-02-23', '2026-02-23'),
	('6e622a37-6ae8-4f60-95b1-5f9a96d8d843', '6db47d6b-6e2e-4886-a262-520a91854f4c', '6999585d-9607-47f0-a565-37786bfb67d9', 'expense', 270, 'THB', 'Repas', 'Repas', '2026-02-16', '2026-02-16', true, false, false, '2026-02-16 09:41:33.546131+00', 'bffe4068-e6bc-482c-8f97-24d6b4f8808b', '2026-02-16 09:41:33.546131+00', NULL, true, NULL, false, 1, 'none', '2026-02-25 15:51:12.453+00', 'THB', 'THB', 'Déjeuner', 'd6c3e70a-d31f-4647-91e8-e12830d0c00d', NULL, NULL, false, 'confirmed', '2026-02-16', '2026-02-16'),
	('b8648708-0a35-4f20-a4e8-b381b046a8cd', '6db47d6b-6e2e-4886-a262-520a91854f4c', '6999585d-9607-47f0-a565-37786bfb67d9', 'expense', 231, 'THB', 'Transport', 'Grab Auberge to Terminal de bus', '2026-02-10', '2026-02-10', true, false, false, '2026-02-12 09:35:34.269816+00', 'bffe4068-e6bc-482c-8f97-24d6b4f8808b', '2026-03-18 11:43:48.055+00', NULL, true, NULL, false, 1, 'none', '2026-02-25 16:06:31.201+00', 'THB', 'THB', 'Taxi / VTC', 'd6c3e70a-d31f-4647-91e8-e12830d0c00d', NULL, NULL, false, 'confirmed', '2026-02-10', '2026-02-10'),
	('7d56672e-ca8f-40d3-bdeb-ad7a795b793f', '6db47d6b-6e2e-4886-a262-520a91854f4c', '64de2c12-6e64-4fdd-9ec6-184c956dcb38', 'expense', 15000, 'LAK', 'Course', 'Course', '2026-03-15', '2026-03-15', true, false, false, '2026-03-15 05:29:19.517679+00', 'bffe4068-e6bc-482c-8f97-24d6b4f8808b', '2026-03-15 05:29:19.517679+00', NULL, true, NULL, false, 1, 'none', '2026-03-15 05:29:17.748+00', 'LAK', 'LAK', 'Supermarché', 'd6c3e70a-d31f-4647-91e8-e12830d0c00d', NULL, NULL, false, 'confirmed', '2026-03-15', '2026-03-15'),
	('b4375104-4b09-42f4-a596-cf9b4e885959', 'b63f45f3-fc01-4714-8cc4-a09ab49e18c7', 'a34b80ed-1711-4205-8a7c-14e0e55eab93', 'expense', 12, 'THB', 'Sorties', 'Assurance', '2026-05-15', '2026-05-15', false, false, false, '2026-03-15 07:52:09.861001+00', 'a17d77d8-2eb6-4e75-8622-55fa4a7de8dd', '2026-03-15 08:43:01.133+00', NULL, true, NULL, false, NULL, NULL, '2026-03-15 07:52:09.861001+00', NULL, NULL, 'Culturel', 'dd97e3e5-77b8-44e8-bcca-9dabb6fbc06d', '73765ca0-70d2-44c6-a63e-8c4a31f6dcac', '2026-05-15', true, 'generated', '2026-05-15', '2026-05-15'),
	('ede5d5ab-5a28-4a9c-a34a-a052cc290502', 'b63f45f3-fc01-4714-8cc4-a09ab49e18c7', 'a34b80ed-1711-4205-8a7c-14e0e55eab93', 'expense', 12, 'THB', 'Sorties', 'Assurance', '2026-06-15', '2026-06-15', false, false, false, '2026-03-15 07:52:09.861001+00', 'a17d77d8-2eb6-4e75-8622-55fa4a7de8dd', '2026-03-15 08:43:01.133+00', NULL, true, NULL, false, NULL, NULL, '2026-03-15 07:52:09.861001+00', NULL, NULL, 'Culturel', 'dd97e3e5-77b8-44e8-bcca-9dabb6fbc06d', '73765ca0-70d2-44c6-a63e-8c4a31f6dcac', '2026-06-15', true, 'generated', '2026-06-15', '2026-06-15'),
	('aaef320c-f936-4cd4-9ce4-90848de9e33c', 'b63f45f3-fc01-4714-8cc4-a09ab49e18c7', 'a34b80ed-1711-4205-8a7c-14e0e55eab93', 'expense', 12, 'THB', 'Sorties', 'Assurance', '2026-07-15', '2026-07-15', false, false, false, '2026-03-15 07:52:09.861001+00', 'a17d77d8-2eb6-4e75-8622-55fa4a7de8dd', '2026-03-15 08:43:01.133+00', NULL, true, NULL, false, NULL, NULL, '2026-03-15 07:52:09.861001+00', NULL, NULL, 'Culturel', 'dd97e3e5-77b8-44e8-bcca-9dabb6fbc06d', '73765ca0-70d2-44c6-a63e-8c4a31f6dcac', '2026-07-15', true, 'generated', '2026-07-15', '2026-07-15'),
	('c3e6cf10-0132-4428-bbc1-dc16fb173ac4', 'b63f45f3-fc01-4714-8cc4-a09ab49e18c7', 'a34b80ed-1711-4205-8a7c-14e0e55eab93', 'expense', 12, 'THB', 'Sorties', 'Assurance', '2026-08-15', '2026-08-15', false, false, false, '2026-03-15 07:52:09.861001+00', 'a17d77d8-2eb6-4e75-8622-55fa4a7de8dd', '2026-03-15 08:43:01.133+00', NULL, true, NULL, false, NULL, NULL, '2026-03-15 07:52:09.861001+00', NULL, NULL, 'Culturel', 'dd97e3e5-77b8-44e8-bcca-9dabb6fbc06d', '73765ca0-70d2-44c6-a63e-8c4a31f6dcac', '2026-08-15', true, 'generated', '2026-08-15', '2026-08-15'),
	('a4b0278e-de52-4c0e-9495-a563ea8fcc9a', '6db47d6b-6e2e-4886-a262-520a91854f4c', '64de2c12-6e64-4fdd-9ec6-184c956dcb38', 'expense', 55000, 'LAK', 'Repas', 'Repas', '2026-03-15', '2026-03-15', true, false, false, '2026-03-15 12:47:37.814456+00', 'bffe4068-e6bc-482c-8f97-24d6b4f8808b', '2026-03-15 21:12:29.651+00', NULL, true, NULL, false, 1, 'none', '2026-03-15 12:47:37.259+00', 'LAK', 'LAK', 'Dîner', 'd6c3e70a-d31f-4647-91e8-e12830d0c00d', NULL, NULL, false, 'confirmed', '2026-03-15', '2026-03-15'),
	('6a834005-7abd-4ca7-93fc-c487eb2c7007', '6db47d6b-6e2e-4886-a262-520a91854f4c', '0b8895e4-f4cb-4571-89ae-9a7afd42e7e0', 'expense', 10000, 'VND', 'Course', 'Course', '2026-03-18', '2026-03-18', true, false, false, '2026-03-18 14:17:39.618114+00', 'bffe4068-e6bc-482c-8f97-24d6b4f8808b', '2026-03-18 14:17:39.618114+00', NULL, true, NULL, false, 1, 'none', '2026-03-18 14:17:35.308+00', 'VND', 'VND', 'Eau', 'd6c3e70a-d31f-4647-91e8-e12830d0c00d', NULL, NULL, false, 'confirmed', '2026-03-18', '2026-03-18'),
	('13ab7131-2074-418f-9e05-67aca161f567', '6db47d6b-6e2e-4886-a262-520a91854f4c', '4e2f798d-caa6-4134-9da1-57097cc07265', 'expense', 1.99, 'EUR', 'Abonnement/Mobile', 'Google', '2026-03-18', '2026-03-18', true, false, false, '2026-03-19 07:23:44.789437+00', 'bffe4068-e6bc-482c-8f97-24d6b4f8808b', '2026-03-19 07:23:44.789437+00', NULL, true, NULL, false, 30303.03, 'fx', '2026-03-19 07:23:43.861+00', 'VND', 'EUR', 'Abonnement app', 'd6c3e70a-d31f-4647-91e8-e12830d0c00d', NULL, NULL, false, 'confirmed', '2026-03-18', '2026-03-18'),
	('488573e3-df8e-4bea-9e8a-c72471a52d4d', '6db47d6b-6e2e-4886-a262-520a91854f4c', '0b8895e4-f4cb-4571-89ae-9a7afd42e7e0', 'expense', 101000, 'VND', 'Repas', 'Repas', '2026-03-20', '2026-03-20', true, false, false, '2026-03-20 09:49:20.929474+00', 'bffe4068-e6bc-482c-8f97-24d6b4f8808b', '2026-03-20 09:49:20.929474+00', NULL, true, NULL, false, 1, 'none', '2026-03-20 09:49:19.524+00', 'VND', 'VND', 'Déjeuner', 'd6c3e70a-d31f-4647-91e8-e12830d0c00d', NULL, NULL, false, 'confirmed', '2026-03-20', '2026-03-20'),
	('a78202fa-c1d8-4015-a0b4-56bca20f2b87', '6db47d6b-6e2e-4886-a262-520a91854f4c', '4e2f798d-caa6-4134-9da1-57097cc07265', 'expense', 33.16, 'EUR', 'Transport Internationale', 'Transport to Vietnam', '2026-03-15', '2026-03-15', true, false, true, '2026-03-14 01:07:36.709816+00', 'bffe4068-e6bc-482c-8f97-24d6b4f8808b', '2026-03-24 02:47:06.456+00', NULL, false, NULL, false, 24743.63, 'fx', '2026-03-14 01:07:36.411+00', 'LAK', 'EUR', 'Bus international', 'd6c3e70a-d31f-4647-91e8-e12830d0c00d', NULL, NULL, false, 'confirmed', '2026-03-15', '2026-03-15'),
	('9c1e5e53-46ef-4597-a8e5-910f0b654d79', '6db47d6b-6e2e-4886-a262-520a91854f4c', '0b8895e4-f4cb-4571-89ae-9a7afd42e7e0', 'expense', 200000, 'VND', 'Repas', 'Grosse faim', '2026-03-21', '2026-03-21', true, false, false, '2026-03-21 09:28:49.546632+00', 'bffe4068-e6bc-482c-8f97-24d6b4f8808b', '2026-03-21 09:28:49.546632+00', NULL, true, NULL, false, 1, 'none', '2026-03-21 09:28:48.862+00', 'VND', 'VND', 'Déjeuner', 'd6c3e70a-d31f-4647-91e8-e12830d0c00d', NULL, NULL, false, 'confirmed', '2026-03-21', '2026-03-21'),
	('4b5388ab-6ca3-4b88-9510-d302affae42b', '6db47d6b-6e2e-4886-a262-520a91854f4c', '0b8895e4-f4cb-4571-89ae-9a7afd42e7e0', 'expense', 300000, 'VND', 'Souvenir', 'Souvenir', '2026-03-17', '2026-03-17', true, false, false, '2026-03-17 04:44:39.096049+00', 'bffe4068-e6bc-482c-8f97-24d6b4f8808b', '2026-03-17 04:44:39.096049+00', NULL, true, NULL, false, 1, 'none', '2026-03-17 04:44:38.405+00', 'VND', 'VND', 'Artisanat', 'd6c3e70a-d31f-4647-91e8-e12830d0c00d', NULL, NULL, false, 'confirmed', '2026-03-17', '2026-03-17'),
	('714e5573-9efc-4fa8-90ce-28c7eff2af3e', '6db47d6b-6e2e-4886-a262-520a91854f4c', '0b8895e4-f4cb-4571-89ae-9a7afd42e7e0', 'expense', 70000, 'VND', 'Sorties', 'Sorties', '2026-03-17', '2026-03-17', true, false, false, '2026-03-18 06:46:23.682812+00', 'bffe4068-e6bc-482c-8f97-24d6b4f8808b', '2026-03-18 06:46:23.682812+00', NULL, true, NULL, false, 1, 'none', '2026-03-18 06:46:22.826+00', 'VND', 'VND', 'Verre', 'd6c3e70a-d31f-4647-91e8-e12830d0c00d', NULL, NULL, false, 'confirmed', '2026-03-17', '2026-03-17'),
	('8c38cc8a-dc96-438a-9c00-33ad0a17de39', '6db47d6b-6e2e-4886-a262-520a91854f4c', '64de2c12-6e64-4fdd-9ec6-184c956dcb38', 'expense', 230000, 'LAK', 'Repas', 'Diner', '2026-03-14', '2026-03-14', true, false, false, '2026-03-15 02:47:39.358297+00', 'bffe4068-e6bc-482c-8f97-24d6b4f8808b', '2026-03-15 02:47:39.358297+00', NULL, true, NULL, false, 1, 'none', '2026-03-15 02:47:38.101+00', 'LAK', 'LAK', 'Dîner', 'd6c3e70a-d31f-4647-91e8-e12830d0c00d', NULL, NULL, false, 'confirmed', '2026-03-14', '2026-03-14'),
	('acef158d-3e30-4990-8afe-166e52b1b939', '6db47d6b-6e2e-4886-a262-520a91854f4c', '64de2c12-6e64-4fdd-9ec6-184c956dcb38', 'expense', 56000, 'LAK', 'Repas', 'Diner', '2026-03-03', '2026-03-03', true, false, false, '2026-03-03 12:24:55.580472+00', 'bffe4068-e6bc-482c-8f97-24d6b4f8808b', '2026-03-03 12:24:55.580472+00', NULL, true, NULL, false, 1, 'none', '2026-03-03 12:24:53.896+00', 'LAK', 'LAK', 'Dîner', 'd6c3e70a-d31f-4647-91e8-e12830d0c00d', NULL, NULL, false, 'confirmed', '2026-03-03', '2026-03-03'),
	('3a3cc84a-5fe2-4b57-9cae-caac65f51d31', '6db47d6b-6e2e-4886-a262-520a91854f4c', '64de2c12-6e64-4fdd-9ec6-184c956dcb38', 'expense', 10000, 'LAK', 'Sorties', 'Visite cave', '2026-03-14', '2026-03-14', true, false, false, '2026-03-14 02:32:24.597392+00', 'bffe4068-e6bc-482c-8f97-24d6b4f8808b', '2026-03-14 02:32:24.597392+00', NULL, true, NULL, false, 1, 'none', '2026-03-14 02:32:23.866+00', 'LAK', 'LAK', 'Culturel', 'd6c3e70a-d31f-4647-91e8-e12830d0c00d', NULL, NULL, false, 'confirmed', '2026-03-14', '2026-03-14'),
	('ad7b7c29-3348-440a-af97-c06f78f284b8', '6db47d6b-6e2e-4886-a262-520a91854f4c', '64de2c12-6e64-4fdd-9ec6-184c956dcb38', 'expense', 35000, 'LAK', 'Sorties', 'Bière', '2026-03-11', '2026-03-11', true, false, false, '2026-03-11 13:34:17.489092+00', 'bffe4068-e6bc-482c-8f97-24d6b4f8808b', '2026-03-11 13:34:17.489092+00', NULL, true, NULL, false, 1, 'none', '2026-03-11 13:34:17.611+00', 'LAK', 'LAK', 'Fête', 'd6c3e70a-d31f-4647-91e8-e12830d0c00d', NULL, NULL, false, 'confirmed', '2026-03-11', '2026-03-11'),
	('0297afff-c05c-4e86-b29d-67dc6eeda836', '6db47d6b-6e2e-4886-a262-520a91854f4c', '64de2c12-6e64-4fdd-9ec6-184c956dcb38', 'expense', 106000, 'LAK', 'Repas', 'Petit Dejeuner', '2026-03-13', '2026-03-13', true, false, false, '2026-03-13 06:47:42.896411+00', 'bffe4068-e6bc-482c-8f97-24d6b4f8808b', '2026-03-13 06:47:42.896411+00', NULL, true, NULL, false, 1, 'none', '2026-03-13 06:47:42.275+00', 'LAK', 'LAK', 'Petit-déjeuner', 'd6c3e70a-d31f-4647-91e8-e12830d0c00d', NULL, NULL, false, 'confirmed', '2026-03-13', '2026-03-13'),
	('5780190a-c1ac-475b-86a2-f31a88835318', '6db47d6b-6e2e-4886-a262-520a91854f4c', '64de2c12-6e64-4fdd-9ec6-184c956dcb38', 'expense', 33000, 'LAK', 'Repas', 'Café', '2026-03-15', '2026-03-15', true, false, false, '2026-03-15 06:29:23.668961+00', 'bffe4068-e6bc-482c-8f97-24d6b4f8808b', '2026-03-15 06:29:23.668961+00', NULL, true, NULL, false, 1, 'none', '2026-03-15 06:29:20.435+00', 'LAK', 'LAK', 'Café', 'd6c3e70a-d31f-4647-91e8-e12830d0c00d', NULL, NULL, false, 'confirmed', '2026-03-15', '2026-03-15'),
	('cf4956ed-9e56-47c9-9cc1-7f6b7dfc532c', '6db47d6b-6e2e-4886-a262-520a91854f4c', '64de2c12-6e64-4fdd-9ec6-184c956dcb38', 'expense', 16000, 'LAK', 'Santé', 'Santé', '2026-03-14', '2026-03-14', true, false, false, '2026-03-14 02:32:32.070407+00', 'bffe4068-e6bc-482c-8f97-24d6b4f8808b', '2026-03-18 11:50:09.521+00', NULL, true, NULL, false, 1, 'none', '2026-03-14 02:32:31.736+00', 'LAK', 'LAK', 'Hygiène', 'd6c3e70a-d31f-4647-91e8-e12830d0c00d', NULL, NULL, false, 'confirmed', '2026-03-14', '2026-03-14'),
	('acf4e48e-1202-46a1-b74a-54bfc0bd4488', '6db47d6b-6e2e-4886-a262-520a91854f4c', '4e2f798d-caa6-4134-9da1-57097cc07265', 'expense', 61.69, 'EUR', 'Mouvement interne', 'Retrait 2000 BAT', '2026-03-01', '2026-03-01', true, true, false, '2026-03-01 06:26:35.90798+00', 'bffe4068-e6bc-482c-8f97-24d6b4f8808b', '2026-03-01 06:26:35.90798+00', NULL, true, NULL, false, 36.696, 'fx', '2026-03-01 06:26:33.67+00', 'THB', 'EUR', 'Retrait', 'd6c3e70a-d31f-4647-91e8-e12830d0c00d', NULL, NULL, false, 'confirmed', '2026-03-01', '2026-03-01'),
	('90636087-5395-4deb-a1a2-bd7ce4aec6a1', '6db47d6b-6e2e-4886-a262-520a91854f4c', '73d2ed75-3bd8-44fd-b907-17ecee6b2231', 'expense', 760, 'JPY', 'Souvenir', 'Patch Hiroshima', '2026-04-17', '2026-04-17', true, false, false, '2026-04-17 07:06:48.976695+00', 'bffe4068-e6bc-482c-8f97-24d6b4f8808b', '2026-04-17 07:06:48.976695+00', NULL, true, NULL, false, 1, 'none', '2026-04-17 07:06:47.598+00', 'JPY', 'JPY', 'Artisanat', 'd6c3e70a-d31f-4647-91e8-e12830d0c00d', NULL, NULL, false, 'confirmed', '2026-04-17', '2026-04-17'),
	('96a9d527-4a51-483a-842c-2694853bb8ad', '6db47d6b-6e2e-4886-a262-520a91854f4c', '4e2f798d-caa6-4134-9da1-57097cc07265', 'expense', 8.68, 'EUR', 'Projet Personnel', 'Netlify', '2026-03-22', '2026-03-22', true, true, false, '2026-03-22 03:46:05.21479+00', 'bffe4068-e6bc-482c-8f97-24d6b4f8808b', '2026-03-22 03:48:03.802+00', NULL, true, NULL, false, 30303.03, 'fx', '2026-03-22 03:46:01.201+00', 'VND', 'EUR', 'Abonnement', 'd6c3e70a-d31f-4647-91e8-e12830d0c00d', NULL, NULL, false, 'confirmed', '2026-03-22', '2026-03-22'),
	('c59a241c-edfa-4f63-b078-fb5809ab0cb0', '6db47d6b-6e2e-4886-a262-520a91854f4c', '4e2f798d-caa6-4134-9da1-57097cc07265', 'expense', 8.39, 'EUR', 'Transport', 'Retour Grab velo', '2026-03-22', '2026-03-22', true, false, false, '2026-03-22 13:41:20.246442+00', 'bffe4068-e6bc-482c-8f97-24d6b4f8808b', '2026-03-22 13:41:20.246442+00', NULL, true, NULL, false, 30303.03, 'fx', '2026-03-22 13:41:19.124+00', 'VND', 'EUR', 'Taxi / VTC', 'd6c3e70a-d31f-4647-91e8-e12830d0c00d', NULL, NULL, false, 'confirmed', '2026-03-22', '2026-03-22'),
	('6b220ba7-ebc4-4586-964e-acf386debe03', '6db47d6b-6e2e-4886-a262-520a91854f4c', '0b8895e4-f4cb-4571-89ae-9a7afd42e7e0', 'expense', 168000, 'VND', 'Logement', 'Auberge Ninh Binh', '2026-03-21', '2026-03-22', true, false, false, '2026-03-21 00:50:23.330464+00', 'bffe4068-e6bc-482c-8f97-24d6b4f8808b', '2026-03-23 03:07:27.355+00', NULL, true, NULL, false, 1, 'none', '2026-03-21 00:50:21.944+00', 'VND', 'VND', NULL, 'd6c3e70a-d31f-4647-91e8-e12830d0c00d', NULL, NULL, false, 'confirmed', '2026-03-21', '2026-03-22'),
	('75ed56e4-c5dc-4d46-b22d-617e5aa15328', '6db47d6b-6e2e-4886-a262-520a91854f4c', '4e2f798d-caa6-4134-9da1-57097cc07265', 'expense', 1.75, 'EUR', 'Transport', 'Transport', '2026-03-23', '2026-03-23', true, false, false, '2026-03-23 10:21:15.937653+00', 'bffe4068-e6bc-482c-8f97-24d6b4f8808b', '2026-03-23 10:21:15.937653+00', NULL, true, NULL, false, 30303.03, 'fx', '2026-03-23 10:21:13.782+00', 'VND', 'EUR', 'Taxi / VTC', 'd6c3e70a-d31f-4647-91e8-e12830d0c00d', NULL, NULL, false, 'confirmed', '2026-03-23', '2026-03-23'),
	('45009cd3-b7aa-473d-b46a-ce4c06bde6ed', '6db47d6b-6e2e-4886-a262-520a91854f4c', '0b8895e4-f4cb-4571-89ae-9a7afd42e7e0', 'expense', 900000, 'VND', 'Sorties', 'Massage', '2026-03-16', '2026-03-16', true, false, false, '2026-03-16 10:00:40.324494+00', 'bffe4068-e6bc-482c-8f97-24d6b4f8808b', '2026-03-24 03:09:54.725+00', NULL, true, NULL, false, 1, 'none', '2026-03-16 10:00:39.417+00', 'VND', 'VND', 'Sportive', 'd6c3e70a-d31f-4647-91e8-e12830d0c00d', NULL, NULL, false, 'confirmed', '2026-03-16', '2026-03-16'),
	('90dc1dac-fbba-404b-8e0e-ef21abca0e4f', '6db47d6b-6e2e-4886-a262-520a91854f4c', '0b8895e4-f4cb-4571-89ae-9a7afd42e7e0', 'income', 500000, 'VND', 'Mouvement interne', 'Mouvement interne', '2026-03-24', '2026-03-24', true, true, false, '2026-03-24 05:49:58.850012+00', 'bffe4068-e6bc-482c-8f97-24d6b4f8808b', '2026-03-24 05:51:06.477+00', NULL, true, NULL, false, 1, 'none', '2026-03-24 05:49:57.939+00', 'VND', 'VND', 'Retrait', 'd6c3e70a-d31f-4647-91e8-e12830d0c00d', NULL, NULL, false, 'confirmed', '2026-03-24', '2026-03-24'),
	('a079746f-76de-45f9-8404-24799a1cda14', '6db47d6b-6e2e-4886-a262-520a91854f4c', '0b8895e4-f4cb-4571-89ae-9a7afd42e7e0', 'expense', 50000, 'VND', 'Sorties', 'Sorties', '2026-03-24', '2026-03-24', true, false, false, '2026-03-24 13:24:24.449841+00', 'bffe4068-e6bc-482c-8f97-24d6b4f8808b', '2026-03-24 13:24:24.449841+00', NULL, true, NULL, false, 1, 'none', '2026-03-24 13:24:22.287+00', 'VND', 'VND', 'Culturel', 'd6c3e70a-d31f-4647-91e8-e12830d0c00d', NULL, NULL, false, 'confirmed', '2026-03-24', '2026-03-24'),
	('3cc2dcd5-299a-4317-8a5e-d47efc28369f', '6db47d6b-6e2e-4886-a262-520a91854f4c', '6e21e00c-8e67-4878-a2d3-6bb3bb1c6ec5', 'expense', 300, 'EUR', 'Mouvement interne', 'Mouvement interne', '2026-03-24', '2026-03-24', true, true, false, '2026-03-24 13:33:30.977191+00', 'bffe4068-e6bc-482c-8f97-24d6b4f8808b', '2026-03-24 13:33:58.617+00', NULL, true, NULL, false, 30523.91, 'fx', '2026-03-24 13:33:27.816+00', 'VND', 'EUR', 'Virement', 'd6c3e70a-d31f-4647-91e8-e12830d0c00d', NULL, NULL, false, 'confirmed', '2026-03-24', '2026-03-24'),
	('2de45a57-43e6-4e90-b6e9-a34ed0c96932', '6db47d6b-6e2e-4886-a262-520a91854f4c', '6e21e00c-8e67-4878-a2d3-6bb3bb1c6ec5', 'expense', 2, 'EUR', 'Abonnement/Mobile', 'eSim Free', '2026-06-05', '2026-06-05', false, false, false, '2026-03-15 04:30:17.051617+00', 'bffe4068-e6bc-482c-8f97-24d6b4f8808b', '2026-03-18 13:33:11.683+00', NULL, true, NULL, false, NULL, NULL, '2026-03-15 04:30:17.051617+00', NULL, NULL, 'Forfait mobile', 'd6c3e70a-d31f-4647-91e8-e12830d0c00d', '4014eb18-4435-4254-8ddd-768f39731833', '2026-06-05', true, 'generated', '2026-06-05', '2026-06-05'),
	('e3852c11-7a4d-4628-b4c7-b07c32d67ee4', '6db47d6b-6e2e-4886-a262-520a91854f4c', '6e21e00c-8e67-4878-a2d3-6bb3bb1c6ec5', 'expense', 2, 'EUR', 'Abonnement/Mobile', 'eSim Free', '2026-07-05', '2026-07-05', false, false, false, '2026-03-15 04:30:17.051617+00', 'bffe4068-e6bc-482c-8f97-24d6b4f8808b', '2026-03-18 13:33:11.683+00', NULL, true, NULL, false, NULL, NULL, '2026-03-15 04:30:17.051617+00', NULL, NULL, 'Forfait mobile', 'd6c3e70a-d31f-4647-91e8-e12830d0c00d', '4014eb18-4435-4254-8ddd-768f39731833', '2026-07-05', true, 'generated', '2026-07-05', '2026-07-05'),
	('c8ae44f1-051a-4c4e-bc31-a95e81142526', '6db47d6b-6e2e-4886-a262-520a91854f4c', '6e21e00c-8e67-4878-a2d3-6bb3bb1c6ec5', 'expense', 2, 'EUR', 'Abonnement/Mobile', 'eSim Free', '2026-08-05', '2026-08-05', false, false, false, '2026-03-15 04:30:17.051617+00', 'bffe4068-e6bc-482c-8f97-24d6b4f8808b', '2026-03-18 13:33:11.683+00', NULL, true, NULL, false, NULL, NULL, '2026-03-15 04:30:17.051617+00', NULL, NULL, 'Forfait mobile', 'd6c3e70a-d31f-4647-91e8-e12830d0c00d', '4014eb18-4435-4254-8ddd-768f39731833', '2026-08-05', true, 'generated', '2026-08-05', '2026-08-05'),
	('a60a9573-ae01-4715-80aa-de6bbcec4e86', '6db47d6b-6e2e-4886-a262-520a91854f4c', '6e21e00c-8e67-4878-a2d3-6bb3bb1c6ec5', 'expense', 2, 'EUR', 'Abonnement/Mobile', 'eSim Free', '2026-09-05', '2026-09-05', false, false, false, '2026-03-15 04:30:17.051617+00', 'bffe4068-e6bc-482c-8f97-24d6b4f8808b', '2026-03-18 13:33:11.683+00', NULL, true, NULL, false, NULL, NULL, '2026-03-15 04:30:17.051617+00', NULL, NULL, 'Forfait mobile', 'd6c3e70a-d31f-4647-91e8-e12830d0c00d', '4014eb18-4435-4254-8ddd-768f39731833', '2026-09-05', true, 'generated', '2026-09-05', '2026-09-05'),
	('70bbd644-a81a-4a78-9c02-22f5178bb859', '6db47d6b-6e2e-4886-a262-520a91854f4c', '4e2f798d-caa6-4134-9da1-57097cc07265', 'expense', 0.3, 'EUR', 'Repas', '[Trip] Grab', '2026-03-17', '2026-03-17', false, false, false, '2026-03-17 04:49:22.715019+00', 'bffe4068-e6bc-482c-8f97-24d6b4f8808b', '2026-03-17 04:49:22.715019+00', NULL, true, NULL, true, 30143.33, 'fx', '2026-03-17 04:49:22.315+00', 'VND', 'EUR', NULL, 'd6c3e70a-d31f-4647-91e8-e12830d0c00d', NULL, NULL, false, 'confirmed', '2026-03-17', '2026-03-17'),
	('0f53d992-8119-485e-b955-54c2a1eba7ef', '6db47d6b-6e2e-4886-a262-520a91854f4c', '0b8895e4-f4cb-4571-89ae-9a7afd42e7e0', 'expense', 300000, 'VND', 'Sorties', 'Sorties', '2026-03-17', '2026-03-17', true, false, false, '2026-03-18 06:46:52.718192+00', 'bffe4068-e6bc-482c-8f97-24d6b4f8808b', '2026-03-18 06:46:52.718192+00', NULL, true, NULL, false, 1, 'none', '2026-03-18 06:46:52.544+00', 'VND', 'VND', 'Fête', 'd6c3e70a-d31f-4647-91e8-e12830d0c00d', NULL, NULL, false, 'confirmed', '2026-03-17', '2026-03-17'),
	('0969fa39-5be4-4355-9eae-d225ccafd8df', '6db47d6b-6e2e-4886-a262-520a91854f4c', '64de2c12-6e64-4fdd-9ec6-184c956dcb38', 'expense', 86000, 'LAK', 'Repas', 'Diner', '2026-03-11', '2026-03-11', true, false, false, '2026-03-11 13:34:32.875299+00', 'bffe4068-e6bc-482c-8f97-24d6b4f8808b', '2026-03-11 13:34:32.875299+00', NULL, true, NULL, false, 1, 'none', '2026-03-11 13:34:33.023+00', 'LAK', 'LAK', 'Dîner', 'd6c3e70a-d31f-4647-91e8-e12830d0c00d', NULL, NULL, false, 'confirmed', '2026-03-11', '2026-03-11'),
	('a8511137-e675-4195-bcc0-e25b0c5e4edc', '6db47d6b-6e2e-4886-a262-520a91854f4c', '6999585d-9607-47f0-a565-37786bfb67d9', 'expense', 266, 'THB', 'Repas', 'Diner', '2026-03-01', '2026-03-01', true, false, false, '2026-03-01 22:10:02.988822+00', 'bffe4068-e6bc-482c-8f97-24d6b4f8808b', '2026-03-01 22:10:02.988822+00', NULL, true, NULL, false, 1, 'none', '2026-03-01 22:10:01.81+00', 'THB', 'THB', 'Dîner', 'd6c3e70a-d31f-4647-91e8-e12830d0c00d', NULL, NULL, false, 'confirmed', '2026-03-01', '2026-03-01'),
	('dda4d617-8982-4133-85e0-a6c32b839fa8', '6db47d6b-6e2e-4886-a262-520a91854f4c', '64de2c12-6e64-4fdd-9ec6-184c956dcb38', 'expense', 20000, 'LAK', 'Sorties', 'Visite cave x2', '2026-03-14', '2026-03-14', true, false, false, '2026-03-14 05:27:01.010008+00', 'bffe4068-e6bc-482c-8f97-24d6b4f8808b', '2026-03-14 05:27:01.010008+00', NULL, true, NULL, false, 1, 'none', '2026-03-14 05:26:59.649+00', 'LAK', 'LAK', 'Culturel', 'd6c3e70a-d31f-4647-91e8-e12830d0c00d', NULL, NULL, false, 'confirmed', '2026-03-14', '2026-03-14'),
	('fa7a7ed0-79bf-48f5-b10d-ac4f3e8452a9', 'b63f45f3-fc01-4714-8cc4-a09ab49e18c7', 'a34b80ed-1711-4205-8a7c-14e0e55eab93', 'expense', 1, 'THB', 'Transport', 'Rien', '2026-03-15', '2026-03-15', true, false, false, '2026-03-15 08:12:56.455456+00', 'a17d77d8-2eb6-4e75-8622-55fa4a7de8dd', '2026-03-15 09:03:37.89+00', NULL, true, NULL, false, 1, 'none', '2026-03-15 08:12:54.889+00', 'THB', 'THB', 'Taxi / VTC', 'dd97e3e5-77b8-44e8-bcca-9dabb6fbc06d', NULL, NULL, false, 'confirmed', '2026-03-15', '2026-03-15'),
	('b31dbe97-1eb8-49e0-b644-6d99bc652130', '6db47d6b-6e2e-4886-a262-520a91854f4c', '6e21e00c-8e67-4878-a2d3-6bb3bb1c6ec5', 'expense', 2, 'EUR', 'Abonnement/Mobile', 'eSim Free', '2026-10-05', '2026-10-05', false, false, false, '2026-03-15 04:30:17.051617+00', 'bffe4068-e6bc-482c-8f97-24d6b4f8808b', '2026-03-18 13:33:11.683+00', NULL, true, NULL, false, NULL, NULL, '2026-03-15 04:30:17.051617+00', NULL, NULL, 'Forfait mobile', 'd6c3e70a-d31f-4647-91e8-e12830d0c00d', '4014eb18-4435-4254-8ddd-768f39731833', '2026-10-05', true, 'generated', '2026-10-05', '2026-10-05'),
	('2ca87740-ed22-4d15-a5f9-e660b321ce24', '6db47d6b-6e2e-4886-a262-520a91854f4c', '6e21e00c-8e67-4878-a2d3-6bb3bb1c6ec5', 'expense', 2, 'EUR', 'Abonnement/Mobile', 'eSim Free', '2026-11-05', '2026-11-05', false, false, false, '2026-03-15 04:30:17.051617+00', 'bffe4068-e6bc-482c-8f97-24d6b4f8808b', '2026-03-18 13:33:11.683+00', NULL, true, NULL, false, NULL, NULL, '2026-03-15 04:30:17.051617+00', NULL, NULL, 'Forfait mobile', 'd6c3e70a-d31f-4647-91e8-e12830d0c00d', '4014eb18-4435-4254-8ddd-768f39731833', '2026-11-05', true, 'generated', '2026-11-05', '2026-11-05'),
	('545e46dc-d2a0-4069-a476-eab741aa56eb', '6db47d6b-6e2e-4886-a262-520a91854f4c', '64de2c12-6e64-4fdd-9ec6-184c956dcb38', 'expense', 710000, 'LAK', 'Mouvement interne', '710 LAK to 770 VND', '2026-03-16', '2026-03-16', true, true, false, '2026-03-15 21:13:53.954592+00', 'bffe4068-e6bc-482c-8f97-24d6b4f8808b', '2026-03-15 21:14:13.143+00', NULL, false, NULL, false, 1.227210862751181, 'fx', '2026-03-15 21:13:53.513+00', 'VND', 'LAK', 'Change devise', 'd6c3e70a-d31f-4647-91e8-e12830d0c00d', NULL, NULL, false, 'confirmed', '2026-03-16', '2026-03-16'),
	('4277e5e7-fee3-4d9f-a1c7-ac74e2948fbf', '6db47d6b-6e2e-4886-a262-520a91854f4c', '64de2c12-6e64-4fdd-9ec6-184c956dcb38', 'expense', 100000, 'LAK', 'Transport Internationale', 'Transport Internationale', '2026-03-16', '2026-03-16', true, false, false, '2026-03-15 21:13:28.745622+00', 'bffe4068-e6bc-482c-8f97-24d6b4f8808b', '2026-03-16 05:07:58.943+00', NULL, true, NULL, false, 1.227210862751181, 'fx', '2026-03-15 21:13:27.179+00', 'VND', 'LAK', 'Frontière / passage', 'd6c3e70a-d31f-4647-91e8-e12830d0c00d', NULL, NULL, false, 'confirmed', '2026-03-16', '2026-03-16'),
	('aa15ffd3-2ce0-4410-92ae-bb7860cf4e50', '6db47d6b-6e2e-4886-a262-520a91854f4c', '73d2ed75-3bd8-44fd-b907-17ecee6b2231', 'expense', 1450, 'JPY', 'Transport', '[Trip] Osaka to Kyoto', '2026-04-24', '2026-04-24', false, false, false, '2026-04-24 05:43:16.765748+00', 'bffe4068-e6bc-482c-8f97-24d6b4f8808b', '2026-04-24 05:43:16.765748+00', NULL, true, NULL, true, 1, 'none', '2026-04-24 05:43:15.566+00', 'JPY', 'JPY', 'Train local', 'd6c3e70a-d31f-4647-91e8-e12830d0c00d', NULL, NULL, false, 'confirmed', '2026-04-24', '2026-04-24'),
	('182ba581-b452-4293-90c4-5f0b54513ca8', '6db47d6b-6e2e-4886-a262-520a91854f4c', '73d2ed75-3bd8-44fd-b907-17ecee6b2231', 'expense', 4000, 'JPY', 'Repas', '[Trip] Avance - Izakaya', '2026-04-27', '2026-04-27', true, true, false, '2026-04-27 05:09:03.672006+00', 'bffe4068-e6bc-482c-8f97-24d6b4f8808b', '2026-04-27 05:09:03.672006+00', 'fa3d857f-66aa-46ba-9f51-c415af8f8272', false, NULL, false, 1, 'none', '2026-04-27 05:09:02.96+00', 'JPY', 'JPY', 'Déjeuner', 'd6c3e70a-d31f-4647-91e8-e12830d0c00d', NULL, NULL, false, 'confirmed', '2026-04-27', '2026-04-27'),
	('92eb4e3d-4d46-4fa7-8b4f-707655507893', '6db47d6b-6e2e-4886-a262-520a91854f4c', '73d2ed75-3bd8-44fd-b907-17ecee6b2231', 'expense', 2290, 'JPY', 'Repas', '[Trip] Restay Masa', '2026-04-29', '2026-04-29', false, false, false, '2026-04-29 06:06:21.96221+00', 'bffe4068-e6bc-482c-8f97-24d6b4f8808b', '2026-04-29 06:06:21.96221+00', NULL, true, NULL, true, 1, 'none', '2026-04-29 06:06:19.628+00', 'JPY', 'JPY', 'Déjeuner', 'd6c3e70a-d31f-4647-91e8-e12830d0c00d', NULL, NULL, false, 'confirmed', '2026-04-29', '2026-04-29'),
	('353f1fac-d1ee-47a8-bc5e-5574f1dc500a', '6db47d6b-6e2e-4886-a262-520a91854f4c', '4e2f798d-caa6-4134-9da1-57097cc07265', 'expense', 0.33, 'EUR', 'Ajustement wallet', 'Ajustement wallet — Carte MonaBanq (170,77 EUR → 170,44 EUR)', '2026-05-01', '2026-05-01', true, true, false, '2026-05-01 02:46:06.400637+00', 'bffe4068-e6bc-482c-8f97-24d6b4f8808b', '2026-05-01 02:46:06.400637+00', NULL, false, NULL, false, 183.21, 'fx', '2026-05-01 02:46:04.646+00', 'JPY', 'EUR', NULL, 'd6c3e70a-d31f-4647-91e8-e12830d0c00d', NULL, NULL, false, 'confirmed', '2026-05-01', '2026-05-01'),
	('0f1c0ffc-46e0-40f7-aaec-bb0cfeddc0c1', '6db47d6b-6e2e-4886-a262-520a91854f4c', '4e2f798d-caa6-4134-9da1-57097cc07265', 'expense', 1.8, 'EUR', 'Repas', '[Trip] Avance - Grab', '2026-03-17', '2026-03-17', true, true, false, '2026-03-17 04:49:18.875254+00', 'bffe4068-e6bc-482c-8f97-24d6b4f8808b', '2026-03-17 04:49:18.875254+00', 'd79d59e9-63f3-4220-853e-5452421e63ce', false, NULL, false, 30143.33, 'fx', '2026-03-17 04:49:17.927+00', 'VND', 'EUR', 'Déjeuner', 'd6c3e70a-d31f-4647-91e8-e12830d0c00d', NULL, NULL, false, 'confirmed', '2026-03-17', '2026-03-17'),
	('a0126de6-9a0d-4a62-9ca7-2266412121ab', '6db47d6b-6e2e-4886-a262-520a91854f4c', '4e2f798d-caa6-4134-9da1-57097cc07265', 'expense', 1.26, 'EUR', 'Logement', 'Auberge Hué', '2026-03-16', '2026-03-17', true, false, false, '2026-03-15 07:12:29.482137+00', 'bffe4068-e6bc-482c-8f97-24d6b4f8808b', '2026-03-15 07:12:29.482137+00', NULL, true, NULL, false, 30143.33, 'fx', '2026-03-15 07:12:27.782+00', 'VND', 'EUR', 'Auberge', 'd6c3e70a-d31f-4647-91e8-e12830d0c00d', NULL, NULL, false, 'confirmed', '2026-03-16', '2026-03-17'),
	('25661f32-f2b4-4652-99cb-367a883df243', '6db47d6b-6e2e-4886-a262-520a91854f4c', '6e21e00c-8e67-4878-a2d3-6bb3bb1c6ec5', 'expense', 2, 'EUR', 'Abonnement/Mobile', 'eSim Free', '2026-12-05', '2026-12-05', false, false, false, '2026-03-15 04:30:17.051617+00', 'bffe4068-e6bc-482c-8f97-24d6b4f8808b', '2026-03-18 13:33:11.683+00', NULL, true, NULL, false, NULL, NULL, '2026-03-15 04:30:17.051617+00', NULL, NULL, 'Forfait mobile', 'd6c3e70a-d31f-4647-91e8-e12830d0c00d', '4014eb18-4435-4254-8ddd-768f39731833', '2026-12-05', true, 'generated', '2026-12-05', '2026-12-05'),
	('27b3dd81-d6cb-4424-a1bf-ec6ea5660e31', '6db47d6b-6e2e-4886-a262-520a91854f4c', '64de2c12-6e64-4fdd-9ec6-184c956dcb38', 'expense', 6000, 'LAK', 'Course', 'Eau', '2026-03-15', '2026-03-15', true, false, false, '2026-03-15 04:00:04.616568+00', 'bffe4068-e6bc-482c-8f97-24d6b4f8808b', '2026-03-15 04:00:04.616568+00', NULL, true, NULL, false, 1, 'none', '2026-03-15 04:00:01.607+00', 'LAK', 'LAK', 'Supermarché', 'd6c3e70a-d31f-4647-91e8-e12830d0c00d', NULL, NULL, false, 'confirmed', '2026-03-15', '2026-03-15'),
	('e544f5cc-954c-4e66-b7af-87d658a18a07', '6db47d6b-6e2e-4886-a262-520a91854f4c', '6999585d-9607-47f0-a565-37786bfb67d9', 'expense', 20, 'THB', 'Repas', '[Trip] Avance - Repas Paul', '2026-02-13', '2026-02-13', true, true, false, '2026-03-11 03:14:03.308056+00', 'bffe4068-e6bc-482c-8f97-24d6b4f8808b', '2026-03-18 11:55:20.199+00', '15965ddc-5ad8-48c8-8f9a-de566e324a65', false, NULL, false, 1, 'none', '2026-03-11 03:14:01.473+00', 'THB', 'THB', 'Snack', 'd6c3e70a-d31f-4647-91e8-e12830d0c00d', NULL, NULL, false, 'confirmed', '2026-02-13', '2026-02-13'),
	('f85a13b2-cd97-4920-b0ff-3293ee968fa0', '6db47d6b-6e2e-4886-a262-520a91854f4c', '4e2f798d-caa6-4134-9da1-57097cc07265', 'expense', 143.24, 'EUR', 'Mouvement interne', 'Retrait', '2026-02-18', '2026-02-18', true, true, false, '2026-02-18 07:25:23.13568+00', 'bffe4068-e6bc-482c-8f97-24d6b4f8808b', '2026-02-25 14:22:44.339+00', NULL, true, NULL, false, 36.573, 'ecb_or_manual', '2026-02-25 14:25:49.728296+00', 'THB', 'EUR', 'Retrait', 'd6c3e70a-d31f-4647-91e8-e12830d0c00d', NULL, NULL, false, 'confirmed', '2026-02-18', '2026-02-18'),
	('ae50dddc-fc8b-47ad-a627-daaad6ad1c56', '6db47d6b-6e2e-4886-a262-520a91854f4c', '6e21e00c-8e67-4878-a2d3-6bb3bb1c6ec5', 'expense', 2, 'EUR', 'Abonnement/Mobile', 'eSim Free', '2027-01-05', '2027-01-05', false, false, false, '2026-03-15 04:30:17.051617+00', 'bffe4068-e6bc-482c-8f97-24d6b4f8808b', '2026-03-18 13:33:11.683+00', NULL, true, NULL, false, NULL, NULL, '2026-03-15 04:30:17.051617+00', NULL, NULL, 'Forfait mobile', 'd6c3e70a-d31f-4647-91e8-e12830d0c00d', '4014eb18-4435-4254-8ddd-768f39731833', '2027-01-05', true, 'generated', '2027-01-05', '2027-01-05'),
	('a3a3add1-54eb-4f13-85d1-de784e9c1bb1', '6db47d6b-6e2e-4886-a262-520a91854f4c', '4e2f798d-caa6-4134-9da1-57097cc07265', 'expense', 4.45, 'EUR', 'Repas', 'Repas', '2026-03-18', '2026-03-18', true, false, false, '2026-03-18 14:18:40.401481+00', 'bffe4068-e6bc-482c-8f97-24d6b4f8808b', '2026-03-18 14:18:40.401481+00', NULL, true, NULL, false, 30303.03, 'fx', '2026-03-18 14:18:39.609+00', 'VND', 'EUR', 'Dîner', 'd6c3e70a-d31f-4647-91e8-e12830d0c00d', NULL, NULL, false, 'confirmed', '2026-03-18', '2026-03-18'),
	('915de732-8b3a-4125-8eb5-d12f39532646', '6db47d6b-6e2e-4886-a262-520a91854f4c', '64de2c12-6e64-4fdd-9ec6-184c956dcb38', 'expense', 60000, 'LAK', 'Repas', 'Repas', '2026-03-15', '2026-03-15', true, false, false, '2026-03-15 08:20:41.331266+00', 'bffe4068-e6bc-482c-8f97-24d6b4f8808b', '2026-03-15 09:17:22.602+00', NULL, true, NULL, false, 1, 'none', '2026-03-15 08:20:39.717+00', 'LAK', 'LAK', 'Déjeuner', 'd6c3e70a-d31f-4647-91e8-e12830d0c00d', NULL, NULL, false, 'confirmed', '2026-03-15', '2026-03-15'),
	('0f5b6c47-8995-4a81-a99f-58d096e68440', '6db47d6b-6e2e-4886-a262-520a91854f4c', '0b8895e4-f4cb-4571-89ae-9a7afd42e7e0', 'income', 770000, 'VND', 'Mouvement interne', '710 LAK to 770 VND', '2026-03-16', '2026-03-16', true, true, false, '2026-03-15 21:14:51.271029+00', 'bffe4068-e6bc-482c-8f97-24d6b4f8808b', '2026-03-15 21:14:51.271029+00', NULL, false, NULL, false, 1, 'none', '2026-03-15 21:14:50.834+00', 'VND', 'VND', 'Change devise', 'd6c3e70a-d31f-4647-91e8-e12830d0c00d', NULL, NULL, false, 'confirmed', '2026-03-16', '2026-03-16'),
	('7ff56756-b835-4811-82aa-72ebcc10c69a', '6db47d6b-6e2e-4886-a262-520a91854f4c', '0b8895e4-f4cb-4571-89ae-9a7afd42e7e0', 'expense', 200000, 'VND', 'Logement', 'Aubege Hué', '2026-03-16', '2026-03-17', true, false, false, '2026-03-15 07:14:54.117517+00', 'bffe4068-e6bc-482c-8f97-24d6b4f8808b', '2026-03-16 06:32:02.442+00', NULL, true, NULL, false, 1, 'none', '2026-03-15 07:14:51.917+00', 'VND', 'VND', 'Auberge', 'd6c3e70a-d31f-4647-91e8-e12830d0c00d', NULL, NULL, false, 'confirmed', '2026-03-16', '2026-03-17'),
	('3ada87d8-a070-408e-b3e2-43cb10dcd51c', '6db47d6b-6e2e-4886-a262-520a91854f4c', '4e2f798d-caa6-4134-9da1-57097cc07265', 'expense', 0.42, 'EUR', 'Transport', 'Transport', '2026-03-16', '2026-03-16', true, false, false, '2026-03-16 10:02:20.441742+00', 'bffe4068-e6bc-482c-8f97-24d6b4f8808b', '2026-03-16 10:02:20.441742+00', NULL, true, NULL, false, 30143.33, 'fx', '2026-03-16 10:02:19.611+00', 'VND', 'EUR', 'Taxi / VTC', 'd6c3e70a-d31f-4647-91e8-e12830d0c00d', NULL, NULL, false, 'confirmed', '2026-03-16', '2026-03-16'),
	('65db7609-24e0-425a-a176-24773fce791f', 'b63f45f3-fc01-4714-8cc4-a09ab49e18c7', '1bdfb2a3-bbfd-4c0b-a074-c824c8919688', 'income', 1000, 'EUR', 'Caution', 'Chômage', '2026-04-02', '2026-04-02', true, false, false, '2026-03-13 12:02:56.578144+00', 'a17d77d8-2eb6-4e75-8622-55fa4a7de8dd', '2026-03-13 13:34:47.821008+00', NULL, true, NULL, false, 36.875, 'fx', '2026-03-13 12:02:56.578144+00', 'THB', 'EUR', NULL, 'dd97e3e5-77b8-44e8-bcca-9dabb6fbc06d', '695e7e11-0900-4009-8a8b-baf4542030cc', '2026-04-02', true, 'confirmed', '2026-04-02', '2026-04-02'),
	('1211dd6e-fa49-4b69-abe6-205bb66fea7e', '6db47d6b-6e2e-4886-a262-520a91854f4c', '73d2ed75-3bd8-44fd-b907-17ecee6b2231', 'expense', 1640, 'JPY', 'Sorties', '[Trip] Avance - Onsen', '2026-05-02', '2026-05-02', true, true, false, '2026-05-02 11:30:50.284822+00', 'bffe4068-e6bc-482c-8f97-24d6b4f8808b', '2026-05-02 11:30:50.284822+00', '84fc3df5-0aed-41d8-bc0e-d0818fe28c7e', false, NULL, false, 1, 'none', '2026-05-02 11:30:49.459+00', 'JPY', 'JPY', 'Sportive', 'd6c3e70a-d31f-4647-91e8-e12830d0c00d', NULL, NULL, false, 'confirmed', '2026-05-02', '2026-05-02'),
	('97bb269d-5b83-4928-ab8a-cd3af6c3051e', '6db47d6b-6e2e-4886-a262-520a91854f4c', '73d2ed75-3bd8-44fd-b907-17ecee6b2231', 'expense', 3000, 'JPY', 'Logement', '[Trip] Avance - RBNB', '2026-04-02', '2026-04-02', true, true, false, '2026-03-28 14:18:21.771617+00', 'bffe4068-e6bc-482c-8f97-24d6b4f8808b', '2026-03-28 14:18:21.771617+00', 'c169ff44-2d54-414b-bef1-eabfd179baad', false, NULL, false, 1, 'none', '2026-03-28 14:18:21.396+00', 'JPY', 'JPY', 'Airbnb', 'd6c3e70a-d31f-4647-91e8-e12830d0c00d', NULL, NULL, false, 'confirmed', '2026-04-02', '2026-04-02'),
	('f96dbfb5-0b85-499c-aa91-4779455ce562', '6db47d6b-6e2e-4886-a262-520a91854f4c', '73d2ed75-3bd8-44fd-b907-17ecee6b2231', 'expense', 1600, 'JPY', 'Repas', '[Trip] Petit déjeuner', '2026-04-02', '2026-04-02', false, false, false, '2026-04-02 00:18:51.87099+00', 'bffe4068-e6bc-482c-8f97-24d6b4f8808b', '2026-04-02 00:18:51.87099+00', NULL, true, NULL, true, 1, 'none', '2026-04-02 00:18:51.653+00', 'JPY', 'JPY', 'Petit-déjeuner', 'd6c3e70a-d31f-4647-91e8-e12830d0c00d', NULL, NULL, false, 'confirmed', '2026-04-02', '2026-04-02'),
	('e5a86302-6356-4546-8981-7d38ec83bf7f', '6db47d6b-6e2e-4886-a262-520a91854f4c', '73d2ed75-3bd8-44fd-b907-17ecee6b2231', 'expense', 1800, 'JPY', 'Sorties', '[Trip] Avance - Onsen', '2026-03-29', '2026-03-29', true, true, false, '2026-03-31 07:44:01.427262+00', 'bffe4068-e6bc-482c-8f97-24d6b4f8808b', '2026-03-31 07:44:01.427262+00', 'd135e292-f542-4c21-8df0-dc90db113618', false, NULL, false, 1, 'none', '2026-03-31 07:44:00.553+00', 'JPY', 'JPY', 'Culturel', 'd6c3e70a-d31f-4647-91e8-e12830d0c00d', NULL, NULL, false, 'confirmed', '2026-03-29', '2026-03-29'),
	('ab07338b-dc3f-448f-93cd-134ec730e324', '6db47d6b-6e2e-4886-a262-520a91854f4c', '73d2ed75-3bd8-44fd-b907-17ecee6b2231', 'expense', 833.33, 'JPY', 'Autre', '[Trip] Poppotte', '2026-04-05', '2026-04-05', false, false, false, '2026-05-06 03:58:51.471361+00', 'bffe4068-e6bc-482c-8f97-24d6b4f8808b', '2026-05-06 03:58:51.471361+00', NULL, true, NULL, true, 1, 'none', '2026-05-06 03:58:50.574+00', 'JPY', 'JPY', 'Divers', 'd6c3e70a-d31f-4647-91e8-e12830d0c00d', NULL, NULL, false, 'confirmed', '2026-04-05', '2026-04-05'),
	('457f6f32-4b4c-4897-946b-a929e9f008eb', '6db47d6b-6e2e-4886-a262-520a91854f4c', '0b8895e4-f4cb-4571-89ae-9a7afd42e7e0', 'expense', 84000, 'VND', 'Repas', 'Repas', '2026-03-17', '2026-03-17', true, false, false, '2026-03-17 06:32:28.01029+00', 'bffe4068-e6bc-482c-8f97-24d6b4f8808b', '2026-03-17 06:32:28.01029+00', NULL, true, NULL, false, 1, 'none', '2026-03-17 06:32:26.905+00', 'VND', 'VND', 'Déjeuner', 'd6c3e70a-d31f-4647-91e8-e12830d0c00d', NULL, NULL, false, 'confirmed', '2026-03-17', '2026-03-17'),
	('acbf16dd-cb48-46e1-80bd-02ece2f3c0a6', '6db47d6b-6e2e-4886-a262-520a91854f4c', '4e2f798d-caa6-4134-9da1-57097cc07265', 'expense', 5.45, 'EUR', 'Repas', 'Repas', '2026-03-18', '2026-03-18', true, false, false, '2026-03-18 06:49:05.254255+00', 'bffe4068-e6bc-482c-8f97-24d6b4f8808b', '2026-03-18 06:49:05.254255+00', NULL, true, NULL, false, 30143.33, 'fx', '2026-03-18 06:49:04.671+00', 'VND', 'EUR', 'Déjeuner', 'd6c3e70a-d31f-4647-91e8-e12830d0c00d', NULL, NULL, false, 'confirmed', '2026-03-18', '2026-03-18'),
	('0c4f5b6f-fb11-4389-b22e-e86fe162b25c', '6db47d6b-6e2e-4886-a262-520a91854f4c', '6999585d-9607-47f0-a565-37786bfb67d9', 'expense', 139, 'THB', 'Repas', 'Petit déjeuner', '2026-03-01', '2026-03-01', true, false, false, '2026-03-01 06:23:27.062888+00', 'bffe4068-e6bc-482c-8f97-24d6b4f8808b', '2026-03-01 06:23:27.062888+00', NULL, true, NULL, false, 1, 'none', '2026-03-01 06:23:24.769+00', 'THB', 'THB', 'Petit-déjeuner', 'd6c3e70a-d31f-4647-91e8-e12830d0c00d', NULL, NULL, false, 'confirmed', '2026-03-01', '2026-03-01'),
	('8f1f36a3-f888-4b02-b375-7d3f86c413f9', '6db47d6b-6e2e-4886-a262-520a91854f4c', '64de2c12-6e64-4fdd-9ec6-184c956dcb38', 'expense', 77000, 'LAK', 'Repas', 'Dejeuner', '2026-03-14', '2026-03-14', true, false, false, '2026-03-14 05:27:21.04016+00', 'bffe4068-e6bc-482c-8f97-24d6b4f8808b', '2026-03-14 05:27:21.04016+00', NULL, true, NULL, false, 1, 'none', '2026-03-14 05:27:20.557+00', 'LAK', 'LAK', 'Déjeuner', 'd6c3e70a-d31f-4647-91e8-e12830d0c00d', NULL, NULL, false, 'confirmed', '2026-03-14', '2026-03-14'),
	('90262140-6150-43b1-95ab-848e6ade8e87', '6db47d6b-6e2e-4886-a262-520a91854f4c', '6999585d-9607-47f0-a565-37786bfb67d9', 'expense', 30, 'THB', 'Repas', '[Trip] Avance - Repas Paul', '2026-02-13', '2026-02-13', true, true, false, '2026-03-11 03:14:33.748102+00', 'bffe4068-e6bc-482c-8f97-24d6b4f8808b', '2026-03-11 03:14:33.748102+00', '35ad831d-5f66-4fcf-840c-78724e95605b', false, NULL, false, 1, 'none', '2026-03-11 03:14:32.163+00', 'THB', 'THB', 'Déjeuner', 'd6c3e70a-d31f-4647-91e8-e12830d0c00d', NULL, NULL, false, 'confirmed', '2026-02-13', '2026-02-13'),
	('c00f8bf5-974f-420d-a09d-2748843c09ad', '6db47d6b-6e2e-4886-a262-520a91854f4c', '64de2c12-6e64-4fdd-9ec6-184c956dcb38', 'income', 100000, 'LAK', 'Caution', 'Caution auberge', '2026-03-12', '2026-03-12', true, true, false, '2026-03-12 00:13:33.225741+00', 'bffe4068-e6bc-482c-8f97-24d6b4f8808b', '2026-03-12 00:13:33.225741+00', NULL, false, NULL, false, 1, 'none', '2026-03-12 00:13:31.56+00', 'LAK', 'LAK', 'Logement', 'd6c3e70a-d31f-4647-91e8-e12830d0c00d', NULL, NULL, false, 'confirmed', '2026-03-12', '2026-03-12'),
	('823e5636-b983-4622-8cad-8eba5d3a8bb8', '6db47d6b-6e2e-4886-a262-520a91854f4c', '6999585d-9607-47f0-a565-37786bfb67d9', 'expense', 100, 'THB', 'Mouvement interne', 'Aide Polonais Essence, remb sur Revolut', '2026-02-16', '2026-02-16', true, true, false, '2026-02-16 05:59:25.822533+00', 'bffe4068-e6bc-482c-8f97-24d6b4f8808b', '2026-02-19 09:08:27.91128+00', NULL, true, NULL, false, 1, 'none', '2026-02-25 15:51:11.794+00', 'THB', 'THB', 'Virement', 'd6c3e70a-d31f-4647-91e8-e12830d0c00d', NULL, NULL, false, 'confirmed', '2026-02-16', '2026-02-16'),
	('df1fb099-08cb-4dfa-8105-41b8ae123f49', '6db47d6b-6e2e-4886-a262-520a91854f4c', '0b8895e4-f4cb-4571-89ae-9a7afd42e7e0', 'expense', 141000, 'VND', 'Repas', 'Repas', '2026-03-20', '2026-03-20', true, false, false, '2026-03-20 14:40:32.130704+00', 'bffe4068-e6bc-482c-8f97-24d6b4f8808b', '2026-03-20 14:40:32.130704+00', NULL, true, NULL, false, 1, 'none', '2026-03-20 14:40:29.434+00', 'VND', 'VND', 'Dîner', 'd6c3e70a-d31f-4647-91e8-e12830d0c00d', NULL, NULL, false, 'confirmed', '2026-03-20', '2026-03-20'),
	('c0d2096c-fd63-425e-8ade-88d893b96853', '6db47d6b-6e2e-4886-a262-520a91854f4c', '4e2f798d-caa6-4134-9da1-57097cc07265', 'expense', 4.32, 'EUR', 'Transport', 'Transport', '2026-03-21', '2026-03-21', true, false, false, '2026-03-21 02:20:29.084041+00', 'bffe4068-e6bc-482c-8f97-24d6b4f8808b', '2026-03-21 02:20:29.084041+00', NULL, true, NULL, false, 30303.03, 'fx', '2026-03-21 02:20:28.104+00', 'VND', 'EUR', 'Taxi / VTC', 'd6c3e70a-d31f-4647-91e8-e12830d0c00d', NULL, NULL, false, 'confirmed', '2026-03-21', '2026-03-21'),
	('c3574be6-ea96-4cf0-8604-17920ddaff34', '6db47d6b-6e2e-4886-a262-520a91854f4c', '0b8895e4-f4cb-4571-89ae-9a7afd42e7e0', 'expense', 60000, 'VND', 'Transport', 'Transport', '2026-03-22', '2026-03-22', true, false, false, '2026-03-22 03:42:59.012298+00', 'bffe4068-e6bc-482c-8f97-24d6b4f8808b', '2026-03-22 03:42:59.012298+00', NULL, true, NULL, false, 1, 'none', '2026-03-22 03:42:56.462+00', 'VND', 'VND', 'Location vélo', 'd6c3e70a-d31f-4647-91e8-e12830d0c00d', NULL, NULL, false, 'confirmed', '2026-03-22', '2026-03-22'),
	('aac5499c-c863-47b8-8e4c-76a4df2027d7', '6db47d6b-6e2e-4886-a262-520a91854f4c', '0b8895e4-f4cb-4571-89ae-9a7afd42e7e0', 'expense', 100000, 'VND', 'Repas', 'Repas', '2026-03-22', '2026-03-22', true, false, false, '2026-03-22 08:24:55.016675+00', 'bffe4068-e6bc-482c-8f97-24d6b4f8808b', '2026-03-22 08:24:55.016675+00', NULL, true, NULL, false, 1, 'none', '2026-03-22 08:24:53.693+00', 'VND', 'VND', 'Déjeuner', 'd6c3e70a-d31f-4647-91e8-e12830d0c00d', NULL, NULL, false, 'confirmed', '2026-03-22', '2026-03-22'),
	('32f66319-a358-4084-9a9b-13d232ea0837', '6db47d6b-6e2e-4886-a262-520a91854f4c', '4e2f798d-caa6-4134-9da1-57097cc07265', 'expense', 5.27, 'EUR', 'Transport', 'Transport', '2026-03-23', '2026-03-23', true, false, false, '2026-03-23 01:51:49.887559+00', 'bffe4068-e6bc-482c-8f97-24d6b4f8808b', '2026-03-23 01:51:49.887559+00', NULL, true, NULL, false, 30303.03, 'fx', '2026-03-23 01:51:48.428+00', 'VND', 'EUR', 'Bus local', 'd6c3e70a-d31f-4647-91e8-e12830d0c00d', NULL, NULL, false, 'confirmed', '2026-03-23', '2026-03-23'),
	('7639e9f8-db5b-45a1-9fb9-52b2e73665bf', '6db47d6b-6e2e-4886-a262-520a91854f4c', '0b8895e4-f4cb-4571-89ae-9a7afd42e7e0', 'expense', 94000, 'VND', 'Santé', 'Santé', '2026-03-23', '2026-03-23', true, false, false, '2026-03-24 00:51:58.741857+00', 'bffe4068-e6bc-482c-8f97-24d6b4f8808b', '2026-03-24 00:51:58.741857+00', NULL, true, NULL, false, 1, 'none', '2026-03-24 00:51:58.045+00', 'VND', 'VND', 'Coiffeur', 'd6c3e70a-d31f-4647-91e8-e12830d0c00d', NULL, NULL, false, 'confirmed', '2026-03-23', '2026-03-23'),
	('967e88b5-57df-4d80-9918-86c382953715', '6db47d6b-6e2e-4886-a262-520a91854f4c', '64de2c12-6e64-4fdd-9ec6-184c956dcb38', 'expense', 70000, 'LAK', 'Santé', 'Coiffeur', '2026-03-07', '2026-03-07', true, false, false, '2026-03-07 12:10:03.53109+00', 'bffe4068-e6bc-482c-8f97-24d6b4f8808b', '2026-03-24 00:52:15.609+00', NULL, true, NULL, false, 1, 'none', '2026-03-07 12:10:03.169+00', 'LAK', 'LAK', 'Coiffeur', 'd6c3e70a-d31f-4647-91e8-e12830d0c00d', NULL, NULL, false, 'confirmed', '2026-03-07', '2026-03-07'),
	('65bb6da6-7414-485a-b78b-90d3886c3586', '6db47d6b-6e2e-4886-a262-520a91854f4c', '4e2f798d-caa6-4134-9da1-57097cc07265', 'expense', 19.91, 'EUR', 'Transport', 'Bus Hue to Ninh Binh', '2026-03-20', '2026-03-20', true, false, true, '2026-03-19 08:06:32.486323+00', 'bffe4068-e6bc-482c-8f97-24d6b4f8808b', '2026-03-24 03:07:04.062+00', NULL, false, NULL, false, 30303.03, 'fx', '2026-03-19 08:06:30.939+00', 'VND', 'EUR', 'Bus local', 'd6c3e70a-d31f-4647-91e8-e12830d0c00d', NULL, NULL, false, 'confirmed', '2026-03-20', '2026-03-20'),
	('7c704b13-d332-4966-8857-08cb224e5714', '6db47d6b-6e2e-4886-a262-520a91854f4c', '4e2f798d-caa6-4134-9da1-57097cc07265', 'expense', 18.18, 'EUR', 'Mouvement interne', 'Mouvement interne', '2026-03-24', '2026-03-24', true, true, false, '2026-03-24 05:50:35.510152+00', 'bffe4068-e6bc-482c-8f97-24d6b4f8808b', '2026-03-24 05:50:35.510152+00', NULL, false, NULL, false, 30523.91, 'fx', '2026-03-24 05:50:33.78+00', 'VND', 'EUR', 'Retrait', 'd6c3e70a-d31f-4647-91e8-e12830d0c00d', NULL, NULL, false, 'confirmed', '2026-03-24', '2026-03-24'),
	('b7b72f43-aba5-4fbf-9924-e2e42ab0268f', '6db47d6b-6e2e-4886-a262-520a91854f4c', '4e2f798d-caa6-4134-9da1-57097cc07265', 'expense', 0.89, 'EUR', 'Transport', 'Transport', '2026-03-24', '2026-03-24', true, false, false, '2026-03-24 13:24:57.575187+00', 'bffe4068-e6bc-482c-8f97-24d6b4f8808b', '2026-03-24 13:24:57.575187+00', NULL, true, NULL, false, 30523.91, 'fx', '2026-03-24 13:24:54.652+00', 'VND', 'EUR', 'Taxi / VTC', 'd6c3e70a-d31f-4647-91e8-e12830d0c00d', NULL, NULL, false, 'confirmed', '2026-03-24', '2026-03-24'),
	('dbe90afc-52d8-4e13-be0a-1680498f7815', '6db47d6b-6e2e-4886-a262-520a91854f4c', '4e2f798d-caa6-4134-9da1-57097cc07265', 'income', 300, 'EUR', 'Mouvement interne', 'Mouvement interne', '2026-03-24', '2026-03-24', true, true, false, '2026-03-24 13:33:41.995853+00', 'bffe4068-e6bc-482c-8f97-24d6b4f8808b', '2026-03-24 13:33:41.995853+00', NULL, false, NULL, false, 30523.91, 'fx', '2026-03-24 13:33:39.777+00', 'VND', 'EUR', 'Virement', 'd6c3e70a-d31f-4647-91e8-e12830d0c00d', NULL, NULL, false, 'confirmed', '2026-03-24', '2026-03-24'),
	('88836b8b-ed39-4522-a982-f9ea0d6c778a', 'b63f45f3-fc01-4714-8cc4-a09ab49e18c7', 'a34b80ed-1711-4205-8a7c-14e0e55eab93', 'income', 0.93, 'THB', 'Mouvement interne', '[Trip] SETTLE:92bc364b-6e88-454c-85d7-5ba9a0ee8be0 • Règlement reçu de Test (USD 0.93 → THB 0.93)', '2026-03-15', '2026-03-15', true, true, false, '2026-03-15 07:22:42.47172+00', 'a17d77d8-2eb6-4e75-8622-55fa4a7de8dd', '2026-03-15 07:22:42.47172+00', NULL, false, NULL, false, 1, 'none', '2026-03-15 07:22:40.957+00', 'THB', 'THB', NULL, 'dd97e3e5-77b8-44e8-bcca-9dabb6fbc06d', NULL, NULL, false, 'confirmed', '2026-03-15', '2026-03-15'),
	('811042f3-4099-4143-8ea6-dcc00defeca8', '6db47d6b-6e2e-4886-a262-520a91854f4c', '0b8895e4-f4cb-4571-89ae-9a7afd42e7e0', 'expense', 20000, 'VND', 'Sorties', 'Sorties', '2026-03-19', '2026-03-19', true, false, false, '2026-03-19 11:15:15.681956+00', 'bffe4068-e6bc-482c-8f97-24d6b4f8808b', '2026-03-19 11:15:15.681956+00', NULL, true, NULL, false, 1, 'none', '2026-03-19 11:15:13.636+00', 'VND', 'VND', 'Verre', 'd6c3e70a-d31f-4647-91e8-e12830d0c00d', NULL, NULL, false, 'confirmed', '2026-03-19', '2026-03-19'),
	('ebfe64ed-1804-4216-977b-4c665b7b1998', '6db47d6b-6e2e-4886-a262-520a91854f4c', '6e21e00c-8e67-4878-a2d3-6bb3bb1c6ec5', 'expense', 120, 'EUR', 'Mouvement interne', 'Mouvement interne', '2026-03-21', '2026-03-21', true, true, false, '2026-03-20 17:31:09.12811+00', 'bffe4068-e6bc-482c-8f97-24d6b4f8808b', '2026-03-20 17:31:09.12811+00', NULL, false, NULL, false, 30303.03, 'fx', '2026-03-20 17:31:08.476+00', 'VND', 'EUR', 'Virement', 'd6c3e70a-d31f-4647-91e8-e12830d0c00d', NULL, NULL, false, 'confirmed', '2026-03-21', '2026-03-21'),
	('1d9bd624-c460-4d4e-8373-f7ae0f5e8746', '6db47d6b-6e2e-4886-a262-520a91854f4c', '0b8895e4-f4cb-4571-89ae-9a7afd42e7e0', 'expense', 60000, 'VND', 'Transport', 'Transport', '2026-03-21', '2026-03-21', true, false, false, '2026-03-21 04:28:38.335684+00', 'bffe4068-e6bc-482c-8f97-24d6b4f8808b', '2026-03-21 04:28:38.335684+00', NULL, true, NULL, false, 1, 'none', '2026-03-21 04:28:36.78+00', 'VND', 'VND', 'Location vélo', 'd6c3e70a-d31f-4647-91e8-e12830d0c00d', NULL, NULL, false, 'confirmed', '2026-03-21', '2026-03-21'),
	('ad78c3e2-e1f4-4c03-945c-93953207b4c5', '6db47d6b-6e2e-4886-a262-520a91854f4c', '0b8895e4-f4cb-4571-89ae-9a7afd42e7e0', 'expense', 300000, 'VND', 'Sorties', 'Bateau', '2026-03-22', '2026-03-22', true, false, false, '2026-03-22 03:43:15.86844+00', 'bffe4068-e6bc-482c-8f97-24d6b4f8808b', '2026-03-22 03:43:15.86844+00', NULL, true, NULL, false, 1, 'none', '2026-03-22 03:43:14.251+00', 'VND', 'VND', 'Culturel', 'd6c3e70a-d31f-4647-91e8-e12830d0c00d', NULL, NULL, false, 'confirmed', '2026-03-22', '2026-03-22'),
	('819565fc-9cfe-4872-9be3-f7d69740c680', '6db47d6b-6e2e-4886-a262-520a91854f4c', '0b8895e4-f4cb-4571-89ae-9a7afd42e7e0', 'expense', 300000, 'VND', 'Sorties', 'Sorties', '2026-03-22', '2026-03-22', true, false, false, '2026-03-22 09:34:40.403554+00', 'bffe4068-e6bc-482c-8f97-24d6b4f8808b', '2026-03-22 09:34:40.403554+00', NULL, true, NULL, false, 1, 'none', '2026-03-22 09:34:39.016+00', 'VND', 'VND', 'Culturel', 'd6c3e70a-d31f-4647-91e8-e12830d0c00d', NULL, NULL, false, 'confirmed', '2026-03-22', '2026-03-22'),
	('1bde0667-c020-4750-9ecf-caf28e2ec97f', '6db47d6b-6e2e-4886-a262-520a91854f4c', '0b8895e4-f4cb-4571-89ae-9a7afd42e7e0', 'expense', 40000, 'VND', 'Course', 'Cigarette', '2026-03-16', '2026-03-16', true, false, false, '2026-03-15 21:51:54.111102+00', 'bffe4068-e6bc-482c-8f97-24d6b4f8808b', '2026-03-15 21:51:54.111102+00', NULL, true, NULL, false, 1, 'none', '2026-03-15 21:51:53.04+00', 'VND', 'VND', 'Snacks', 'd6c3e70a-d31f-4647-91e8-e12830d0c00d', NULL, NULL, false, 'confirmed', '2026-03-16', '2026-03-16'),
	('5da64829-cdb4-44b4-a857-b37ef388e74e', '6db47d6b-6e2e-4886-a262-520a91854f4c', '4e2f798d-caa6-4134-9da1-57097cc07265', 'expense', 101.74, 'EUR', 'Mouvement interne', 'Retrait VND', '2026-03-16', '2026-03-16', true, true, false, '2026-03-16 10:03:03.732934+00', 'bffe4068-e6bc-482c-8f97-24d6b4f8808b', '2026-03-16 10:03:03.732934+00', NULL, false, NULL, false, 30143.33, 'fx', '2026-03-16 10:03:02.432+00', 'VND', 'EUR', 'Transfert cash', 'd6c3e70a-d31f-4647-91e8-e12830d0c00d', NULL, NULL, false, 'confirmed', '2026-03-16', '2026-03-16'),
	('4c24ca76-74b7-4e0a-b76d-43bb5b83dc5e', '6db47d6b-6e2e-4886-a262-520a91854f4c', '4e2f798d-caa6-4134-9da1-57097cc07265', 'expense', 0.52, 'EUR', 'Transport', 'Transport', '2026-03-17', '2026-03-17', true, false, false, '2026-03-17 01:38:35.228678+00', 'bffe4068-e6bc-482c-8f97-24d6b4f8808b', '2026-03-17 01:40:22.099+00', NULL, false, NULL, false, 30143.33, 'fx', '2026-03-17 01:38:34.61+00', 'VND', 'EUR', 'Taxi / VTC', 'd6c3e70a-d31f-4647-91e8-e12830d0c00d', NULL, NULL, false, 'confirmed', '2026-03-17', '2026-03-17'),
	('6403eacf-63e0-4d8a-97b6-37a7c66a07b2', '6db47d6b-6e2e-4886-a262-520a91854f4c', '0b8895e4-f4cb-4571-89ae-9a7afd42e7e0', 'expense', 150000, 'VND', 'Sorties', 'Sorties', '2026-03-17', '2026-03-17', true, false, false, '2026-03-17 08:01:36.912277+00', 'bffe4068-e6bc-482c-8f97-24d6b4f8808b', '2026-03-17 08:01:36.912277+00', NULL, true, NULL, false, 1, 'none', '2026-03-17 08:01:35.639+00', 'VND', 'VND', 'Culturel', 'd6c3e70a-d31f-4647-91e8-e12830d0c00d', NULL, NULL, false, 'confirmed', '2026-03-17', '2026-03-17'),
	('5a2c0480-3fbb-40e2-9327-f118306e147a', '6db47d6b-6e2e-4886-a262-520a91854f4c', '4e2f798d-caa6-4134-9da1-57097cc07265', 'expense', 1.13, 'EUR', 'Logement', 'Logement', '2026-03-18', '2026-03-18', true, false, false, '2026-03-18 06:49:19.824514+00', 'bffe4068-e6bc-482c-8f97-24d6b4f8808b', '2026-03-18 06:49:19.824514+00', NULL, true, NULL, false, 30143.33, 'fx', '2026-03-18 06:49:19.665+00', 'VND', 'EUR', 'Auberge', 'd6c3e70a-d31f-4647-91e8-e12830d0c00d', NULL, NULL, false, 'confirmed', '2026-03-18', '2026-03-18'),
	('d909b8d4-be0a-4430-8da7-6c440f1c453e', '6db47d6b-6e2e-4886-a262-520a91854f4c', '73d2ed75-3bd8-44fd-b907-17ecee6b2231', 'expense', 545, 'JPY', 'Repas', 'Starbuck', '2026-04-29', '2026-04-29', true, false, false, '2026-04-29 07:26:48.313094+00', 'bffe4068-e6bc-482c-8f97-24d6b4f8808b', '2026-04-29 07:26:48.313094+00', NULL, true, NULL, false, 1, 'none', '2026-04-29 07:26:44.994+00', 'JPY', 'JPY', 'Café', 'd6c3e70a-d31f-4647-91e8-e12830d0c00d', NULL, NULL, false, 'confirmed', '2026-04-29', '2026-04-29'),
	('4afdb683-26d9-4133-9688-4c0625b95fbe', '6db47d6b-6e2e-4886-a262-520a91854f4c', '73d2ed75-3bd8-44fd-b907-17ecee6b2231', 'expense', 293.33, 'JPY', 'Transport', '[Trip] Parking', '2026-04-17', '2026-04-17', false, false, false, '2026-04-17 07:09:24.51868+00', 'bffe4068-e6bc-482c-8f97-24d6b4f8808b', '2026-04-17 07:09:24.51868+00', NULL, true, NULL, true, 1, 'none', '2026-04-17 07:09:24.035+00', 'JPY', 'JPY', 'Parking', 'd6c3e70a-d31f-4647-91e8-e12830d0c00d', NULL, NULL, false, 'confirmed', '2026-04-17', '2026-04-17'),
	('3967ece4-93d9-431d-890d-e5c0da777190', '6db47d6b-6e2e-4886-a262-520a91854f4c', '64de2c12-6e64-4fdd-9ec6-184c956dcb38', 'expense', 180000, 'LAK', 'Repas', 'Petit Déjeuner et Dejeuner', '2026-03-03', '2026-03-03', true, false, false, '2026-03-02 11:00:44.558401+00', 'bffe4068-e6bc-482c-8f97-24d6b4f8808b', '2026-03-05 03:55:48.311375+00', NULL, true, NULL, false, 1, 'none', '2026-03-02 11:00:43.489+00', 'LAK', 'LAK', 'Déjeuner', 'd6c3e70a-d31f-4647-91e8-e12830d0c00d', NULL, NULL, false, 'confirmed', '2026-03-03', '2026-03-03'),
	('39538b8c-8e82-4223-b70f-4c7aa903f28a', '6db47d6b-6e2e-4886-a262-520a91854f4c', '64de2c12-6e64-4fdd-9ec6-184c956dcb38', 'expense', 200000, 'LAK', 'Sorties', 'Visite grotte et bateau', '2026-03-14', '2026-03-14', true, false, false, '2026-03-14 06:38:12.777961+00', 'bffe4068-e6bc-482c-8f97-24d6b4f8808b', '2026-03-14 06:38:55.865137+00', NULL, true, NULL, false, 1, 'none', '2026-03-14 06:38:11.251+00', 'LAK', 'LAK', 'Culturel', 'd6c3e70a-d31f-4647-91e8-e12830d0c00d', NULL, NULL, false, 'confirmed', '2026-03-14', '2026-03-14'),
	('367a1b33-a9ee-4e78-8483-31abf868f0c1', '6db47d6b-6e2e-4886-a262-520a91854f4c', '6999585d-9607-47f0-a565-37786bfb67d9', 'expense', 160, 'THB', 'Sorties', '[Trip] Avance - Bière', '2026-02-14', '2026-02-14', true, true, false, '2026-03-11 03:14:55.834352+00', 'bffe4068-e6bc-482c-8f97-24d6b4f8808b', '2026-03-11 03:14:55.834352+00', '112727bb-1dfd-47e3-b362-376730a18161', false, NULL, false, 1, 'none', '2026-03-11 03:14:54.248+00', 'THB', 'THB', 'Fête', 'd6c3e70a-d31f-4647-91e8-e12830d0c00d', NULL, NULL, false, 'confirmed', '2026-02-14', '2026-02-14'),
	('4916eb23-c314-4f22-8db7-a6234435126f', '6db47d6b-6e2e-4886-a262-520a91854f4c', '64de2c12-6e64-4fdd-9ec6-184c956dcb38', 'expense', 186000, 'LAK', 'Transport', 'Taxi', '2026-03-12', '2026-03-12', true, false, false, '2026-03-12 02:23:54.579958+00', 'bffe4068-e6bc-482c-8f97-24d6b4f8808b', '2026-03-12 02:23:54.579958+00', NULL, true, NULL, false, 1, 'none', '2026-03-12 02:23:52.433+00', 'LAK', 'LAK', 'Taxi / VTC', 'd6c3e70a-d31f-4647-91e8-e12830d0c00d', NULL, NULL, false, 'confirmed', '2026-03-12', '2026-03-12'),
	('7ed7d273-c979-473d-a9bf-1beadb0bb602', '6db47d6b-6e2e-4886-a262-520a91854f4c', '6e21e00c-8e67-4878-a2d3-6bb3bb1c6ec5', 'expense', 2.25, 'EUR', 'Frais bancaire', 'Frais Crédit Mutuel', '2026-09-30', '2026-09-30', false, false, false, '2026-03-15 04:31:02.048187+00', 'bffe4068-e6bc-482c-8f97-24d6b4f8808b', '2026-03-18 13:32:28.731+00', NULL, true, NULL, false, NULL, NULL, '2026-03-15 04:31:02.048187+00', NULL, NULL, 'Tenue de compte', 'd6c3e70a-d31f-4647-91e8-e12830d0c00d', '7d9d71de-6b0c-4fd5-8448-78853f2ed45f', '2026-09-30', true, 'generated', '2026-09-30', '2026-09-30'),
	('41b6bf19-9775-4681-ac41-c5eb920517b0', '6db47d6b-6e2e-4886-a262-520a91854f4c', '6e21e00c-8e67-4878-a2d3-6bb3bb1c6ec5', 'expense', 2.25, 'EUR', 'Frais bancaire', 'Frais Crédit Mutuel', '2026-10-31', '2026-10-31', false, false, false, '2026-03-15 04:31:02.048187+00', 'bffe4068-e6bc-482c-8f97-24d6b4f8808b', '2026-03-18 13:32:28.731+00', NULL, true, NULL, false, NULL, NULL, '2026-03-15 04:31:02.048187+00', NULL, NULL, 'Tenue de compte', 'd6c3e70a-d31f-4647-91e8-e12830d0c00d', '7d9d71de-6b0c-4fd5-8448-78853f2ed45f', '2026-10-31', true, 'generated', '2026-10-31', '2026-10-31'),
	('948582c2-7c03-4d44-8f05-ff05ab4a3971', '6db47d6b-6e2e-4886-a262-520a91854f4c', '4e2f798d-caa6-4134-9da1-57097cc07265', 'expense', 10.57, 'EUR', 'Transport', 'Train de nuit Bangkok to Chiang Mai', '2026-02-22', '2026-02-22', true, false, true, '2026-02-21 04:55:58.73172+00', 'bffe4068-e6bc-482c-8f97-24d6b4f8808b', '2026-03-24 02:45:55.434+00', NULL, true, NULL, false, 36.573, 'ecb_or_manual', '2026-02-25 14:25:49.728296+00', 'THB', 'EUR', 'Train local', 'd6c3e70a-d31f-4647-91e8-e12830d0c00d', NULL, NULL, false, 'confirmed', '2026-02-22', '2026-02-22'),
	('e5779c37-608b-43ad-b2a7-89fcc3b53cf1', '6db47d6b-6e2e-4886-a262-520a91854f4c', '6e21e00c-8e67-4878-a2d3-6bb3bb1c6ec5', 'expense', 2.25, 'EUR', 'Frais bancaire', 'Frais Crédit Mutuel', '2026-11-30', '2026-11-30', false, false, false, '2026-03-15 04:31:02.048187+00', 'bffe4068-e6bc-482c-8f97-24d6b4f8808b', '2026-03-18 13:32:28.731+00', NULL, true, NULL, false, NULL, NULL, '2026-03-15 04:31:02.048187+00', NULL, NULL, 'Tenue de compte', 'd6c3e70a-d31f-4647-91e8-e12830d0c00d', '7d9d71de-6b0c-4fd5-8448-78853f2ed45f', '2026-11-30', true, 'generated', '2026-11-30', '2026-11-30'),
	('3a480023-5492-49dd-930c-fe9c3b6ddf2b', '6db47d6b-6e2e-4886-a262-520a91854f4c', '0b8895e4-f4cb-4571-89ae-9a7afd42e7e0', 'expense', 458000, 'VND', 'Logement', 'Logement', '2026-03-23', '2026-03-24', true, false, false, '2026-03-23 01:52:44.839868+00', 'bffe4068-e6bc-482c-8f97-24d6b4f8808b', '2026-03-23 10:20:33.609+00', NULL, true, NULL, false, 1, 'none', '2026-03-23 01:52:43.255+00', 'VND', 'VND', NULL, 'd6c3e70a-d31f-4647-91e8-e12830d0c00d', NULL, NULL, false, 'confirmed', '2026-03-23', '2026-03-24'),
	('8f8bd40b-5926-4c16-b10d-a55bf301bbdb', '6db47d6b-6e2e-4886-a262-520a91854f4c', '4e2f798d-caa6-4134-9da1-57097cc07265', 'expense', 6.1, 'EUR', 'Repas', 'Grab', '2026-03-23', '2026-03-23', true, false, false, '2026-03-24 01:17:20.547541+00', 'bffe4068-e6bc-482c-8f97-24d6b4f8808b', '2026-03-24 01:17:20.547541+00', NULL, true, NULL, false, 30303.03, 'fx', '2026-03-24 01:17:18.367+00', 'VND', 'EUR', 'Dîner', 'd6c3e70a-d31f-4647-91e8-e12830d0c00d', NULL, NULL, false, 'confirmed', '2026-03-23', '2026-03-23'),
	('b294f4e0-f190-4195-ae5c-ee0eb0444c43', 'b63f45f3-fc01-4714-8cc4-a09ab49e18c7', 'a34b80ed-1711-4205-8a7c-14e0e55eab93', 'expense', 1, 'THB', 'Autre', 'ef', '2026-05-01', '2026-05-01', true, false, false, '2026-03-13 13:49:06.591577+00', 'a17d77d8-2eb6-4e75-8622-55fa4a7de8dd', '2026-03-13 13:49:18.410643+00', NULL, true, NULL, false, 1, 'none', '2026-03-13 13:49:06.591577+00', 'THB', 'THB', NULL, 'dd97e3e5-77b8-44e8-bcca-9dabb6fbc06d', '11b27a59-f400-4790-9703-6c7906b8b2c9', '2026-05-01', true, 'confirmed', '2026-05-01', '2026-05-01'),
	('c40bfe95-8310-477f-b1dd-401b9c9ee82e', '6db47d6b-6e2e-4886-a262-520a91854f4c', '0b8895e4-f4cb-4571-89ae-9a7afd42e7e0', 'expense', 200000, 'VND', 'Sorties', 'Sorties', '2026-03-24', '2026-03-24', true, false, false, '2026-03-24 13:24:03.720231+00', 'bffe4068-e6bc-482c-8f97-24d6b4f8808b', '2026-03-24 13:24:03.720231+00', NULL, true, NULL, false, 1, 'none', '2026-03-24 13:24:01.512+00', 'VND', 'VND', 'Verre', 'd6c3e70a-d31f-4647-91e8-e12830d0c00d', NULL, NULL, false, 'confirmed', '2026-03-24', '2026-03-24'),
	('1034adef-1a50-48f1-bee1-83e2fddf01c7', '6db47d6b-6e2e-4886-a262-520a91854f4c', '6e21e00c-8e67-4878-a2d3-6bb3bb1c6ec5', 'expense', 2.25, 'EUR', 'Frais bancaire', 'Frais Crédit Mutuel', '2026-12-31', '2026-12-31', false, false, false, '2026-03-15 04:31:02.048187+00', 'bffe4068-e6bc-482c-8f97-24d6b4f8808b', '2026-03-18 13:32:28.731+00', NULL, true, NULL, false, NULL, NULL, '2026-03-15 04:31:02.048187+00', NULL, NULL, 'Tenue de compte', 'd6c3e70a-d31f-4647-91e8-e12830d0c00d', '7d9d71de-6b0c-4fd5-8448-78853f2ed45f', '2026-12-31', true, 'generated', '2026-12-31', '2026-12-31'),
	('4b53f172-fb46-409c-985b-499e1f00504e', '6db47d6b-6e2e-4886-a262-520a91854f4c', '6e21e00c-8e67-4878-a2d3-6bb3bb1c6ec5', 'expense', 2.25, 'EUR', 'Frais bancaire', 'Frais Crédit Mutuel', '2027-01-31', '2027-01-31', false, false, false, '2026-03-15 04:31:02.048187+00', 'bffe4068-e6bc-482c-8f97-24d6b4f8808b', '2026-03-18 13:32:28.731+00', NULL, true, NULL, false, NULL, NULL, '2026-03-15 04:31:02.048187+00', NULL, NULL, 'Tenue de compte', 'd6c3e70a-d31f-4647-91e8-e12830d0c00d', '7d9d71de-6b0c-4fd5-8448-78853f2ed45f', '2027-01-31', true, 'generated', '2027-01-31', '2027-01-31'),
	('d3a8cbc1-1505-4a2d-b9a0-2c415d77bd9e', '6db47d6b-6e2e-4886-a262-520a91854f4c', '6e21e00c-8e67-4878-a2d3-6bb3bb1c6ec5', 'expense', 2.25, 'EUR', 'Frais bancaire', 'Frais Crédit Mutuel', '2027-02-28', '2027-02-28', false, false, false, '2026-03-15 04:31:02.048187+00', 'bffe4068-e6bc-482c-8f97-24d6b4f8808b', '2026-03-18 13:32:28.731+00', NULL, true, NULL, false, NULL, NULL, '2026-03-15 04:31:02.048187+00', NULL, NULL, 'Tenue de compte', 'd6c3e70a-d31f-4647-91e8-e12830d0c00d', '7d9d71de-6b0c-4fd5-8448-78853f2ed45f', '2027-02-28', true, 'generated', '2027-02-28', '2027-02-28'),
	('22ebbeff-f303-453a-895b-1db503b59cd6', '6db47d6b-6e2e-4886-a262-520a91854f4c', '4e2f798d-caa6-4134-9da1-57097cc07265', 'expense', 0.69, 'EUR', 'Transport', 'Transport', '2026-03-24', '2026-03-24', true, false, false, '2026-03-24 13:25:13.57323+00', 'bffe4068-e6bc-482c-8f97-24d6b4f8808b', '2026-03-24 13:25:13.57323+00', NULL, true, NULL, false, 30523.91, 'fx', '2026-03-24 13:25:11.372+00', 'VND', 'EUR', 'Taxi / VTC', 'd6c3e70a-d31f-4647-91e8-e12830d0c00d', NULL, NULL, false, 'confirmed', '2026-03-24', '2026-03-24'),
	('81613c21-48d6-4f06-b710-c18f900734a4', '6db47d6b-6e2e-4886-a262-520a91854f4c', '4e2f798d-caa6-4134-9da1-57097cc07265', 'expense', 11, 'EUR', 'Repas', 'Repas', '2026-03-25', '2026-03-25', true, false, false, '2026-03-25 06:28:24.463815+00', 'bffe4068-e6bc-482c-8f97-24d6b4f8808b', '2026-03-25 06:28:24.463815+00', NULL, true, NULL, false, 183.91, 'fx', '2026-03-25 06:28:23.878+00', 'JPY', 'EUR', 'Petit-déjeuner', 'd6c3e70a-d31f-4647-91e8-e12830d0c00d', NULL, NULL, false, 'confirmed', '2026-03-25', '2026-03-25'),
	('471830b8-e357-4b4a-93d9-1e54b21eac25', '6db47d6b-6e2e-4886-a262-520a91854f4c', '6999585d-9607-47f0-a565-37786bfb67d9', 'expense', 80, 'THB', 'Sorties', '[Trip] Bière', '2026-02-14', '2026-02-14', false, false, false, '2026-03-11 03:14:59.880933+00', 'bffe4068-e6bc-482c-8f97-24d6b4f8808b', '2026-03-11 03:14:59.880933+00', NULL, true, NULL, true, 1, 'none', '2026-03-11 03:14:58.297+00', 'THB', 'THB', NULL, 'd6c3e70a-d31f-4647-91e8-e12830d0c00d', NULL, NULL, false, 'confirmed', '2026-02-14', '2026-02-14'),
	('d29e91a9-3ae1-410e-8149-3aa8ff1cf377', '6db47d6b-6e2e-4886-a262-520a91854f4c', '73d2ed75-3bd8-44fd-b907-17ecee6b2231', 'expense', 2185, 'JPY', 'Repas', '[Trip] Ramen poule5', '2026-04-24', '2026-04-24', false, false, false, '2026-04-24 11:17:06.895796+00', 'bffe4068-e6bc-482c-8f97-24d6b4f8808b', '2026-04-24 11:17:06.895796+00', NULL, true, NULL, true, 1, 'none', '2026-04-24 11:17:06.454+00', 'JPY', 'JPY', 'Dîner', 'd6c3e70a-d31f-4647-91e8-e12830d0c00d', NULL, NULL, false, 'confirmed', '2026-04-24', '2026-04-24'),
	('41519946-c0b6-4889-b320-e07baa42ea40', '6db47d6b-6e2e-4886-a262-520a91854f4c', '0b8895e4-f4cb-4571-89ae-9a7afd42e7e0', 'expense', 70000, 'VND', 'Transport', 'Transport', '2026-03-19', '2026-03-19', true, false, false, '2026-03-19 07:21:49.208346+00', 'bffe4068-e6bc-482c-8f97-24d6b4f8808b', '2026-03-19 07:21:49.208346+00', NULL, true, NULL, false, 1, 'none', '2026-03-19 07:21:48.348+00', 'VND', 'VND', 'Location vélo', 'd6c3e70a-d31f-4647-91e8-e12830d0c00d', NULL, NULL, false, 'confirmed', '2026-03-19', '2026-03-19'),
	('28922c03-c92f-4de0-afc9-6ae95bdfd95d', '6db47d6b-6e2e-4886-a262-520a91854f4c', '0b8895e4-f4cb-4571-89ae-9a7afd42e7e0', 'expense', 206000, 'VND', 'Repas', 'Repas', '2026-03-19', '2026-03-19', true, false, false, '2026-03-19 07:22:08.347496+00', 'bffe4068-e6bc-482c-8f97-24d6b4f8808b', '2026-03-19 07:22:08.347496+00', NULL, true, NULL, false, 1, 'none', '2026-03-19 07:22:07.49+00', 'VND', 'VND', 'Déjeuner', 'd6c3e70a-d31f-4647-91e8-e12830d0c00d', NULL, NULL, false, 'confirmed', '2026-03-19', '2026-03-19'),
	('60fb090b-e14c-48fe-abc2-524771782c1d', '6db47d6b-6e2e-4886-a262-520a91854f4c', '0b8895e4-f4cb-4571-89ae-9a7afd42e7e0', 'expense', 36000, 'VND', 'Laundry', 'Laundry', '2026-03-19', '2026-03-19', true, false, false, '2026-03-20 01:27:41.823031+00', 'bffe4068-e6bc-482c-8f97-24d6b4f8808b', '2026-03-20 01:27:41.823031+00', NULL, true, NULL, false, 1, 'none', '2026-03-20 01:27:40.786+00', 'VND', 'VND', NULL, 'd6c3e70a-d31f-4647-91e8-e12830d0c00d', NULL, NULL, false, 'confirmed', '2026-03-19', '2026-03-19'),
	('753f5a72-c4f1-4ad6-bae1-4f9fbb98e4e7', '6db47d6b-6e2e-4886-a262-520a91854f4c', '4e2f798d-caa6-4134-9da1-57097cc07265', 'expense', 4.35, 'EUR', 'Repas', 'Repas', '2026-03-19', '2026-03-19', true, false, false, '2026-03-20 01:27:56.001504+00', 'bffe4068-e6bc-482c-8f97-24d6b4f8808b', '2026-03-20 01:27:56.001504+00', NULL, true, NULL, false, 30303.03, 'fx', '2026-03-20 01:27:55.495+00', 'VND', 'EUR', 'Dîner', 'd6c3e70a-d31f-4647-91e8-e12830d0c00d', NULL, NULL, false, 'confirmed', '2026-03-19', '2026-03-19'),
	('6a21af8f-b670-4f6c-8786-4ceefef0b40e', '6db47d6b-6e2e-4886-a262-520a91854f4c', '4e2f798d-caa6-4134-9da1-57097cc07265', 'income', 120, 'EUR', 'Mouvement interne', 'Mouvement interne', '2026-03-21', '2026-03-21', true, true, false, '2026-03-20 17:31:48.489168+00', 'bffe4068-e6bc-482c-8f97-24d6b4f8808b', '2026-03-20 17:31:48.489168+00', NULL, false, NULL, false, 30303.03, 'fx', '2026-03-20 17:31:47.526+00', 'VND', 'EUR', 'Virement', 'd6c3e70a-d31f-4647-91e8-e12830d0c00d', NULL, NULL, false, 'confirmed', '2026-03-21', '2026-03-21'),
	('274e6631-9521-44c3-bb58-4ac4b995f98f', 'b63f45f3-fc01-4714-8cc4-a09ab49e18c7', '1bdfb2a3-bbfd-4c0b-a074-c824c8919688', 'expense', 50, 'EUR', 'Autre', 'Assurance', '2026-04-05', '2026-04-05', true, false, false, '2026-03-13 13:33:05.26009+00', 'a17d77d8-2eb6-4e75-8622-55fa4a7de8dd', '2026-03-13 13:33:57.643649+00', NULL, true, NULL, false, 36.875, 'fx', '2026-03-13 13:33:05.26009+00', 'THB', 'EUR', NULL, 'dd97e3e5-77b8-44e8-bcca-9dabb6fbc06d', '16593dde-34dc-4f26-985b-5d803bd4f929', '2026-04-05', true, 'confirmed', '2026-04-05', '2026-04-05'),
	('561a5789-a374-454c-89ae-98fb1df2c82b', 'b63f45f3-fc01-4714-8cc4-a09ab49e18c7', '1bdfb2a3-bbfd-4c0b-a074-c824c8919688', 'expense', 50, 'EUR', 'Autre', 'Assurance', '2026-05-05', '2026-05-05', true, false, false, '2026-03-13 13:33:05.26009+00', 'a17d77d8-2eb6-4e75-8622-55fa4a7de8dd', '2026-03-13 13:34:02.725375+00', NULL, true, NULL, false, 36.875, 'fx', '2026-03-13 13:33:05.26009+00', 'THB', 'EUR', NULL, 'dd97e3e5-77b8-44e8-bcca-9dabb6fbc06d', '16593dde-34dc-4f26-985b-5d803bd4f929', '2026-05-05', true, 'confirmed', '2026-05-05', '2026-05-05'),
	('a3a9483a-b82d-48d1-a51a-047889930a69', 'b63f45f3-fc01-4714-8cc4-a09ab49e18c7', '1bdfb2a3-bbfd-4c0b-a074-c824c8919688', 'expense', 50, 'EUR', 'Autre', 'Assurance', '2026-06-05', '2026-06-05', true, false, false, '2026-03-13 13:33:05.26009+00', 'a17d77d8-2eb6-4e75-8622-55fa4a7de8dd', '2026-03-13 13:34:42.260339+00', NULL, true, NULL, false, 36.875, 'fx', '2026-03-13 13:33:05.26009+00', 'THB', 'EUR', NULL, 'dd97e3e5-77b8-44e8-bcca-9dabb6fbc06d', '16593dde-34dc-4f26-985b-5d803bd4f929', '2026-06-05', true, 'confirmed', '2026-06-05', '2026-06-05'),
	('e414d831-eda6-4e69-ad30-a825da4196ca', '6db47d6b-6e2e-4886-a262-520a91854f4c', '0b8895e4-f4cb-4571-89ae-9a7afd42e7e0', 'expense', 40000, 'VND', 'Course', 'Cigarette', '2026-03-22', '2026-03-22', true, false, false, '2026-03-22 03:43:38.672993+00', 'bffe4068-e6bc-482c-8f97-24d6b4f8808b', '2026-03-22 03:43:38.672993+00', NULL, true, NULL, false, 1, 'none', '2026-03-22 03:43:37.053+00', 'VND', 'VND', 'Marché', 'd6c3e70a-d31f-4647-91e8-e12830d0c00d', NULL, NULL, false, 'confirmed', '2026-03-22', '2026-03-22'),
	('f4b681a0-94b4-4b86-8087-c7fa035df741', '6db47d6b-6e2e-4886-a262-520a91854f4c', '0b8895e4-f4cb-4571-89ae-9a7afd42e7e0', 'expense', 105000, 'VND', 'Repas', 'Repas', '2026-03-22', '2026-03-22', true, false, false, '2026-03-22 13:40:08.547186+00', 'bffe4068-e6bc-482c-8f97-24d6b4f8808b', '2026-03-22 13:40:08.547186+00', NULL, true, NULL, false, 1, 'none', '2026-03-22 13:40:07.829+00', 'VND', 'VND', 'Dîner', 'd6c3e70a-d31f-4647-91e8-e12830d0c00d', NULL, NULL, false, 'confirmed', '2026-03-22', '2026-03-22'),
	('48fe526a-e163-4616-a99a-03b8e8245fd3', 'b63f45f3-fc01-4714-8cc4-a09ab49e18c7', 'a34b80ed-1711-4205-8a7c-14e0e55eab93', 'expense', 100, 'THB', 'Repas', '[Trip] Avance - Test', '2026-03-15', '2026-03-15', true, true, false, '2026-03-15 07:22:59.589017+00', 'a17d77d8-2eb6-4e75-8622-55fa4a7de8dd', '2026-03-15 07:22:59.589017+00', '612634cb-a915-4c68-ba25-098ba978d9cf', false, NULL, false, 1, 'none', '2026-03-15 07:22:58.083+00', 'THB', 'THB', NULL, 'dd97e3e5-77b8-44e8-bcca-9dabb6fbc06d', NULL, NULL, false, 'confirmed', '2026-03-15', '2026-03-15'),
	('15fe68df-fc5f-4d07-97bf-697bda63edb4', '6db47d6b-6e2e-4886-a262-520a91854f4c', '0b8895e4-f4cb-4571-89ae-9a7afd42e7e0', 'expense', 30000, 'VND', 'Transport', 'Pick up at hostel', '2026-03-23', '2026-03-23', true, false, false, '2026-03-23 03:12:38.196293+00', 'bffe4068-e6bc-482c-8f97-24d6b4f8808b', '2026-03-23 07:30:26.142+00', NULL, true, NULL, false, 1, 'none', '2026-03-23 03:12:37.796+00', 'VND', 'VND', NULL, 'd6c3e70a-d31f-4647-91e8-e12830d0c00d', NULL, NULL, false, 'confirmed', '2026-03-23', '2026-03-23'),
	('5f2513e2-56c8-469c-9f92-986304627b80', '6db47d6b-6e2e-4886-a262-520a91854f4c', '4e2f798d-caa6-4134-9da1-57097cc07265', 'expense', 6.61, 'EUR', 'Transport', 'Bus Phuket to Surat Thani, annulé car mauvaise destionation', '2026-02-13', '2026-02-13', true, true, false, '2026-02-12 09:44:16.945896+00', 'bffe4068-e6bc-482c-8f97-24d6b4f8808b', '2026-03-24 03:07:48.435+00', NULL, true, NULL, false, 36.642, 'ecb', '2026-02-25 16:06:31.737+00', 'THB', 'EUR', 'Bus local', 'd6c3e70a-d31f-4647-91e8-e12830d0c00d', NULL, NULL, false, 'confirmed', '2026-02-13', '2026-02-13'),
	('83697242-4016-4368-9524-b595844b3672', '6db47d6b-6e2e-4886-a262-520a91854f4c', '4e2f798d-caa6-4134-9da1-57097cc07265', 'expense', 1.49, 'EUR', 'Transport', 'Bus Hanoi to Aeroport', '2026-03-25', '2026-03-25', true, false, false, '2026-03-24 01:17:47.680831+00', 'bffe4068-e6bc-482c-8f97-24d6b4f8808b', '2026-03-24 03:13:56.342+00', NULL, true, NULL, false, 183.86, 'fx', '2026-03-24 01:17:47.032+00', 'JPY', 'EUR', 'Bus local', 'd6c3e70a-d31f-4647-91e8-e12830d0c00d', NULL, NULL, false, 'confirmed', '2026-03-25', '2026-03-25'),
	('ddb43a4c-90b7-4649-affb-959a4b309f89', '6db47d6b-6e2e-4886-a262-520a91854f4c', '0b8895e4-f4cb-4571-89ae-9a7afd42e7e0', 'expense', 50000, 'VND', 'Transport Internationale', 'Transport Internationale', '2026-03-16', '2026-03-16', true, false, false, '2026-03-16 05:05:14.510308+00', 'bffe4068-e6bc-482c-8f97-24d6b4f8808b', '2026-03-16 05:05:14.510308+00', NULL, true, NULL, false, 1, 'none', '2026-03-16 05:05:13.32+00', 'VND', 'VND', 'Frontière / passage', 'd6c3e70a-d31f-4647-91e8-e12830d0c00d', NULL, NULL, false, 'confirmed', '2026-03-16', '2026-03-16'),
	('ccf52363-1bc3-486d-a385-b35618eef0e4', '6db47d6b-6e2e-4886-a262-520a91854f4c', '0b8895e4-f4cb-4571-89ae-9a7afd42e7e0', 'expense', 223000, 'VND', 'Repas', 'Repas', '2026-03-24', '2026-03-24', true, false, false, '2026-03-24 13:24:13.37422+00', 'bffe4068-e6bc-482c-8f97-24d6b4f8808b', '2026-03-24 13:24:13.37422+00', NULL, true, NULL, false, 1, 'none', '2026-03-24 13:24:11.15+00', 'VND', 'VND', 'Déjeuner', 'd6c3e70a-d31f-4647-91e8-e12830d0c00d', NULL, NULL, false, 'confirmed', '2026-03-24', '2026-03-24'),
	('602a7330-b94f-4c1c-bfe3-25f7b353372e', '6db47d6b-6e2e-4886-a262-520a91854f4c', '0b8895e4-f4cb-4571-89ae-9a7afd42e7e0', 'expense', 83000, 'VND', 'Repas', 'Repas', '2026-03-16', '2026-03-16', true, false, false, '2026-03-17 00:45:22.36292+00', 'bffe4068-e6bc-482c-8f97-24d6b4f8808b', '2026-03-17 00:45:57.2+00', NULL, true, NULL, false, 1, 'none', '2026-03-17 00:45:21.439+00', 'VND', 'VND', 'Dîner', 'd6c3e70a-d31f-4647-91e8-e12830d0c00d', NULL, NULL, false, 'confirmed', '2026-03-16', '2026-03-16'),
	('db8c37e8-703d-4b8b-8ad9-f2f3bbcc9f71', '6db47d6b-6e2e-4886-a262-520a91854f4c', '0b8895e4-f4cb-4571-89ae-9a7afd42e7e0', 'expense', 5000, 'VND', 'Transport', 'Tips', '2026-03-17', '2026-03-17', true, false, false, '2026-03-17 01:39:56.465901+00', 'bffe4068-e6bc-482c-8f97-24d6b4f8808b', '2026-03-17 01:39:56.465901+00', NULL, true, NULL, false, 1, 'none', '2026-03-17 01:39:55.845+00', 'VND', 'VND', 'Taxi / VTC', 'd6c3e70a-d31f-4647-91e8-e12830d0c00d', NULL, NULL, false, 'confirmed', '2026-03-17', '2026-03-17'),
	('fc7a4c4d-a5fc-4a39-94b5-49261749e970', '6db47d6b-6e2e-4886-a262-520a91854f4c', '0b8895e4-f4cb-4571-89ae-9a7afd42e7e0', 'expense', 30000, 'VND', 'Sorties', 'Sorties', '2026-03-17', '2026-03-17', true, false, false, '2026-03-17 08:02:00.973235+00', 'bffe4068-e6bc-482c-8f97-24d6b4f8808b', '2026-03-17 08:02:00.973235+00', NULL, true, NULL, false, 1, 'none', '2026-03-17 08:02:00.379+00', 'VND', 'VND', 'Verre', 'd6c3e70a-d31f-4647-91e8-e12830d0c00d', NULL, NULL, false, 'confirmed', '2026-03-17', '2026-03-17'),
	('c19a4987-ff46-4fe8-b996-538024f8859c', '6db47d6b-6e2e-4886-a262-520a91854f4c', '4e2f798d-caa6-4134-9da1-57097cc07265', 'expense', 0.8, 'EUR', 'Transport', 'Transport', '2026-03-17', '2026-03-17', true, false, false, '2026-03-18 06:49:40.721228+00', 'bffe4068-e6bc-482c-8f97-24d6b4f8808b', '2026-03-18 06:49:40.721228+00', NULL, true, NULL, false, 30143.33, 'fx', '2026-03-18 06:49:40.548+00', 'VND', 'EUR', 'Taxi / VTC', 'd6c3e70a-d31f-4647-91e8-e12830d0c00d', NULL, NULL, false, 'confirmed', '2026-03-17', '2026-03-17'),
	('3e2ad521-3914-47d8-b8a7-8981b7bece4c', '6db47d6b-6e2e-4886-a262-520a91854f4c', '64de2c12-6e64-4fdd-9ec6-184c956dcb38', 'expense', 150000, 'LAK', 'Logement', 'Auberge Vang Vieng', '2026-03-07', '2026-03-08', true, false, false, '2026-03-07 10:25:17.210362+00', 'bffe4068-e6bc-482c-8f97-24d6b4f8808b', '2026-03-07 11:17:29.318911+00', NULL, true, NULL, false, 1, 'none', '2026-03-07 10:25:16.162+00', 'LAK', 'LAK', 'Auberge', 'd6c3e70a-d31f-4647-91e8-e12830d0c00d', NULL, NULL, false, 'confirmed', '2026-03-07', '2026-03-08'),
	('602fbd03-bdba-4bdf-9b67-807590d68a4b', '6db47d6b-6e2e-4886-a262-520a91854f4c', '0b8895e4-f4cb-4571-89ae-9a7afd42e7e0', 'expense', 29000, 'VND', 'Cadeau', 'Tips Grab', '2026-03-24', '2026-03-24', true, false, false, '2026-03-24 13:25:31.582717+00', 'bffe4068-e6bc-482c-8f97-24d6b4f8808b', '2026-03-24 13:25:31.582717+00', NULL, true, NULL, false, 1, 'none', '2026-03-24 13:25:29.408+00', 'VND', 'VND', 'Hôte', 'd6c3e70a-d31f-4647-91e8-e12830d0c00d', NULL, NULL, false, 'confirmed', '2026-03-24', '2026-03-24'),
	('e8b299ca-6694-4f5d-9b87-9cfc3501202b', '6db47d6b-6e2e-4886-a262-520a91854f4c', '64de2c12-6e64-4fdd-9ec6-184c956dcb38', 'expense', 38000, 'LAK', 'Course', 'Ice green tea', '2026-03-14', '2026-03-14', true, false, false, '2026-03-14 06:38:37.588145+00', 'bffe4068-e6bc-482c-8f97-24d6b4f8808b', '2026-03-14 06:38:37.588145+00', NULL, true, NULL, false, 1, 'none', '2026-03-14 06:38:36.992+00', 'LAK', 'LAK', 'Supermarché', 'd6c3e70a-d31f-4647-91e8-e12830d0c00d', NULL, NULL, false, 'confirmed', '2026-03-14', '2026-03-14'),
	('114ca2b8-a8ab-4907-84a9-d0cac255a569', '6db47d6b-6e2e-4886-a262-520a91854f4c', '4e2f798d-caa6-4134-9da1-57097cc07265', 'expense', 9.78, 'EUR', 'Repas', 'Repas', '2026-03-25', '2026-03-25', true, false, false, '2026-03-25 06:28:33.926084+00', 'bffe4068-e6bc-482c-8f97-24d6b4f8808b', '2026-03-25 06:28:33.926084+00', NULL, true, NULL, false, 183.91, 'fx', '2026-03-25 06:28:33.721+00', 'JPY', 'EUR', 'Déjeuner', 'd6c3e70a-d31f-4647-91e8-e12830d0c00d', NULL, NULL, false, 'confirmed', '2026-03-25', '2026-03-25'),
	('6dab05cf-387f-4aac-8fca-d102b9f97b2a', '6db47d6b-6e2e-4886-a262-520a91854f4c', '4e2f798d-caa6-4134-9da1-57097cc07265', 'expense', 303.23, 'EUR', 'Transport Internationale', 'Vol to Japon', '2026-03-25', '2026-03-25', true, false, false, '2026-02-23 15:23:57.351147+00', 'bffe4068-e6bc-482c-8f97-24d6b4f8808b', '2026-03-25 06:39:39.355+00', NULL, false, NULL, false, 36.573, 'ecb', '2026-02-25 15:51:29.421+00', 'THB', 'EUR', 'Vol', 'd6c3e70a-d31f-4647-91e8-e12830d0c00d', NULL, NULL, false, 'confirmed', '2026-03-25', '2026-03-25'),
	('c202b4bb-f44e-4a6f-a832-cde5d31538b7', '6db47d6b-6e2e-4886-a262-520a91854f4c', '73d2ed75-3bd8-44fd-b907-17ecee6b2231', 'expense', 400, 'JPY', 'Repas', 'Repas', '2026-04-25', '2026-04-25', true, false, false, '2026-04-25 05:19:22.928587+00', 'bffe4068-e6bc-482c-8f97-24d6b4f8808b', '2026-04-25 05:19:22.928587+00', NULL, true, NULL, false, 1, 'none', '2026-04-25 05:19:22.485+00', 'JPY', 'JPY', 'Petit-déjeuner', 'd6c3e70a-d31f-4647-91e8-e12830d0c00d', NULL, NULL, false, 'confirmed', '2026-04-25', '2026-04-25'),
	('41a63d63-0fda-415f-8977-9bf71ac8a552', '6db47d6b-6e2e-4886-a262-520a91854f4c', '73d2ed75-3bd8-44fd-b907-17ecee6b2231', 'expense', 2000, 'JPY', 'Repas', '[Trip] Izakaya', '2026-04-27', '2026-04-27', false, false, false, '2026-04-27 05:09:09.020698+00', 'bffe4068-e6bc-482c-8f97-24d6b4f8808b', '2026-04-27 05:09:09.020698+00', NULL, true, NULL, true, 1, 'none', '2026-04-27 05:09:08.303+00', 'JPY', 'JPY', 'Déjeuner', 'd6c3e70a-d31f-4647-91e8-e12830d0c00d', NULL, NULL, false, 'confirmed', '2026-04-27', '2026-04-27'),
	('0dca4272-8c79-4ba3-8b1c-1ab858765c43', '6db47d6b-6e2e-4886-a262-520a91854f4c', '4e2f798d-caa6-4134-9da1-57097cc07265', 'income', 150, 'EUR', 'Mouvement interne', 'Virement interne', '2026-03-18', '2026-03-18', true, true, false, '2026-03-18 13:58:30.326409+00', 'bffe4068-e6bc-482c-8f97-24d6b4f8808b', '2026-03-18 13:58:30.326409+00', NULL, false, NULL, false, 30303.03, 'fx', '2026-03-18 13:58:28.952+00', 'VND', 'EUR', 'Virement', 'd6c3e70a-d31f-4647-91e8-e12830d0c00d', NULL, NULL, false, 'confirmed', '2026-03-18', '2026-03-18'),
	('a3773152-9914-4fe9-b006-32a9ad0907fc', '6db47d6b-6e2e-4886-a262-520a91854f4c', '64de2c12-6e64-4fdd-9ec6-184c956dcb38', 'expense', 20000, 'LAK', 'Sorties', 'Entré Lagoon', '2026-03-08', '2026-03-08', true, false, false, '2026-03-08 02:40:45.943648+00', 'bffe4068-e6bc-482c-8f97-24d6b4f8808b', '2026-03-18 11:45:52.458+00', NULL, true, NULL, false, 1, 'none', '2026-03-08 02:40:44.668+00', 'LAK', 'LAK', 'Culturel', 'd6c3e70a-d31f-4647-91e8-e12830d0c00d', NULL, NULL, false, 'confirmed', '2026-03-08', '2026-03-08'),
	('84903056-dc91-43a5-a8b2-e91e38037d9c', '6db47d6b-6e2e-4886-a262-520a91854f4c', '64de2c12-6e64-4fdd-9ec6-184c956dcb38', 'expense', 59000, 'LAK', 'Repas', 'Déjeuner', '2026-03-05', '2026-03-05', true, false, false, '2026-03-05 07:02:02.395767+00', 'bffe4068-e6bc-482c-8f97-24d6b4f8808b', '2026-03-05 07:02:02.395767+00', NULL, true, NULL, false, 1, 'none', '2026-03-05 07:02:00.994+00', 'LAK', 'LAK', 'Déjeuner', 'd6c3e70a-d31f-4647-91e8-e12830d0c00d', NULL, NULL, false, 'confirmed', '2026-03-05', '2026-03-05'),
	('dff07869-756e-4901-8e2a-1ba29b7a4659', '6db47d6b-6e2e-4886-a262-520a91854f4c', '6e21e00c-8e67-4878-a2d3-6bb3bb1c6ec5', 'income', 400, 'EUR', 'Revenu', 'Remboursement Impôts s/ Revenu', '2026-08-31', '2026-08-31', false, true, false, '2026-03-05 04:00:40.32106+00', 'bffe4068-e6bc-482c-8f97-24d6b4f8808b', '2026-03-17 01:14:33.137+00', NULL, true, NULL, false, 1.6503, 'fx', '2026-03-05 04:00:38.798+00', 'AUD', 'EUR', 'Remboursement', 'd6c3e70a-d31f-4647-91e8-e12830d0c00d', NULL, NULL, false, 'confirmed', '2026-08-31', '2026-08-31'),
	('e71a5789-8b4e-4f54-b81f-c7da31f677ad', '6db47d6b-6e2e-4886-a262-520a91854f4c', '6e21e00c-8e67-4878-a2d3-6bb3bb1c6ec5', 'income', 900, 'EUR', 'Revenu', 'Remboursement FWU Life', '2026-12-31', '2026-12-31', false, true, false, '2026-03-05 04:02:25.040864+00', 'bffe4068-e6bc-482c-8f97-24d6b4f8808b', '2026-03-17 01:14:40.42+00', NULL, true, NULL, false, 1.6503, 'fx', '2026-03-05 04:02:23.826+00', 'AUD', 'EUR', 'Remboursement', 'd6c3e70a-d31f-4647-91e8-e12830d0c00d', NULL, NULL, false, 'confirmed', '2026-12-31', '2026-12-31'),
	('b610243e-7017-4ecf-8aef-3073a8fc9e8d', '6db47d6b-6e2e-4886-a262-520a91854f4c', '64de2c12-6e64-4fdd-9ec6-184c956dcb38', 'expense', 50000, 'LAK', 'Repas', 'Diner', '2026-03-07', '2026-03-07', true, false, false, '2026-03-07 12:54:34.936641+00', 'bffe4068-e6bc-482c-8f97-24d6b4f8808b', '2026-03-07 12:54:34.936641+00', NULL, true, NULL, false, 1, 'none', '2026-03-07 12:54:33.199+00', 'LAK', 'LAK', 'Dîner', 'd6c3e70a-d31f-4647-91e8-e12830d0c00d', NULL, NULL, false, 'confirmed', '2026-03-07', '2026-03-07'),
	('bc9aeeb7-82da-4c08-8764-1d9dda1250c9', '6db47d6b-6e2e-4886-a262-520a91854f4c', '64de2c12-6e64-4fdd-9ec6-184c956dcb38', 'expense', 89000, 'LAK', 'Repas', 'Diner', '2026-03-05', '2026-03-05', true, false, false, '2026-03-05 12:04:26.072866+00', 'bffe4068-e6bc-482c-8f97-24d6b4f8808b', '2026-03-05 12:04:26.072866+00', NULL, true, NULL, false, 1, 'none', '2026-03-05 12:04:24.741+00', 'LAK', 'LAK', 'Dîner', 'd6c3e70a-d31f-4647-91e8-e12830d0c00d', NULL, NULL, false, 'confirmed', '2026-03-05', '2026-03-05'),
	('77fc241a-c82e-43d8-b8b2-6cfd13451ca9', '6db47d6b-6e2e-4886-a262-520a91854f4c', '64de2c12-6e64-4fdd-9ec6-184c956dcb38', 'expense', 140000, 'LAK', 'Repas', '2ème Diner, petit gourmand', '2026-03-02', '2026-03-02', true, false, false, '2026-03-02 13:20:14.251618+00', 'bffe4068-e6bc-482c-8f97-24d6b4f8808b', '2026-03-05 03:55:36.562854+00', NULL, true, NULL, false, 1, 'none', '2026-03-02 13:20:13.942+00', 'LAK', 'LAK', 'Dîner', 'd6c3e70a-d31f-4647-91e8-e12830d0c00d', NULL, NULL, false, 'confirmed', '2026-03-02', '2026-03-02'),
	('f2d28201-7456-4fb9-8962-77101a042841', '6db47d6b-6e2e-4886-a262-520a91854f4c', '64de2c12-6e64-4fdd-9ec6-184c956dcb38', 'expense', 239000, 'LAK', 'Repas', 'Déjeuner', '2026-03-08', '2026-03-08', true, false, false, '2026-03-08 06:09:57.335405+00', 'bffe4068-e6bc-482c-8f97-24d6b4f8808b', '2026-03-08 06:09:57.335405+00', NULL, true, NULL, false, 1, 'none', '2026-03-08 06:09:56.707+00', 'LAK', 'LAK', 'Déjeuner', 'd6c3e70a-d31f-4647-91e8-e12830d0c00d', NULL, NULL, false, 'confirmed', '2026-03-08', '2026-03-08'),
	('2202e174-eaf6-463f-af25-0b3cd81546dd', '6db47d6b-6e2e-4886-a262-520a91854f4c', '64de2c12-6e64-4fdd-9ec6-184c956dcb38', 'expense', 42000, 'LAK', 'Sorties', 'Bière', '2026-03-14', '2026-03-14', true, false, false, '2026-03-14 11:04:35.971834+00', 'bffe4068-e6bc-482c-8f97-24d6b4f8808b', '2026-03-14 11:04:35.971834+00', NULL, true, NULL, false, 1, 'none', '2026-03-14 11:04:35.539+00', 'LAK', 'LAK', 'Fête', 'd6c3e70a-d31f-4647-91e8-e12830d0c00d', NULL, NULL, false, 'confirmed', '2026-03-14', '2026-03-14'),
	('d98bd103-a926-401a-bfc0-3ad0d869e089', '6db47d6b-6e2e-4886-a262-520a91854f4c', '6999585d-9607-47f0-a565-37786bfb67d9', 'expense', 70, 'THB', 'Sorties', '[Trip] Avance - Bière', '2026-02-16', '2026-02-16', true, true, false, '2026-03-11 03:16:52.681046+00', 'bffe4068-e6bc-482c-8f97-24d6b4f8808b', '2026-03-11 03:16:52.681046+00', '32910f7e-0667-4590-ad18-06d0c94db66e', false, NULL, false, 1, 'none', '2026-03-11 03:16:51.095+00', 'THB', 'THB', 'Fête', 'd6c3e70a-d31f-4647-91e8-e12830d0c00d', NULL, NULL, false, 'confirmed', '2026-02-16', '2026-02-16'),
	('9e67d379-fbcd-4a92-99d3-15b269f79d70', '6db47d6b-6e2e-4886-a262-520a91854f4c', '64de2c12-6e64-4fdd-9ec6-184c956dcb38', 'expense', 95000, 'LAK', 'Repas', 'Petit Dejeuner', '2026-03-05', '2026-03-05', true, false, false, '2026-03-05 03:30:47.648242+00', 'bffe4068-e6bc-482c-8f97-24d6b4f8808b', '2026-03-05 03:54:12.186016+00', NULL, true, NULL, false, 1, 'none', '2026-03-05 03:30:46.009+00', 'LAK', 'LAK', 'Petit-déjeuner', 'd6c3e70a-d31f-4647-91e8-e12830d0c00d', NULL, NULL, false, 'confirmed', '2026-03-05', '2026-03-05'),
	('29703009-3e65-4991-9a09-4170baad04a6', '6db47d6b-6e2e-4886-a262-520a91854f4c', '64de2c12-6e64-4fdd-9ec6-184c956dcb38', 'expense', 114000, 'LAK', 'Repas', 'Café', '2026-03-07', '2026-03-07', true, false, false, '2026-03-07 06:19:18.022465+00', 'bffe4068-e6bc-482c-8f97-24d6b4f8808b', '2026-03-07 10:24:45.682443+00', NULL, true, NULL, false, 1, 'none', '2026-03-07 06:19:16.484+00', 'LAK', 'LAK', 'Café', 'd6c3e70a-d31f-4647-91e8-e12830d0c00d', NULL, NULL, false, 'confirmed', '2026-03-07', '2026-03-07'),
	('0e9b6684-110d-4f2a-9001-5ea5fff99ee9', '6db47d6b-6e2e-4886-a262-520a91854f4c', '64de2c12-6e64-4fdd-9ec6-184c956dcb38', 'expense', 45000, 'LAK', 'Repas', 'Café', '2026-03-06', '2026-03-06', true, false, false, '2026-03-06 03:30:48.570853+00', 'bffe4068-e6bc-482c-8f97-24d6b4f8808b', '2026-03-06 03:30:48.570853+00', NULL, true, NULL, false, 1, 'none', '2026-03-06 03:30:47.857+00', 'LAK', 'LAK', 'Café', 'd6c3e70a-d31f-4647-91e8-e12830d0c00d', NULL, NULL, false, 'confirmed', '2026-03-06', '2026-03-06'),
	('dbe549dd-6ff8-469a-9dd5-cd3399ae75a0', '6db47d6b-6e2e-4886-a262-520a91854f4c', '64de2c12-6e64-4fdd-9ec6-184c956dcb38', 'expense', 45000, 'LAK', 'Repas', 'Café', '2026-03-05', '2026-03-05', true, false, false, '2026-03-05 03:53:56.632158+00', 'bffe4068-e6bc-482c-8f97-24d6b4f8808b', '2026-03-05 03:53:56.632158+00', NULL, true, NULL, false, 1, 'none', '2026-03-05 03:53:53.95+00', 'LAK', 'LAK', 'Café', 'd6c3e70a-d31f-4647-91e8-e12830d0c00d', NULL, NULL, false, 'confirmed', '2026-03-05', '2026-03-05'),
	('f36e15a3-3bc2-4628-97b6-d88a0782ec5b', '6db47d6b-6e2e-4886-a262-520a91854f4c', '73d2ed75-3bd8-44fd-b907-17ecee6b2231', 'expense', 650, 'JPY', 'Repas', '[Trip] Café', '2026-03-28', '2026-03-28', false, false, false, '2026-03-28 07:23:35.969794+00', 'bffe4068-e6bc-482c-8f97-24d6b4f8808b', '2026-03-28 07:23:35.969794+00', NULL, true, NULL, true, 1, 'none', '2026-03-28 07:23:32.952+00', 'JPY', 'JPY', 'Café', 'd6c3e70a-d31f-4647-91e8-e12830d0c00d', NULL, NULL, false, 'confirmed', '2026-03-28', '2026-03-28'),
	('bf11afc1-0f85-4d6e-b1af-64e6e93bd890', '6db47d6b-6e2e-4886-a262-520a91854f4c', '73d2ed75-3bd8-44fd-b907-17ecee6b2231', 'expense', 550, 'JPY', 'Sorties', '[Trip] Bière', '2026-04-18', '2026-04-18', false, false, false, '2026-04-18 13:56:10.775987+00', 'bffe4068-e6bc-482c-8f97-24d6b4f8808b', '2026-04-18 13:56:10.775987+00', NULL, true, NULL, true, 1, 'none', '2026-04-18 13:56:09.991+00', 'JPY', 'JPY', 'Fête', 'd6c3e70a-d31f-4647-91e8-e12830d0c00d', NULL, NULL, false, 'confirmed', '2026-04-18', '2026-04-18'),
	('4c553e43-4e8d-43b6-bfb4-650a93289780', '6db47d6b-6e2e-4886-a262-520a91854f4c', '64de2c12-6e64-4fdd-9ec6-184c956dcb38', 'expense', 110000, 'LAK', 'Repas', 'Dejeuner', '2026-03-13', '2026-03-13', true, false, false, '2026-03-13 08:55:35.2204+00', 'bffe4068-e6bc-482c-8f97-24d6b4f8808b', '2026-03-13 08:55:35.2204+00', NULL, true, NULL, false, 1, 'none', '2026-03-13 08:55:34.534+00', 'LAK', 'LAK', 'Déjeuner', 'd6c3e70a-d31f-4647-91e8-e12830d0c00d', NULL, NULL, false, 'confirmed', '2026-03-13', '2026-03-13'),
	('6021d228-35a7-46b8-afc1-38f8a4ecd8d5', '6db47d6b-6e2e-4886-a262-520a91854f4c', '64de2c12-6e64-4fdd-9ec6-184c956dcb38', 'expense', 130000, 'LAK', 'Logement', 'Chambre garage', '2026-03-06', '2026-03-06', true, false, false, '2026-03-07 00:37:35.232649+00', 'bffe4068-e6bc-482c-8f97-24d6b4f8808b', '2026-03-07 00:37:35.232649+00', NULL, true, NULL, false, 1, 'none', '2026-03-07 00:37:33.361+00', 'LAK', 'LAK', 'Auberge', 'd6c3e70a-d31f-4647-91e8-e12830d0c00d', NULL, NULL, false, 'confirmed', '2026-03-06', '2026-03-06'),
	('8bdc0b34-43b8-429b-b663-cc3f884aedf0', '6db47d6b-6e2e-4886-a262-520a91854f4c', '64de2c12-6e64-4fdd-9ec6-184c956dcb38', 'expense', 100000, 'LAK', 'Transport', 'Vélo', '2026-03-08', '2026-03-08', true, false, false, '2026-03-08 02:41:05.925588+00', 'bffe4068-e6bc-482c-8f97-24d6b4f8808b', '2026-03-08 02:41:31.844703+00', NULL, true, NULL, false, 1, 'none', '2026-03-08 02:41:05.736+00', 'LAK', 'LAK', 'Location vélo', 'd6c3e70a-d31f-4647-91e8-e12830d0c00d', NULL, NULL, false, 'confirmed', '2026-03-08', '2026-03-08'),
	('33093c63-0502-45cc-9b35-6d6a1931d28b', '6db47d6b-6e2e-4886-a262-520a91854f4c', '64de2c12-6e64-4fdd-9ec6-184c956dcb38', 'expense', 250000, 'LAK', 'Transport', 'Bus Takhek', '2026-03-12', '2026-03-12', true, false, false, '2026-03-12 02:25:35.147082+00', 'bffe4068-e6bc-482c-8f97-24d6b4f8808b', '2026-03-12 11:55:51.065705+00', NULL, true, NULL, false, 1, 'none', '2026-03-12 02:25:32.936+00', 'LAK', 'LAK', 'Bus local', 'd6c3e70a-d31f-4647-91e8-e12830d0c00d', NULL, NULL, false, 'confirmed', '2026-03-12', '2026-03-12'),
	('3cf6799e-94ec-4408-be97-67d39a4e8ba9', '6db47d6b-6e2e-4886-a262-520a91854f4c', '64de2c12-6e64-4fdd-9ec6-184c956dcb38', 'expense', 30000, 'LAK', 'Sorties', 'Entrèe view point', '2026-03-08', '2026-03-08', true, false, false, '2026-03-08 06:09:16.865861+00', 'bffe4068-e6bc-482c-8f97-24d6b4f8808b', '2026-03-18 11:45:41.851+00', NULL, true, NULL, false, 1, 'none', '2026-03-08 06:09:16.57+00', 'LAK', 'LAK', 'Culturel', 'd6c3e70a-d31f-4647-91e8-e12830d0c00d', NULL, NULL, false, 'confirmed', '2026-03-08', '2026-03-08'),
	('457bdbab-bb76-4ff8-8dbd-f85bd49f8be6', '6db47d6b-6e2e-4886-a262-520a91854f4c', '64de2c12-6e64-4fdd-9ec6-184c956dcb38', 'expense', 40000, 'LAK', 'Sorties', 'Biere', '2026-03-08', '2026-03-08', true, false, false, '2026-03-08 17:41:41.43813+00', 'bffe4068-e6bc-482c-8f97-24d6b4f8808b', '2026-03-18 11:46:02.986+00', NULL, true, NULL, false, 669.3618460206676, 'fx', '2026-03-08 17:41:40.065+00', 'LAK', 'THB', 'Culturel', 'd6c3e70a-d31f-4647-91e8-e12830d0c00d', NULL, NULL, false, 'confirmed', '2026-03-08', '2026-03-08'),
	('c2b26858-01f6-4f1c-a07e-965405b4ebb4', '6db47d6b-6e2e-4886-a262-520a91854f4c', '64de2c12-6e64-4fdd-9ec6-184c956dcb38', 'expense', 40000, 'LAK', 'Sorties', 'Biere', '2026-03-05', '2026-03-05', true, false, false, '2026-03-05 14:40:05.862477+00', 'bffe4068-e6bc-482c-8f97-24d6b4f8808b', '2026-03-05 14:40:05.862477+00', NULL, true, NULL, false, 1, 'none', '2026-03-05 14:40:05.065+00', 'LAK', 'LAK', 'Verre', 'd6c3e70a-d31f-4647-91e8-e12830d0c00d', NULL, NULL, false, 'confirmed', '2026-03-05', '2026-03-05'),
	('fcbac2b9-4199-4f42-9cb8-ca3e04cc6881', '6db47d6b-6e2e-4886-a262-520a91854f4c', '64de2c12-6e64-4fdd-9ec6-184c956dcb38', 'expense', 20000, 'LAK', 'Souvenir', 'Souvenir', '2026-03-07', '2026-03-07', true, false, false, '2026-03-07 12:09:50.771124+00', 'bffe4068-e6bc-482c-8f97-24d6b4f8808b', '2026-03-18 11:53:30.021+00', NULL, true, NULL, false, 1, 'none', '2026-03-07 12:09:50.124+00', 'LAK', 'LAK', 'Artisanat', 'd6c3e70a-d31f-4647-91e8-e12830d0c00d', NULL, NULL, false, 'confirmed', '2026-03-07', '2026-03-07'),
	('4ab4fff8-8778-41a4-a2d2-73fea51256ed', '6db47d6b-6e2e-4886-a262-520a91854f4c', '64de2c12-6e64-4fdd-9ec6-184c956dcb38', 'expense', 86000, 'LAK', 'Course', 'Course', '2026-03-06', '2026-03-06', true, false, false, '2026-03-06 04:41:52.162087+00', 'bffe4068-e6bc-482c-8f97-24d6b4f8808b', '2026-03-06 04:41:52.162087+00', NULL, true, NULL, false, 1, 'none', '2026-03-06 04:41:50.496+00', 'LAK', 'LAK', 'Supermarché', 'd6c3e70a-d31f-4647-91e8-e12830d0c00d', NULL, NULL, false, 'confirmed', '2026-03-06', '2026-03-06'),
	('9a4f4ff8-5704-49f9-905c-c7bbaab7d3be', '6db47d6b-6e2e-4886-a262-520a91854f4c', '64de2c12-6e64-4fdd-9ec6-184c956dcb38', 'expense', 45000, 'LAK', 'Course', 'Jus mango passion', '2026-03-08', '2026-03-08', true, false, false, '2026-03-08 06:08:56.377882+00', 'bffe4068-e6bc-482c-8f97-24d6b4f8808b', '2026-03-08 06:08:56.377882+00', NULL, true, NULL, false, 1, 'none', '2026-03-08 06:08:55.36+00', 'LAK', 'LAK', 'Supermarché', 'd6c3e70a-d31f-4647-91e8-e12830d0c00d', NULL, NULL, false, 'confirmed', '2026-03-08', '2026-03-08'),
	('d2de29c2-e368-4c74-b393-951ee018ebe9', '6db47d6b-6e2e-4886-a262-520a91854f4c', '64de2c12-6e64-4fdd-9ec6-184c956dcb38', 'expense', 100000, 'LAK', 'Caution', 'clef auberge vientiane', '2026-03-09', '2026-03-09', true, true, false, '2026-03-09 07:49:26.736024+00', 'bffe4068-e6bc-482c-8f97-24d6b4f8808b', '2026-03-09 07:49:26.736024+00', NULL, false, NULL, false, 1, 'none', '2026-03-09 07:49:26.293+00', 'LAK', 'LAK', 'Logement', 'd6c3e70a-d31f-4647-91e8-e12830d0c00d', NULL, NULL, false, 'confirmed', '2026-03-09', '2026-03-09'),
	('e15fee77-f194-4c3d-a61f-2fea62b9a6a2', '6db47d6b-6e2e-4886-a262-520a91854f4c', '6e21e00c-8e67-4878-a2d3-6bb3bb1c6ec5', 'income', 43.58, 'EUR', 'Revenu', 'Remb Mutuel', '2026-03-05', '2026-03-05', true, true, false, '2026-03-05 02:58:03.750389+00', 'bffe4068-e6bc-482c-8f97-24d6b4f8808b', '2026-03-18 11:54:48.354+00', NULL, true, NULL, false, 25254.19, 'fx', '2026-03-05 02:58:01.643+00', 'LAK', 'EUR', 'Remboursement', 'd6c3e70a-d31f-4647-91e8-e12830d0c00d', NULL, NULL, false, 'confirmed', '2026-03-05', '2026-03-05'),
	('1ad72b53-c7b9-40d9-a68e-0ab078f21f08', '6db47d6b-6e2e-4886-a262-520a91854f4c', '64de2c12-6e64-4fdd-9ec6-184c956dcb38', 'income', 3000000, 'LAK', 'Mouvement interne', 'Retrait', '2026-03-10', '2026-03-10', true, true, false, '2026-03-10 02:41:39.845389+00', 'bffe4068-e6bc-482c-8f97-24d6b4f8808b', '2026-03-10 02:42:02.442633+00', NULL, true, NULL, false, 1, 'none', '2026-03-10 02:41:39.474+00', 'LAK', 'LAK', 'Retrait', 'd6c3e70a-d31f-4647-91e8-e12830d0c00d', NULL, NULL, false, 'confirmed', '2026-03-10', '2026-03-10'),
	('8151f3a8-1a21-4d78-b220-abeb5dba58cc', '6db47d6b-6e2e-4886-a262-520a91854f4c', '6e21e00c-8e67-4878-a2d3-6bb3bb1c6ec5', 'expense', 300, 'EUR', 'Mouvement interne', 'Virement interne', '2026-03-05', '2026-03-05', true, true, false, '2026-03-05 02:58:12.663045+00', 'bffe4068-e6bc-482c-8f97-24d6b4f8808b', '2026-03-05 02:58:12.663045+00', NULL, true, NULL, false, 25254.19, 'fx', '2026-03-05 02:58:11.399+00', 'LAK', 'EUR', 'Virement', 'd6c3e70a-d31f-4647-91e8-e12830d0c00d', NULL, NULL, false, 'confirmed', '2026-03-05', '2026-03-05'),
	('3192bc4b-a329-4078-84b7-c5738b0c4674', '6db47d6b-6e2e-4886-a262-520a91854f4c', '4e2f798d-caa6-4134-9da1-57097cc07265', 'income', 300, 'EUR', 'Mouvement interne', 'Virement interne', '2026-03-05', '2026-03-05', true, true, false, '2026-03-05 02:58:26.575202+00', 'bffe4068-e6bc-482c-8f97-24d6b4f8808b', '2026-03-05 02:58:26.575202+00', NULL, true, NULL, false, 25254.19, 'fx', '2026-03-05 02:58:25.308+00', 'LAK', 'EUR', 'Virement', 'd6c3e70a-d31f-4647-91e8-e12830d0c00d', NULL, NULL, false, 'confirmed', '2026-03-05', '2026-03-05'),
	('c16ebb63-d2ec-4348-8ead-95ba3d42e511', 'b63f45f3-fc01-4714-8cc4-a09ab49e18c7', 'a34b80ed-1711-4205-8a7c-14e0e55eab93', 'expense', 50, 'THB', 'Repas', '[Trip] Test', '2026-03-15', '2026-03-15', false, false, false, '2026-03-15 07:23:03.572665+00', 'a17d77d8-2eb6-4e75-8622-55fa4a7de8dd', '2026-03-15 07:23:03.572665+00', NULL, true, NULL, true, 1, 'none', '2026-03-15 07:23:02.055+00', 'THB', 'THB', NULL, 'dd97e3e5-77b8-44e8-bcca-9dabb6fbc06d', NULL, NULL, false, 'confirmed', '2026-03-15', '2026-03-15'),
	('bdeaafe6-6bd4-43dc-920d-4c55135d108c', '6db47d6b-6e2e-4886-a262-520a91854f4c', '6999585d-9607-47f0-a565-37786bfb67d9', 'expense', 90, 'THB', 'Repas', 'Repas', '2026-02-12', '2026-02-12', true, false, false, '2026-02-12 09:35:34.269816+00', 'bffe4068-e6bc-482c-8f97-24d6b4f8808b', '2026-03-24 03:10:56.415+00', NULL, true, NULL, false, 1, 'none', '2026-02-25 16:06:30.935+00', 'THB', 'THB', 'Déjeuner', 'd6c3e70a-d31f-4647-91e8-e12830d0c00d', NULL, NULL, false, 'confirmed', '2026-02-12', '2026-02-12'),
	('877f0ce7-c4ae-4a91-ad1f-4e0639eb3a19', '6db47d6b-6e2e-4886-a262-520a91854f4c', '4e2f798d-caa6-4134-9da1-57097cc07265', 'expense', 6.38, 'EUR', 'Repas', 'Repas', '2026-03-18', '2026-03-18', true, false, false, '2026-03-18 13:58:49.503032+00', 'bffe4068-e6bc-482c-8f97-24d6b4f8808b', '2026-03-18 14:00:23.917+00', NULL, true, NULL, false, 30303.03, 'fx', '2026-03-18 13:58:49.327+00', 'VND', 'EUR', 'Dîner', 'd6c3e70a-d31f-4647-91e8-e12830d0c00d', NULL, NULL, false, 'confirmed', '2026-03-18', '2026-03-18'),
	('6edef93a-d2b5-45e2-9e07-2fe277f74bb5', '6db47d6b-6e2e-4886-a262-520a91854f4c', '0b8895e4-f4cb-4571-89ae-9a7afd42e7e0', 'expense', 20000, 'VND', 'Sorties', 'Sorties', '2026-03-19', '2026-03-19', true, false, false, '2026-03-19 07:21:58.958312+00', 'bffe4068-e6bc-482c-8f97-24d6b4f8808b', '2026-03-19 07:21:58.958312+00', NULL, true, NULL, false, 1, 'none', '2026-03-19 07:21:58.081+00', 'VND', 'VND', 'Verre', 'd6c3e70a-d31f-4647-91e8-e12830d0c00d', NULL, NULL, false, 'confirmed', '2026-03-19', '2026-03-19'),
	('72329d8b-2a1b-4f29-a280-d61386cfbcd1', '6db47d6b-6e2e-4886-a262-520a91854f4c', '0b8895e4-f4cb-4571-89ae-9a7afd42e7e0', 'expense', 95000, 'VND', 'Repas', 'Repas', '2026-03-20', '2026-03-20', true, false, false, '2026-03-20 04:10:11.124596+00', 'bffe4068-e6bc-482c-8f97-24d6b4f8808b', '2026-03-20 04:10:11.124596+00', NULL, true, NULL, false, 1, 'none', '2026-03-20 04:10:10.384+00', 'VND', 'VND', 'Petit-déjeuner', 'd6c3e70a-d31f-4647-91e8-e12830d0c00d', NULL, NULL, false, 'confirmed', '2026-03-20', '2026-03-20'),
	('644a7f24-465c-46a0-a826-0ed9dc92a3d8', '6db47d6b-6e2e-4886-a262-520a91854f4c', '0b8895e4-f4cb-4571-89ae-9a7afd42e7e0', 'expense', 40000, 'VND', 'Transport', 'Motorbike', '2026-03-16', '2026-03-16', true, false, false, '2026-03-16 05:08:55.209989+00', 'bffe4068-e6bc-482c-8f97-24d6b4f8808b', '2026-03-16 05:08:55.209989+00', NULL, true, NULL, false, 1, 'none', '2026-03-16 05:08:54.386+00', 'VND', 'VND', 'Taxi / VTC', 'd6c3e70a-d31f-4647-91e8-e12830d0c00d', NULL, NULL, false, 'confirmed', '2026-03-16', '2026-03-16'),
	('15928b2c-16cb-410c-9c9c-3b4e11831fa6', '6db47d6b-6e2e-4886-a262-520a91854f4c', '0b8895e4-f4cb-4571-89ae-9a7afd42e7e0', 'expense', 20000, 'VND', 'Repas', 'Repas', '2026-03-17', '2026-03-17', true, false, false, '2026-03-17 00:53:48.678387+00', 'bffe4068-e6bc-482c-8f97-24d6b4f8808b', '2026-03-17 00:53:48.678387+00', NULL, true, NULL, false, 1, 'none', '2026-03-17 00:53:47.527+00', 'VND', 'VND', 'Petit-déjeuner', 'd6c3e70a-d31f-4647-91e8-e12830d0c00d', NULL, NULL, false, 'confirmed', '2026-03-17', '2026-03-17'),
	('e650acd2-2cf8-4719-b6c8-0f2423f8e7e7', '6db47d6b-6e2e-4886-a262-520a91854f4c', '0b8895e4-f4cb-4571-89ae-9a7afd42e7e0', 'expense', 200000, 'VND', 'Sorties', 'Sorties', '2026-03-17', '2026-03-17', true, false, false, '2026-03-17 02:17:40.3007+00', 'bffe4068-e6bc-482c-8f97-24d6b4f8808b', '2026-03-17 02:17:40.3007+00', NULL, true, NULL, false, 1, 'none', '2026-03-17 02:17:39.758+00', 'VND', 'VND', 'Culturel', 'd6c3e70a-d31f-4647-91e8-e12830d0c00d', NULL, NULL, false, 'confirmed', '2026-03-17', '2026-03-17'),
	('f7da703d-b0ae-4287-a7aa-47bccf3ddf1a', '6db47d6b-6e2e-4886-a262-520a91854f4c', '0b8895e4-f4cb-4571-89ae-9a7afd42e7e0', 'expense', 10000, 'VND', 'Course', 'Course', '2026-03-18', '2026-03-18', true, false, false, '2026-03-18 06:45:14.984764+00', 'bffe4068-e6bc-482c-8f97-24d6b4f8808b', '2026-03-18 06:45:14.984764+00', NULL, true, NULL, false, 1, 'none', '2026-03-18 06:45:13.997+00', 'VND', 'VND', 'Eau', 'd6c3e70a-d31f-4647-91e8-e12830d0c00d', NULL, NULL, false, 'confirmed', '2026-03-18', '2026-03-18'),
	('3cd3d10f-698e-4b4e-8127-8b1a3617d5b4', '6db47d6b-6e2e-4886-a262-520a91854f4c', '0b8895e4-f4cb-4571-89ae-9a7afd42e7e0', 'expense', 300000, 'VND', 'Sorties', 'Sorties', '2026-03-17', '2026-03-17', true, false, false, '2026-03-18 06:51:20.422503+00', 'bffe4068-e6bc-482c-8f97-24d6b4f8808b', '2026-03-18 06:51:20.422503+00', NULL, true, NULL, false, 1, 'none', '2026-03-18 06:51:19.475+00', 'VND', 'VND', 'Fête', 'd6c3e70a-d31f-4647-91e8-e12830d0c00d', NULL, NULL, false, 'confirmed', '2026-03-17', '2026-03-17'),
	('56fb2b20-4591-493c-8f78-6390f3a76e60', '6db47d6b-6e2e-4886-a262-520a91854f4c', '64de2c12-6e64-4fdd-9ec6-184c956dcb38', 'expense', 176000, 'LAK', 'Logement', 'Auberge Vientiane', '2026-03-11', '2026-03-11', true, false, false, '2026-03-10 12:15:10.288199+00', 'bffe4068-e6bc-482c-8f97-24d6b4f8808b', '2026-03-10 12:15:10.288199+00', NULL, true, NULL, false, 1, 'none', '2026-03-10 12:15:09.841+00', 'LAK', 'LAK', 'Auberge', 'd6c3e70a-d31f-4647-91e8-e12830d0c00d', NULL, NULL, false, 'confirmed', '2026-03-11', '2026-03-11'),
	('d6837ccf-8a03-470f-ab1b-597c8800e437', '6db47d6b-6e2e-4886-a262-520a91854f4c', '64de2c12-6e64-4fdd-9ec6-184c956dcb38', 'expense', 100000, 'LAK', 'Transport', 'Velo', '2026-03-14', '2026-03-14', true, false, false, '2026-03-13 09:09:51.740949+00', 'bffe4068-e6bc-482c-8f97-24d6b4f8808b', '2026-03-13 09:09:51.740949+00', NULL, true, NULL, false, 1, 'none', '2026-03-13 09:09:50.022+00', 'LAK', 'LAK', 'Location vélo', 'd6c3e70a-d31f-4647-91e8-e12830d0c00d', NULL, NULL, false, 'confirmed', '2026-03-14', '2026-03-14'),
	('4c0ed530-4114-464e-9033-c497a981eb39', '6db47d6b-6e2e-4886-a262-520a91854f4c', '64de2c12-6e64-4fdd-9ec6-184c956dcb38', 'expense', 108000, 'LAK', 'Transport', 'Taxi', '2026-03-12', '2026-03-12', true, false, false, '2026-03-12 11:54:05.968675+00', 'bffe4068-e6bc-482c-8f97-24d6b4f8808b', '2026-03-12 11:54:05.968675+00', NULL, true, NULL, false, 1, 'none', '2026-03-12 11:53:52.516+00', 'LAK', 'LAK', 'Taxi / VTC', 'd6c3e70a-d31f-4647-91e8-e12830d0c00d', NULL, NULL, false, 'confirmed', '2026-03-12', '2026-03-12'),
	('698cf582-4bc7-4145-aab3-58497bfd275d', '6db47d6b-6e2e-4886-a262-520a91854f4c', '64de2c12-6e64-4fdd-9ec6-184c956dcb38', 'expense', 50000, 'LAK', 'Transport', 'Tuktuk', '2026-03-12', '2026-03-12', true, false, false, '2026-03-12 11:54:38.041102+00', 'bffe4068-e6bc-482c-8f97-24d6b4f8808b', '2026-03-12 11:54:38.041102+00', NULL, true, NULL, false, 1, 'none', '2026-03-12 11:54:35.94+00', 'LAK', 'LAK', 'Taxi / VTC', 'd6c3e70a-d31f-4647-91e8-e12830d0c00d', NULL, NULL, false, 'confirmed', '2026-03-12', '2026-03-12'),
	('5f05de2a-2848-4e3e-94ea-d0eb3abbc29c', '6db47d6b-6e2e-4886-a262-520a91854f4c', '4e2f798d-caa6-4134-9da1-57097cc07265', 'expense', 15.03, 'EUR', 'Logement', 'Auberge tokyo', '2026-03-25', '2026-03-25', true, false, false, '2026-03-20 17:32:47.597913+00', 'bffe4068-e6bc-482c-8f97-24d6b4f8808b', '2026-03-20 17:32:47.597913+00', NULL, true, NULL, false, 183.46, 'fx', '2026-03-20 17:32:46.787+00', 'JPY', 'EUR', 'Auberge', 'd6c3e70a-d31f-4647-91e8-e12830d0c00d', NULL, NULL, false, 'confirmed', '2026-03-25', '2026-03-25'),
	('6d6ff656-b811-4d0f-8850-275bb9ef826f', '6db47d6b-6e2e-4886-a262-520a91854f4c', '64de2c12-6e64-4fdd-9ec6-184c956dcb38', 'expense', 4000, 'LAK', 'Course', 'Eau', '2026-03-14', '2026-03-14', true, false, false, '2026-03-14 11:05:12.300443+00', 'bffe4068-e6bc-482c-8f97-24d6b4f8808b', '2026-03-14 11:05:12.300443+00', NULL, true, NULL, false, 1, 'none', '2026-03-14 11:05:12.06+00', 'LAK', 'LAK', 'Supermarché', 'd6c3e70a-d31f-4647-91e8-e12830d0c00d', NULL, NULL, false, 'confirmed', '2026-03-14', '2026-03-14'),
	('3982f6db-a92a-452a-a656-f5283691ebd2', '6db47d6b-6e2e-4886-a262-520a91854f4c', '64de2c12-6e64-4fdd-9ec6-184c956dcb38', 'expense', 20000, 'LAK', 'Course', 'Eau', '2026-03-07', '2026-03-07', true, false, false, '2026-03-07 03:29:18.66182+00', 'bffe4068-e6bc-482c-8f97-24d6b4f8808b', '2026-03-07 06:19:42.424726+00', NULL, true, NULL, false, 1, 'none', '2026-03-07 03:29:16.827+00', 'LAK', 'LAK', 'Supermarché', 'd6c3e70a-d31f-4647-91e8-e12830d0c00d', NULL, NULL, false, 'confirmed', '2026-03-07', '2026-03-07'),
	('a1ad5aeb-88c9-44d9-823d-78a0f535542e', '6db47d6b-6e2e-4886-a262-520a91854f4c', '64de2c12-6e64-4fdd-9ec6-184c956dcb38', 'income', 1500000, 'LAK', 'Mouvement interne', 'Retrait', '2026-03-14', '2026-03-14', true, true, false, '2026-03-14 11:05:45.413788+00', 'bffe4068-e6bc-482c-8f97-24d6b4f8808b', '2026-03-14 11:05:45.413788+00', NULL, false, NULL, false, 1, 'none', '2026-03-14 11:05:45.171+00', 'LAK', 'LAK', 'Retrait', 'd6c3e70a-d31f-4647-91e8-e12830d0c00d', NULL, NULL, false, 'confirmed', '2026-03-14', '2026-03-14'),
	('1c6b7d56-1fbc-4dbf-82f9-265c8f154c35', '6db47d6b-6e2e-4886-a262-520a91854f4c', '0b8895e4-f4cb-4571-89ae-9a7afd42e7e0', 'expense', 150000, 'VND', 'Sorties', 'Sorties', '2026-03-21', '2026-03-21', true, false, false, '2026-03-21 09:29:16.791377+00', 'bffe4068-e6bc-482c-8f97-24d6b4f8808b', '2026-03-21 09:29:16.791377+00', NULL, true, NULL, false, 1, 'none', '2026-03-21 09:29:16.107+00', 'VND', 'VND', 'Culturel', 'd6c3e70a-d31f-4647-91e8-e12830d0c00d', NULL, NULL, false, 'confirmed', '2026-03-21', '2026-03-21'),
	('80f8b0a2-4d5b-43cf-95af-5b586a79d2a0', '6db47d6b-6e2e-4886-a262-520a91854f4c', '0b8895e4-f4cb-4571-89ae-9a7afd42e7e0', 'expense', 95000, 'VND', 'Repas', 'Repas', '2026-03-22', '2026-03-22', true, false, false, '2026-03-22 03:44:00.596912+00', 'bffe4068-e6bc-482c-8f97-24d6b4f8808b', '2026-03-22 03:44:00.596912+00', NULL, true, NULL, false, 1, 'none', '2026-03-22 03:43:58.932+00', 'VND', 'VND', 'Snack', 'd6c3e70a-d31f-4647-91e8-e12830d0c00d', NULL, NULL, false, 'confirmed', '2026-03-22', '2026-03-22'),
	('4bec90bf-5b6f-49b4-93c6-7e0ec49d965a', '6db47d6b-6e2e-4886-a262-520a91854f4c', '0b8895e4-f4cb-4571-89ae-9a7afd42e7e0', 'expense', 50000, 'VND', 'Transport', 'Tips Grab pour Velo', '2026-03-22', '2026-03-22', true, false, false, '2026-03-22 13:40:32.690681+00', 'bffe4068-e6bc-482c-8f97-24d6b4f8808b', '2026-03-22 13:40:32.690681+00', NULL, true, NULL, false, 1, 'none', '2026-03-22 13:40:32.28+00', 'VND', 'VND', 'Taxi / VTC', 'd6c3e70a-d31f-4647-91e8-e12830d0c00d', NULL, NULL, false, 'confirmed', '2026-03-22', '2026-03-22'),
	('7f85f2e5-b34c-4359-8018-de85475050d6', '6db47d6b-6e2e-4886-a262-520a91854f4c', '0b8895e4-f4cb-4571-89ae-9a7afd42e7e0', 'expense', 40000, 'VND', 'Laundry', 'Laundry', '2026-03-22', '2026-03-22', true, false, false, '2026-03-21 09:28:04.314491+00', 'bffe4068-e6bc-482c-8f97-24d6b4f8808b', '2026-03-23 03:06:47.931+00', NULL, true, NULL, false, 1, 'none', '2026-03-21 09:28:03.227+00', 'VND', 'VND', NULL, 'd6c3e70a-d31f-4647-91e8-e12830d0c00d', NULL, NULL, false, 'confirmed', '2026-03-22', '2026-03-22'),
	('c71dcb67-793c-4dba-ad86-d1d0b8195231', '6db47d6b-6e2e-4886-a262-520a91854f4c', '0b8895e4-f4cb-4571-89ae-9a7afd42e7e0', 'expense', 120000, 'VND', 'Repas', 'Repas', '2026-03-23', '2026-03-23', true, false, false, '2026-03-23 07:05:26.804304+00', 'bffe4068-e6bc-482c-8f97-24d6b4f8808b', '2026-03-23 07:05:26.804304+00', NULL, true, NULL, false, 1, 'none', '2026-03-23 07:05:25.148+00', 'VND', 'VND', 'Déjeuner', 'd6c3e70a-d31f-4647-91e8-e12830d0c00d', NULL, NULL, false, 'confirmed', '2026-03-23', '2026-03-23'),
	('8b2ad057-1ac1-46d7-91fd-bcb120f57faa', '6db47d6b-6e2e-4886-a262-520a91854f4c', '64de2c12-6e64-4fdd-9ec6-184c956dcb38', 'expense', 220000, 'LAK', 'Autre', 'Protection téléphone et nouveau écouteur', '2026-03-14', '2026-03-14', true, false, false, '2026-03-14 11:05:02.659007+00', 'bffe4068-e6bc-482c-8f97-24d6b4f8808b', '2026-03-24 03:10:09.998+00', NULL, false, NULL, false, 1, 'none', '2026-03-14 11:05:02.406+00', 'LAK', 'LAK', NULL, 'd6c3e70a-d31f-4647-91e8-e12830d0c00d', NULL, NULL, false, 'confirmed', '2026-03-14', '2026-03-14'),
	('444c7855-d50d-4b53-8c3f-90c963df9e20', '6db47d6b-6e2e-4886-a262-520a91854f4c', '4e2f798d-caa6-4134-9da1-57097cc07265', 'expense', 12, 'EUR', 'Frais bancaire', 'Frais bancaire', '2026-03-09', '2026-03-09', true, false, false, '2026-03-09 08:58:23.099929+00', 'bffe4068-e6bc-482c-8f97-24d6b4f8808b', '2026-03-24 03:10:18.387+00', NULL, false, NULL, false, 24743.63, 'fx', '2026-03-09 08:58:22.946+00', 'LAK', 'EUR', 'Tenue de compte', 'd6c3e70a-d31f-4647-91e8-e12830d0c00d', NULL, NULL, false, 'confirmed', '2026-03-09', '2026-03-09'),
	('2a4e8783-5951-43c8-980a-d9d49929aa9a', '6db47d6b-6e2e-4886-a262-520a91854f4c', '4e2f798d-caa6-4134-9da1-57097cc07265', 'expense', 1000, 'EUR', 'Autre', 'Remboursement Mamie', '2026-09-05', '2026-09-05', false, true, false, '2026-03-25 09:10:36.075461+00', 'bffe4068-e6bc-482c-8f97-24d6b4f8808b', '2026-04-18 05:41:16.592+00', NULL, false, NULL, false, NULL, NULL, '2026-03-25 09:10:36.075461+00', NULL, NULL, 'Remboursement', 'd6c3e70a-d31f-4647-91e8-e12830d0c00d', 'e7907111-b085-45ee-ba65-d816779da1f9', '2026-09-05', true, 'generated', '2026-09-05', '2026-09-05'),
	('c1177f9f-25ef-4844-88f6-89494e7c4337', '6db47d6b-6e2e-4886-a262-520a91854f4c', '73d2ed75-3bd8-44fd-b907-17ecee6b2231', 'expense', 310, 'JPY', 'Logement', 'Manga club', '2026-04-18', '2026-04-18', true, false, false, '2026-04-18 13:57:59.316236+00', 'bffe4068-e6bc-482c-8f97-24d6b4f8808b', '2026-04-18 13:57:59.316236+00', NULL, true, NULL, false, 1, 'none', '2026-04-18 13:57:58.407+00', 'JPY', 'JPY', 'Auberge', 'd6c3e70a-d31f-4647-91e8-e12830d0c00d', NULL, NULL, false, 'confirmed', '2026-04-18', '2026-04-18'),
	('a76c44d3-84a5-4037-94e8-e54d5f43691d', '6db47d6b-6e2e-4886-a262-520a91854f4c', '6e21e00c-8e67-4878-a2d3-6bb3bb1c6ec5', 'expense', 600, 'EUR', 'Autre', 'Remboursement Maman', '2026-09-05', '2026-09-05', false, true, false, '2026-03-25 09:08:28.243279+00', 'bffe4068-e6bc-482c-8f97-24d6b4f8808b', '2026-03-25 09:21:06.636+00', NULL, false, NULL, false, 1.6652, 'fx', '2026-03-25 09:08:27.59+00', 'AUD', 'EUR', 'Remboursement', 'd6c3e70a-d31f-4647-91e8-e12830d0c00d', NULL, NULL, false, 'confirmed', '2026-09-05', '2026-09-05'),
	('6dbc4874-795a-428a-af59-1e763390a001', '6db47d6b-6e2e-4886-a262-520a91854f4c', '73d2ed75-3bd8-44fd-b907-17ecee6b2231', 'expense', 1800, 'JPY', 'Repas', 'Repas', '2026-03-26', '2026-03-26', true, false, false, '2026-03-26 04:19:00.360368+00', 'bffe4068-e6bc-482c-8f97-24d6b4f8808b', '2026-03-26 04:19:00.360368+00', NULL, true, NULL, false, 1, 'none', '2026-03-26 04:19:00.378+00', 'JPY', 'JPY', 'Déjeuner', 'd6c3e70a-d31f-4647-91e8-e12830d0c00d', NULL, NULL, false, 'confirmed', '2026-03-26', '2026-03-26'),
	('ba870c3d-b9ca-4ac9-b12f-2f5f6638b7d0', '6db47d6b-6e2e-4886-a262-520a91854f4c', '73d2ed75-3bd8-44fd-b907-17ecee6b2231', 'expense', 160, 'JPY', 'Transport', 'Transport', '2026-03-26', '2026-03-26', true, false, false, '2026-03-26 04:19:13.137055+00', 'bffe4068-e6bc-482c-8f97-24d6b4f8808b', '2026-03-26 04:19:13.137055+00', NULL, true, NULL, false, 1, 'none', '2026-03-26 04:19:13.045+00', 'JPY', 'JPY', 'Métro', 'd6c3e70a-d31f-4647-91e8-e12830d0c00d', NULL, NULL, false, 'confirmed', '2026-03-26', '2026-03-26'),
	('727811c5-f743-466c-8016-cf144467c8ec', '6db47d6b-6e2e-4886-a262-520a91854f4c', '73d2ed75-3bd8-44fd-b907-17ecee6b2231', 'expense', 200, 'JPY', 'Transport', 'Transport', '2026-03-26', '2026-03-26', true, false, false, '2026-03-26 04:19:24.634713+00', 'bffe4068-e6bc-482c-8f97-24d6b4f8808b', '2026-03-26 04:19:24.634713+00', NULL, true, NULL, false, 1, 'none', '2026-03-26 04:19:24.664+00', 'JPY', 'JPY', 'Métro', 'd6c3e70a-d31f-4647-91e8-e12830d0c00d', NULL, NULL, false, 'confirmed', '2026-03-26', '2026-03-26'),
	('b86b77b9-64ab-4511-83ec-ef98681a82e9', '6db47d6b-6e2e-4886-a262-520a91854f4c', '73d2ed75-3bd8-44fd-b907-17ecee6b2231', 'expense', 200, 'JPY', 'Transport', 'Transport', '2026-03-26', '2026-03-26', true, false, false, '2026-03-26 04:19:34.057873+00', 'bffe4068-e6bc-482c-8f97-24d6b4f8808b', '2026-03-26 04:19:34.057873+00', NULL, true, NULL, false, 1, 'none', '2026-03-26 04:19:34.157+00', 'JPY', 'JPY', 'Métro', 'd6c3e70a-d31f-4647-91e8-e12830d0c00d', NULL, NULL, false, 'confirmed', '2026-03-26', '2026-03-26'),
	('01d98dcf-80b8-4527-af03-3170a3ae19e7', '6db47d6b-6e2e-4886-a262-520a91854f4c', '4e2f798d-caa6-4134-9da1-57097cc07265', 'expense', 3.21, 'EUR', 'Repas', 'Repas', '2026-03-25', '2026-03-25', true, false, false, '2026-03-26 04:20:50.253608+00', 'bffe4068-e6bc-482c-8f97-24d6b4f8808b', '2026-03-26 04:20:50.253608+00', NULL, true, NULL, false, 184.27, 'fx', '2026-03-26 04:20:49.387+00', 'JPY', 'EUR', 'Snack', 'd6c3e70a-d31f-4647-91e8-e12830d0c00d', NULL, NULL, false, 'confirmed', '2026-03-25', '2026-03-25'),
	('7b4347e5-d016-4d72-a57b-796d961718a0', '6db47d6b-6e2e-4886-a262-520a91854f4c', '73d2ed75-3bd8-44fd-b907-17ecee6b2231', 'income', 50000, 'JPY', 'Mouvement interne', 'Mouvement interne', '2026-03-25', '2026-03-25', true, true, false, '2026-03-26 04:22:10.961012+00', 'bffe4068-e6bc-482c-8f97-24d6b4f8808b', '2026-03-26 04:22:10.961012+00', NULL, false, NULL, false, 1, 'none', '2026-03-26 04:22:11.025+00', 'JPY', 'JPY', 'Retrait', 'd6c3e70a-d31f-4647-91e8-e12830d0c00d', NULL, NULL, false, 'confirmed', '2026-03-25', '2026-03-25'),
	('e7195401-eebb-48cb-8e69-67dcb4806279', '6db47d6b-6e2e-4886-a262-520a91854f4c', '4e2f798d-caa6-4134-9da1-57097cc07265', 'expense', 273.44, 'EUR', 'Mouvement interne', 'Mouvement interne', '2026-03-25', '2026-03-25', true, true, false, '2026-03-26 04:21:35.767464+00', 'bffe4068-e6bc-482c-8f97-24d6b4f8808b', '2026-03-26 04:22:24.091+00', NULL, false, NULL, false, 184.27, 'fx', '2026-03-26 04:21:35.008+00', 'JPY', 'EUR', 'Retrait', 'd6c3e70a-d31f-4647-91e8-e12830d0c00d', NULL, NULL, false, 'confirmed', '2026-03-25', '2026-03-25'),
	('0e07d60b-29ef-483b-b14b-849a7abb067f', '6db47d6b-6e2e-4886-a262-520a91854f4c', '4e2f798d-caa6-4134-9da1-57097cc07265', 'expense', 4.4, 'EUR', 'Cadeau', '[Trip] Cadeau Aya', '2026-03-26', '2026-03-26', false, false, false, '2026-03-26 04:24:05.625609+00', 'bffe4068-e6bc-482c-8f97-24d6b4f8808b', '2026-03-26 04:24:05.625609+00', NULL, true, NULL, true, 184.27, 'fx', '2026-03-26 04:24:05.729+00', 'JPY', 'EUR', 'Cadeau', 'd6c3e70a-d31f-4647-91e8-e12830d0c00d', NULL, NULL, false, 'confirmed', '2026-03-26', '2026-03-26'),
	('5345b915-15e0-4dd2-a0dc-a96e9635c38e', '6db47d6b-6e2e-4886-a262-520a91854f4c', '73d2ed75-3bd8-44fd-b907-17ecee6b2231', 'expense', 1890, 'JPY', 'Repas', '[Trip] Ramen', '2026-04-25', '2026-04-25', false, false, false, '2026-04-25 06:01:46.809294+00', 'bffe4068-e6bc-482c-8f97-24d6b4f8808b', '2026-04-25 06:01:46.809294+00', NULL, true, NULL, true, 1, 'none', '2026-04-25 06:01:46.443+00', 'JPY', 'JPY', 'Déjeuner', 'd6c3e70a-d31f-4647-91e8-e12830d0c00d', NULL, NULL, false, 'confirmed', '2026-04-25', '2026-04-25'),
	('991a676e-c12a-44e6-9cf2-0f2a3a64d030', '6db47d6b-6e2e-4886-a262-520a91854f4c', '73d2ed75-3bd8-44fd-b907-17ecee6b2231', 'expense', 4000, 'JPY', 'Transport', '[Trip] Avance - Recharge', '2026-04-27', '2026-04-27', true, true, false, '2026-04-27 06:24:18.27198+00', 'bffe4068-e6bc-482c-8f97-24d6b4f8808b', '2026-04-27 06:24:18.27198+00', 'df6f5848-6a8f-489d-a4c7-64738eabcd06', false, NULL, false, 1, 'none', '2026-04-27 06:24:17.192+00', 'JPY', 'JPY', 'Bus local', 'd6c3e70a-d31f-4647-91e8-e12830d0c00d', NULL, NULL, false, 'confirmed', '2026-04-27', '2026-04-27'),
	('e8b101b8-c787-4378-8842-97d76a0b5465', '6db47d6b-6e2e-4886-a262-520a91854f4c', '4e2f798d-caa6-4134-9da1-57097cc07265', 'expense', 23, 'EUR', 'Projet Personnel', 'ChatGPT', '2026-07-13', '2026-07-13', false, true, false, '2026-03-15 04:29:28.197012+00', 'bffe4068-e6bc-482c-8f97-24d6b4f8808b', '2026-04-12 15:10:21.922+00', NULL, false, NULL, false, NULL, NULL, '2026-03-15 04:29:28.197012+00', NULL, NULL, 'Abonnement', 'd6c3e70a-d31f-4647-91e8-e12830d0c00d', 'a245cbe4-a5a9-463a-acd9-1007e7255607', '2026-07-13', true, 'generated', '2026-07-13', '2026-07-13'),
	('bfa3427e-d7d8-4f14-a2bb-b51eeb3598c2', '6db47d6b-6e2e-4886-a262-520a91854f4c', '4e2f798d-caa6-4134-9da1-57097cc07265', 'expense', 23, 'EUR', 'Projet Personnel', 'ChatGPT', '2026-08-13', '2026-08-13', false, true, false, '2026-03-15 04:29:28.197012+00', 'bffe4068-e6bc-482c-8f97-24d6b4f8808b', '2026-04-12 15:10:21.922+00', NULL, false, NULL, false, NULL, NULL, '2026-03-15 04:29:28.197012+00', NULL, NULL, 'Abonnement', 'd6c3e70a-d31f-4647-91e8-e12830d0c00d', 'a245cbe4-a5a9-463a-acd9-1007e7255607', '2026-08-13', true, 'generated', '2026-08-13', '2026-08-13'),
	('8f69111d-5187-4bbd-bde7-faae3974d39d', '6db47d6b-6e2e-4886-a262-520a91854f4c', '4e2f798d-caa6-4134-9da1-57097cc07265', 'expense', 23, 'EUR', 'Projet Personnel', 'ChatGPT', '2026-09-13', '2026-09-13', false, true, false, '2026-03-15 04:29:28.197012+00', 'bffe4068-e6bc-482c-8f97-24d6b4f8808b', '2026-04-12 15:10:21.922+00', NULL, false, NULL, false, NULL, NULL, '2026-03-15 04:29:28.197012+00', NULL, NULL, 'Abonnement', 'd6c3e70a-d31f-4647-91e8-e12830d0c00d', 'a245cbe4-a5a9-463a-acd9-1007e7255607', '2026-09-13', true, 'generated', '2026-09-13', '2026-09-13'),
	('cb99ea6d-51c0-419d-ad24-fd6e9687fc00', '6db47d6b-6e2e-4886-a262-520a91854f4c', '4e2f798d-caa6-4134-9da1-57097cc07265', 'expense', 53.2, 'EUR', 'Transport', 'Kyoto to Fujinomiya', '2026-04-29', '2026-04-29', true, false, false, '2026-04-29 07:27:59.272307+00', 'bffe4068-e6bc-482c-8f97-24d6b4f8808b', '2026-04-29 07:27:59.272307+00', NULL, true, NULL, false, 186.58, 'fx', '2026-04-29 07:27:56.09+00', 'JPY', 'EUR', 'Train local', 'd6c3e70a-d31f-4647-91e8-e12830d0c00d', NULL, NULL, false, 'confirmed', '2026-04-29', '2026-04-29'),
	('856f3184-331a-4fe1-8a05-252df92cf66d', '6db47d6b-6e2e-4886-a262-520a91854f4c', '770e54aa-eedf-469c-aa6e-923b82f0ae52', 'expense', 1600, 'AUD', 'Immo', 'Partage voiture avec Dim', '2026-05-14', '2026-05-14', false, true, false, '2026-05-01 02:50:50.891605+00', 'bffe4068-e6bc-482c-8f97-24d6b4f8808b', '2026-05-01 04:56:20.760403+00', NULL, false, NULL, false, 1, 'none', '2026-05-01 02:50:48.329+00', 'AUD', 'AUD', 'Voiture', 'd6c3e70a-d31f-4647-91e8-e12830d0c00d', NULL, NULL, false, 'confirmed', '2026-05-14', '2026-05-14'),
	('fa0241bb-04f8-4403-96d2-362fe1759f7b', '6db47d6b-6e2e-4886-a262-520a91854f4c', '4e2f798d-caa6-4134-9da1-57097cc07265', 'expense', 8.79, 'EUR', 'Cadeau', '[Trip] Avance - Cadeau Aya', '2026-03-26', '2026-03-26', true, true, false, '2026-03-26 04:23:59.712107+00', 'bffe4068-e6bc-482c-8f97-24d6b4f8808b', '2026-03-26 04:23:59.712107+00', '928e5047-cffc-476d-9af1-6338c4270084', false, NULL, false, 184.27, 'fx', '2026-03-26 04:23:59.792+00', 'JPY', 'EUR', 'Cadeau', 'd6c3e70a-d31f-4647-91e8-e12830d0c00d', NULL, NULL, false, 'confirmed', '2026-03-26', '2026-03-26'),
	('92d1580a-da96-4c8b-a6d5-3b8271582144', '6db47d6b-6e2e-4886-a262-520a91854f4c', '73d2ed75-3bd8-44fd-b907-17ecee6b2231', 'expense', 3380, 'JPY', 'Sorties', '[Trip] Avance - Verre et billard', '2026-03-26', '2026-03-26', true, true, false, '2026-03-26 04:53:10.95223+00', 'bffe4068-e6bc-482c-8f97-24d6b4f8808b', '2026-03-26 04:53:10.95223+00', '8726c45d-f282-45cc-8796-3e94613f9879', false, NULL, false, 1, 'none', '2026-03-26 04:53:10.622+00', 'JPY', 'JPY', 'Fête', 'd6c3e70a-d31f-4647-91e8-e12830d0c00d', NULL, NULL, false, 'confirmed', '2026-03-26', '2026-03-26'),
	('2ff65314-1625-4dbf-bcb1-8e3b8519832e', '6db47d6b-6e2e-4886-a262-520a91854f4c', '73d2ed75-3bd8-44fd-b907-17ecee6b2231', 'expense', 1370, 'JPY', 'Repas', '[Trip] Tkt j''ai screen', '2026-04-17', '2026-04-17', false, false, false, '2026-04-17 10:53:07.212228+00', 'bffe4068-e6bc-482c-8f97-24d6b4f8808b', '2026-04-17 10:53:07.212228+00', NULL, true, NULL, true, 1, 'none', '2026-04-17 10:53:06.524+00', 'JPY', 'JPY', 'Dîner', 'd6c3e70a-d31f-4647-91e8-e12830d0c00d', NULL, NULL, false, 'confirmed', '2026-04-17', '2026-04-17'),
	('08061c0f-875c-4148-bd79-6eee7a4e9f84', '6db47d6b-6e2e-4886-a262-520a91854f4c', '4e2f798d-caa6-4134-9da1-57097cc07265', 'expense', 12.1, 'EUR', 'Repas', 'Burgerking', '2026-05-04', '2026-05-04', true, false, false, '2026-05-04 08:06:20.982259+00', 'bffe4068-e6bc-482c-8f97-24d6b4f8808b', '2026-05-04 08:06:20.982259+00', NULL, true, NULL, false, 183.21, 'fx', '2026-05-04 08:06:20.348+00', 'JPY', 'EUR', 'Déjeuner', 'd6c3e70a-d31f-4647-91e8-e12830d0c00d', NULL, NULL, false, 'confirmed', '2026-05-04', '2026-05-04'),
	('a62cbecf-ba33-4340-81da-c2ccf2fd515e', '6db47d6b-6e2e-4886-a262-520a91854f4c', '73d2ed75-3bd8-44fd-b907-17ecee6b2231', 'expense', 180, 'JPY', 'Transport', 'Transport', '2026-03-26', '2026-03-26', true, false, false, '2026-03-26 05:14:58.987083+00', 'bffe4068-e6bc-482c-8f97-24d6b4f8808b', '2026-03-26 05:14:58.987083+00', NULL, true, NULL, false, 1, 'none', '2026-03-26 05:14:58.092+00', 'JPY', 'JPY', 'Métro', 'd6c3e70a-d31f-4647-91e8-e12830d0c00d', NULL, NULL, false, 'confirmed', '2026-03-26', '2026-03-26'),
	('ac20f440-a06a-4b43-896a-ffa1c23015f9', '6db47d6b-6e2e-4886-a262-520a91854f4c', '73d2ed75-3bd8-44fd-b907-17ecee6b2231', 'expense', 1000, 'JPY', 'Transport', 'Transport', '2026-03-26', '2026-03-26', true, false, false, '2026-03-26 05:24:56.495967+00', 'bffe4068-e6bc-482c-8f97-24d6b4f8808b', '2026-03-26 05:24:56.495967+00', NULL, true, NULL, false, 1, 'none', '2026-03-26 05:24:55.46+00', 'JPY', 'JPY', 'Métro', 'd6c3e70a-d31f-4647-91e8-e12830d0c00d', NULL, NULL, false, 'confirmed', '2026-03-26', '2026-03-26'),
	('97a91740-8a2c-434f-8a4f-c57aa4467fee', '6db47d6b-6e2e-4886-a262-520a91854f4c', '73d2ed75-3bd8-44fd-b907-17ecee6b2231', 'expense', 1400, 'JPY', 'Repas', 'Repas', '2026-03-26', '2026-03-26', true, false, false, '2026-03-26 15:14:29.047659+00', 'bffe4068-e6bc-482c-8f97-24d6b4f8808b', '2026-03-26 15:14:29.047659+00', NULL, true, NULL, false, 1, 'none', '2026-03-26 15:14:28.141+00', 'JPY', 'JPY', 'Dîner', 'd6c3e70a-d31f-4647-91e8-e12830d0c00d', NULL, NULL, false, 'confirmed', '2026-03-26', '2026-03-26'),
	('73687c53-2111-433d-95d7-f1e17a859a20', '6db47d6b-6e2e-4886-a262-520a91854f4c', '73d2ed75-3bd8-44fd-b907-17ecee6b2231', 'expense', 600, 'JPY', 'Sorties', 'Sorties', '2026-03-26', '2026-03-26', true, false, false, '2026-03-26 15:14:47.309919+00', 'bffe4068-e6bc-482c-8f97-24d6b4f8808b', '2026-03-26 15:14:47.309919+00', NULL, true, NULL, false, 1, 'none', '2026-03-26 15:14:46.764+00', 'JPY', 'JPY', 'Fête', 'd6c3e70a-d31f-4647-91e8-e12830d0c00d', NULL, NULL, false, 'confirmed', '2026-03-26', '2026-03-26'),
	('dab521f1-37cc-45a4-89be-4e8071ea40ad', '6db47d6b-6e2e-4886-a262-520a91854f4c', '73d2ed75-3bd8-44fd-b907-17ecee6b2231', 'expense', 1400, 'JPY', 'Repas', 'Repas', '2026-03-28', '2026-03-28', true, false, false, '2026-03-28 07:22:52.258879+00', 'bffe4068-e6bc-482c-8f97-24d6b4f8808b', '2026-03-28 07:22:52.258879+00', NULL, true, NULL, false, 1, 'none', '2026-03-28 07:22:48.874+00', 'JPY', 'JPY', 'Déjeuner', 'd6c3e70a-d31f-4647-91e8-e12830d0c00d', NULL, NULL, false, 'confirmed', '2026-03-28', '2026-03-28'),
	('7cc55636-eb86-45a6-b7f2-aba37cd378c1', '6db47d6b-6e2e-4886-a262-520a91854f4c', '73d2ed75-3bd8-44fd-b907-17ecee6b2231', 'expense', 380, 'JPY', 'Sorties', 'Sorties', '2026-03-28', '2026-03-28', true, false, false, '2026-03-28 07:26:10.351637+00', 'bffe4068-e6bc-482c-8f97-24d6b4f8808b', '2026-03-28 07:26:10.351637+00', NULL, true, NULL, false, 1, 'none', '2026-03-28 07:26:06.859+00', 'JPY', 'JPY', 'Fête', 'd6c3e70a-d31f-4647-91e8-e12830d0c00d', NULL, NULL, false, 'confirmed', '2026-03-28', '2026-03-28'),
	('965d1ea7-0ce1-4b2c-b7a9-2b54e616a6c4', '6db47d6b-6e2e-4886-a262-520a91854f4c', '4e2f798d-caa6-4134-9da1-57097cc07265', 'income', 100, 'EUR', 'Mouvement interne', 'Mouvement interne', '2026-03-28', '2026-03-28', true, true, false, '2026-03-28 08:53:14.847429+00', 'bffe4068-e6bc-482c-8f97-24d6b4f8808b', '2026-03-28 08:53:14.847429+00', NULL, false, NULL, false, 184.16, 'fx', '2026-03-28 08:53:10.521+00', 'JPY', 'EUR', 'Virement', 'd6c3e70a-d31f-4647-91e8-e12830d0c00d', NULL, NULL, false, 'confirmed', '2026-03-28', '2026-03-28'),
	('488a4b85-3d38-4299-b201-0eebdfa20330', '6db47d6b-6e2e-4886-a262-520a91854f4c', '4e2f798d-caa6-4134-9da1-57097cc07265', 'expense', 85.65, 'EUR', 'Sorties', 'Ski', '2026-03-29', '2026-03-31', true, false, false, '2026-03-28 08:53:44.544012+00', 'bffe4068-e6bc-482c-8f97-24d6b4f8808b', '2026-03-28 08:53:44.544012+00', NULL, true, NULL, false, 184.16, 'fx', '2026-03-28 08:53:41.419+00', 'JPY', 'EUR', 'Sportive', 'd6c3e70a-d31f-4647-91e8-e12830d0c00d', NULL, NULL, false, 'confirmed', '2026-03-29', '2026-03-31'),
	('eca1ba0f-51c8-4b15-8283-cd53ba8d9b65', '6db47d6b-6e2e-4886-a262-520a91854f4c', '6e21e00c-8e67-4878-a2d3-6bb3bb1c6ec5', 'expense', 100, 'EUR', 'Mouvement interne', 'Mouvement interne', '2026-03-28', '2026-03-28', true, true, false, '2026-03-28 08:54:10.30663+00', 'bffe4068-e6bc-482c-8f97-24d6b4f8808b', '2026-03-28 08:54:10.30663+00', NULL, false, NULL, false, 184.16, 'fx', '2026-03-28 08:54:07.203+00', 'JPY', 'EUR', 'Virement', 'd6c3e70a-d31f-4647-91e8-e12830d0c00d', NULL, NULL, false, 'confirmed', '2026-03-28', '2026-03-28'),
	('0b4dd58d-f487-4808-aba4-c14db5f21da7', '6db47d6b-6e2e-4886-a262-520a91854f4c', '73d2ed75-3bd8-44fd-b907-17ecee6b2231', 'expense', 10000, 'JPY', 'Transport', 'Taxi aeroport', '2026-03-26', '2026-03-26', true, false, false, '2026-03-26 04:18:48.052907+00', 'bffe4068-e6bc-482c-8f97-24d6b4f8808b', '2026-04-02 00:04:48.622+00', NULL, true, NULL, false, 1, 'none', '2026-03-26 04:18:46.931+00', 'JPY', 'JPY', 'Taxi / VTC', 'd6c3e70a-d31f-4647-91e8-e12830d0c00d', NULL, NULL, false, 'confirmed', '2026-03-26', '2026-03-26'),
	('3ed138a0-74d0-4c82-91a9-32b65925540f', '6db47d6b-6e2e-4886-a262-520a91854f4c', '73d2ed75-3bd8-44fd-b907-17ecee6b2231', 'expense', 1000, 'JPY', 'Sorties', '[Trip] Temple legendaire', '2026-04-25', '2026-04-25', false, false, false, '2026-04-25 07:19:40.981665+00', 'bffe4068-e6bc-482c-8f97-24d6b4f8808b', '2026-04-25 07:19:40.981665+00', NULL, true, NULL, true, 1, 'none', '2026-04-25 07:19:40.519+00', 'JPY', 'JPY', 'Culturel', 'd6c3e70a-d31f-4647-91e8-e12830d0c00d', NULL, NULL, false, 'confirmed', '2026-04-25', '2026-04-25'),
	('a65ad45e-2dbe-4e4d-9eee-1dbe60ffad26', '6db47d6b-6e2e-4886-a262-520a91854f4c', '6e21e00c-8e67-4878-a2d3-6bb3bb1c6ec5', 'income', 4000, 'EUR', 'Revenu', 'Mamie pour Australie', '2026-03-29', '2026-03-29', true, false, false, '2026-03-28 22:09:25.164779+00', 'bffe4068-e6bc-482c-8f97-24d6b4f8808b', '2026-03-28 22:09:25.164779+00', NULL, true, NULL, false, 184.16, 'fx', '2026-03-28 22:09:24.175+00', 'JPY', 'EUR', 'Autre revenu', 'd6c3e70a-d31f-4647-91e8-e12830d0c00d', NULL, NULL, false, 'confirmed', '2026-03-29', '2026-03-29'),
	('fb7177ba-fd7c-4d0e-9846-a59801aecea0', '6db47d6b-6e2e-4886-a262-520a91854f4c', '73d2ed75-3bd8-44fd-b907-17ecee6b2231', 'expense', 2000, 'JPY', 'Transport', '[Trip] Recharge', '2026-04-27', '2026-04-27', false, false, false, '2026-04-27 06:24:23.594982+00', 'bffe4068-e6bc-482c-8f97-24d6b4f8808b', '2026-04-27 06:24:23.594982+00', NULL, true, NULL, true, 1, 'none', '2026-04-27 06:24:22.875+00', 'JPY', 'JPY', 'Bus local', 'd6c3e70a-d31f-4647-91e8-e12830d0c00d', NULL, NULL, false, 'confirmed', '2026-04-27', '2026-04-27'),
	('49d101e2-4838-4c7f-a430-ad7601a50b3f', '6db47d6b-6e2e-4886-a262-520a91854f4c', '73d2ed75-3bd8-44fd-b907-17ecee6b2231', 'expense', 600, 'JPY', 'Sorties', 'Onsen', '2026-03-29', '2026-03-29', true, false, false, '2026-03-29 12:22:11.585014+00', 'bffe4068-e6bc-482c-8f97-24d6b4f8808b', '2026-03-29 12:22:11.585014+00', NULL, true, NULL, false, 1, 'none', '2026-03-29 12:22:09.512+00', 'JPY', 'JPY', 'Culturel', 'd6c3e70a-d31f-4647-91e8-e12830d0c00d', NULL, NULL, false, 'confirmed', '2026-03-29', '2026-03-29'),
	('cef3eeae-7607-49d1-80d1-722a6c088bfd', '6db47d6b-6e2e-4886-a262-520a91854f4c', '73d2ed75-3bd8-44fd-b907-17ecee6b2231', 'expense', 2000, 'JPY', 'Repas', 'Repas', '2026-03-30', '2026-03-30', true, false, false, '2026-03-30 23:04:21.456083+00', 'bffe4068-e6bc-482c-8f97-24d6b4f8808b', '2026-03-30 23:04:21.456083+00', NULL, true, NULL, false, 1, 'none', '2026-03-30 23:04:19.082+00', 'JPY', 'JPY', 'Déjeuner', 'd6c3e70a-d31f-4647-91e8-e12830d0c00d', NULL, NULL, false, 'confirmed', '2026-03-30', '2026-03-30'),
	('7d5e05d5-1cc6-4958-aadb-a8f39cdbc519', '6db47d6b-6e2e-4886-a262-520a91854f4c', '4e2f798d-caa6-4134-9da1-57097cc07265', 'expense', 17.13, 'EUR', 'Projet Personnel', 'Netlify', '2026-04-29', '2026-04-29', true, true, false, '2026-03-29 22:31:15.370111+00', 'bffe4068-e6bc-482c-8f97-24d6b4f8808b', '2026-04-29 01:56:27.055457+00', NULL, false, NULL, false, 186.58, 'fx', '2026-03-29 22:31:15.370111+00', 'JPY', 'EUR', NULL, 'd6c3e70a-d31f-4647-91e8-e12830d0c00d', '471d5920-17a0-4c79-bba2-8c3a97650dce', '2026-04-29', true, 'confirmed', '2026-04-29', '2026-04-29'),
	('7f6734ef-6729-4586-ac0f-34e05528829e', '6db47d6b-6e2e-4886-a262-520a91854f4c', '4e2f798d-caa6-4134-9da1-57097cc07265', 'expense', 17.39, 'EUR', 'Projet Personnel', 'Netlify', '2026-05-29', '2026-05-29', false, true, false, '2026-03-29 22:31:15.370111+00', 'bffe4068-e6bc-482c-8f97-24d6b4f8808b', '2026-04-29 12:59:34.286+00', NULL, false, NULL, false, NULL, NULL, '2026-03-29 22:31:15.370111+00', NULL, NULL, 'Abonnement', 'd6c3e70a-d31f-4647-91e8-e12830d0c00d', '471d5920-17a0-4c79-bba2-8c3a97650dce', '2026-05-29', true, 'generated', '2026-05-29', '2026-05-29'),
	('a8020a0e-6166-4c6d-b10b-ab77f62e18c2', '6db47d6b-6e2e-4886-a262-520a91854f4c', '4e2f798d-caa6-4134-9da1-57097cc07265', 'expense', 17.39, 'EUR', 'Projet Personnel', 'Netlify', '2026-06-29', '2026-06-29', false, true, false, '2026-03-29 22:31:15.370111+00', 'bffe4068-e6bc-482c-8f97-24d6b4f8808b', '2026-04-29 12:59:34.286+00', NULL, false, NULL, false, NULL, NULL, '2026-03-29 22:31:15.370111+00', NULL, NULL, 'Abonnement', 'd6c3e70a-d31f-4647-91e8-e12830d0c00d', '471d5920-17a0-4c79-bba2-8c3a97650dce', '2026-06-29', true, 'generated', '2026-06-29', '2026-06-29'),
	('1ee14f4e-16ed-4a1a-9edb-0708ba3d5aa5', '6db47d6b-6e2e-4886-a262-520a91854f4c', '73d2ed75-3bd8-44fd-b907-17ecee6b2231', 'expense', 1800, 'JPY', 'Sorties', '[Trip] Avance - Bière', '2026-03-28', '2026-03-28', true, true, false, '2026-03-28 09:26:53.227733+00', 'bffe4068-e6bc-482c-8f97-24d6b4f8808b', '2026-03-28 09:26:53.227733+00', '013d74ae-b69a-4cec-a1ed-165176ff652b', false, NULL, false, 1, 'none', '2026-03-28 09:26:49.816+00', 'JPY', 'JPY', 'Fête', 'd6c3e70a-d31f-4647-91e8-e12830d0c00d', NULL, NULL, false, 'confirmed', '2026-03-28', '2026-03-28'),
	('a06e1841-f2a4-455b-b02f-6afbd7bf21db', '6db47d6b-6e2e-4886-a262-520a91854f4c', '73d2ed75-3bd8-44fd-b907-17ecee6b2231', 'expense', 900, 'JPY', 'Sorties', '[Trip] Bière', '2026-03-28', '2026-03-28', false, false, false, '2026-03-28 09:26:58.332356+00', 'bffe4068-e6bc-482c-8f97-24d6b4f8808b', '2026-03-28 09:26:58.332356+00', NULL, true, NULL, true, 1, 'none', '2026-03-28 09:26:55.251+00', 'JPY', 'JPY', 'Fête', 'd6c3e70a-d31f-4647-91e8-e12830d0c00d', NULL, NULL, false, 'confirmed', '2026-03-28', '2026-03-28'),
	('d1282e54-e795-4ce3-9760-83f41cfcd02a', '6db47d6b-6e2e-4886-a262-520a91854f4c', '73d2ed75-3bd8-44fd-b907-17ecee6b2231', 'expense', 950, 'JPY', 'Sorties', '[Trip] Bière', '2026-03-29', '2026-03-29', false, false, false, '2026-03-29 03:23:57.75333+00', 'bffe4068-e6bc-482c-8f97-24d6b4f8808b', '2026-03-29 03:23:57.75333+00', NULL, true, NULL, true, 1, 'none', '2026-03-29 03:23:56.924+00', 'JPY', 'JPY', 'Fête', 'd6c3e70a-d31f-4647-91e8-e12830d0c00d', NULL, NULL, false, 'confirmed', '2026-03-29', '2026-03-29'),
	('f1194802-d7cd-4be9-92a4-ed096c3b05dd', '6db47d6b-6e2e-4886-a262-520a91854f4c', '4e2f798d-caa6-4134-9da1-57097cc07265', 'expense', 17.39, 'EUR', 'Projet Personnel', 'Netlify', '2026-07-29', '2026-07-29', false, true, false, '2026-03-29 22:31:15.370111+00', 'bffe4068-e6bc-482c-8f97-24d6b4f8808b', '2026-04-29 12:59:34.286+00', NULL, false, NULL, false, NULL, NULL, '2026-03-29 22:31:15.370111+00', NULL, NULL, 'Abonnement', 'd6c3e70a-d31f-4647-91e8-e12830d0c00d', '471d5920-17a0-4c79-bba2-8c3a97650dce', '2026-07-29', true, 'generated', '2026-07-29', '2026-07-29'),
	('c0c3c64e-a2cf-44eb-8423-39a314827d51', '6db47d6b-6e2e-4886-a262-520a91854f4c', '73d2ed75-3bd8-44fd-b907-17ecee6b2231', 'expense', 500, 'JPY', 'Repas', 'Repas', '2026-03-30', '2026-03-30', true, false, false, '2026-03-30 23:05:06.313545+00', 'bffe4068-e6bc-482c-8f97-24d6b4f8808b', '2026-03-30 23:05:06.313545+00', NULL, true, NULL, false, 1, 'none', '2026-03-30 23:05:04.313+00', 'JPY', 'JPY', 'Snack', 'd6c3e70a-d31f-4647-91e8-e12830d0c00d', NULL, NULL, false, 'confirmed', '2026-03-30', '2026-03-30'),
	('c4c3ba8b-28da-4a23-86a8-b3910340883d', '6db47d6b-6e2e-4886-a262-520a91854f4c', '73d2ed75-3bd8-44fd-b907-17ecee6b2231', 'expense', 1300, 'JPY', 'Repas', 'Repas', '2026-03-30', '2026-03-30', true, false, false, '2026-03-30 23:05:26.404965+00', 'bffe4068-e6bc-482c-8f97-24d6b4f8808b', '2026-03-30 23:05:26.404965+00', NULL, true, NULL, false, 1, 'none', '2026-03-30 23:05:24.414+00', 'JPY', 'JPY', 'Dîner', 'd6c3e70a-d31f-4647-91e8-e12830d0c00d', NULL, NULL, false, 'confirmed', '2026-03-30', '2026-03-30'),
	('f636f8ed-de5f-4e99-a083-53ad23819d35', '6db47d6b-6e2e-4886-a262-520a91854f4c', '73d2ed75-3bd8-44fd-b907-17ecee6b2231', 'expense', 5800, 'JPY', 'Sorties', 'Sorties', '2026-04-25', '2026-04-25', true, false, false, '2026-04-25 10:59:45.924907+00', 'bffe4068-e6bc-482c-8f97-24d6b4f8808b', '2026-04-25 10:59:45.924907+00', NULL, true, NULL, false, 1, 'none', '2026-04-25 10:59:45.185+00', 'JPY', 'JPY', 'Fête', 'd6c3e70a-d31f-4647-91e8-e12830d0c00d', NULL, NULL, false, 'confirmed', '2026-04-25', '2026-04-25'),
	('0f1e9d17-d687-40d2-8e75-21bec6e7f626', '6db47d6b-6e2e-4886-a262-520a91854f4c', '73d2ed75-3bd8-44fd-b907-17ecee6b2231', 'expense', 2250, 'JPY', 'Repas', 'Repas', '2026-03-31', '2026-03-31', true, false, false, '2026-03-31 03:20:31.015087+00', 'bffe4068-e6bc-482c-8f97-24d6b4f8808b', '2026-03-31 03:20:31.015087+00', NULL, true, NULL, false, 1, 'none', '2026-03-31 03:20:28.293+00', 'JPY', 'JPY', 'Déjeuner', 'd6c3e70a-d31f-4647-91e8-e12830d0c00d', NULL, NULL, false, 'confirmed', '2026-03-31', '2026-03-31'),
	('6aff85e2-37b9-49ee-b4cf-375b5a676c5e', '6db47d6b-6e2e-4886-a262-520a91854f4c', '73d2ed75-3bd8-44fd-b907-17ecee6b2231', 'expense', 2000, 'JPY', 'Sorties', '[Trip] Escalade', '2026-04-27', '2026-04-27', false, false, false, '2026-04-28 02:26:10.047325+00', 'bffe4068-e6bc-482c-8f97-24d6b4f8808b', '2026-04-28 02:26:10.047325+00', NULL, true, NULL, true, 1, 'none', '2026-04-28 02:26:08.133+00', 'JPY', 'JPY', 'Sportive', 'd6c3e70a-d31f-4647-91e8-e12830d0c00d', NULL, NULL, false, 'confirmed', '2026-04-27', '2026-04-27'),
	('5d4c42b2-c668-4487-be80-93a5f0a2ebfd', '6db47d6b-6e2e-4886-a262-520a91854f4c', '4e2f798d-caa6-4134-9da1-57097cc07265', 'expense', 17.39, 'EUR', 'Projet Personnel', 'Netlify', '2026-08-29', '2026-08-29', false, true, false, '2026-03-29 22:31:15.370111+00', 'bffe4068-e6bc-482c-8f97-24d6b4f8808b', '2026-04-29 12:59:34.286+00', NULL, false, NULL, false, NULL, NULL, '2026-03-29 22:31:15.370111+00', NULL, NULL, 'Abonnement', 'd6c3e70a-d31f-4647-91e8-e12830d0c00d', '471d5920-17a0-4c79-bba2-8c3a97650dce', '2026-08-29', true, 'generated', '2026-08-29', '2026-08-29'),
	('ea3eece1-a947-4f50-b5c0-ce36c046c6ed', '6db47d6b-6e2e-4886-a262-520a91854f4c', '73d2ed75-3bd8-44fd-b907-17ecee6b2231', 'expense', 500, 'JPY', 'Sorties', 'Biere', '2026-03-29', '2026-03-29', true, false, false, '2026-03-30 23:04:44.335221+00', 'bffe4068-e6bc-482c-8f97-24d6b4f8808b', '2026-04-02 00:00:40.087+00', NULL, true, NULL, false, 1, 'none', '2026-03-30 23:04:40.587+00', 'JPY', 'JPY', 'Fête', 'd6c3e70a-d31f-4647-91e8-e12830d0c00d', NULL, NULL, false, 'confirmed', '2026-03-29', '2026-03-29'),
	('3bce83b0-c163-4b79-84bd-62bb1beb0fc2', '6db47d6b-6e2e-4886-a262-520a91854f4c', '73d2ed75-3bd8-44fd-b907-17ecee6b2231', 'expense', 600, 'JPY', 'Sorties', 'Sorties', '2026-03-31', '2026-03-31', true, false, false, '2026-03-31 13:02:07.182194+00', 'bffe4068-e6bc-482c-8f97-24d6b4f8808b', '2026-03-31 13:02:07.182194+00', NULL, true, NULL, false, 1, 'none', '2026-03-31 13:02:05.732+00', 'JPY', 'JPY', 'Fête', 'd6c3e70a-d31f-4647-91e8-e12830d0c00d', NULL, NULL, false, 'confirmed', '2026-03-31', '2026-03-31'),
	('a2fe299e-f768-4ec0-977a-e6a4a5ee9a5b', '6db47d6b-6e2e-4886-a262-520a91854f4c', '6e21e00c-8e67-4878-a2d3-6bb3bb1c6ec5', 'expense', 2, 'EUR', 'Abonnement/Mobile', 'eSim Free', '2026-04-01', '2026-04-01', true, false, false, '2026-04-01 05:44:29.261833+00', 'bffe4068-e6bc-482c-8f97-24d6b4f8808b', '2026-04-01 05:44:29.261833+00', NULL, true, NULL, false, 183.39, 'fx', '2026-04-01 05:44:27.567+00', 'JPY', 'EUR', 'Forfait mobile', 'd6c3e70a-d31f-4647-91e8-e12830d0c00d', NULL, NULL, false, 'confirmed', '2026-04-01', '2026-04-01'),
	('f4a04e67-0629-4891-96a2-c539178751d9', '6db47d6b-6e2e-4886-a262-520a91854f4c', '6e21e00c-8e67-4878-a2d3-6bb3bb1c6ec5', 'expense', 605, 'EUR', 'Mouvement interne', 'Mouvement interne', '2026-04-01', '2026-04-01', true, true, false, '2026-04-01 05:44:44.36368+00', 'bffe4068-e6bc-482c-8f97-24d6b4f8808b', '2026-04-01 05:44:44.36368+00', NULL, false, NULL, false, 183.39, 'fx', '2026-04-01 05:44:43.192+00', 'JPY', 'EUR', 'Virement', 'd6c3e70a-d31f-4647-91e8-e12830d0c00d', NULL, NULL, false, 'confirmed', '2026-04-01', '2026-04-01'),
	('12469053-a31b-4f30-af9e-37cca2e49c0a', '6db47d6b-6e2e-4886-a262-520a91854f4c', '4e2f798d-caa6-4134-9da1-57097cc07265', 'income', 605, 'EUR', 'Mouvement interne', 'Mouvement interne', '2026-04-01', '2026-04-01', true, true, false, '2026-04-01 05:44:56.325317+00', 'bffe4068-e6bc-482c-8f97-24d6b4f8808b', '2026-04-01 05:44:56.325317+00', NULL, false, NULL, false, 183.39, 'fx', '2026-04-01 05:44:55.159+00', 'JPY', 'EUR', 'Virement', 'd6c3e70a-d31f-4647-91e8-e12830d0c00d', NULL, NULL, false, 'confirmed', '2026-04-01', '2026-04-01'),
	('9559e5fc-8264-404c-9a5e-a95a1df167dd', '6db47d6b-6e2e-4886-a262-520a91854f4c', '73d2ed75-3bd8-44fd-b907-17ecee6b2231', 'expense', 170, 'JPY', 'Repas', 'Repas', '2026-04-01', '2026-04-01', true, false, false, '2026-04-01 23:14:52.169808+00', 'bffe4068-e6bc-482c-8f97-24d6b4f8808b', '2026-04-01 23:14:52.169808+00', NULL, true, NULL, false, 1, 'none', '2026-04-01 23:14:50.917+00', 'JPY', 'JPY', 'Snack', 'd6c3e70a-d31f-4647-91e8-e12830d0c00d', NULL, NULL, false, 'confirmed', '2026-04-01', '2026-04-01'),
	('7ec58f99-25ca-43e6-8e0c-dcc4437409f4', '6db47d6b-6e2e-4886-a262-520a91854f4c', '73d2ed75-3bd8-44fd-b907-17ecee6b2231', 'expense', 600, 'JPY', 'Sorties', 'Onsen', '2026-04-01', '2026-04-01', true, false, false, '2026-04-01 23:15:14.622055+00', 'bffe4068-e6bc-482c-8f97-24d6b4f8808b', '2026-04-01 23:15:14.622055+00', NULL, true, NULL, false, 1, 'none', '2026-04-01 23:15:13.292+00', 'JPY', 'JPY', 'Culturel', 'd6c3e70a-d31f-4647-91e8-e12830d0c00d', NULL, NULL, false, 'confirmed', '2026-04-01', '2026-04-01'),
	('d282a4ad-c18f-4234-9cef-dfff4f11bc99', '6db47d6b-6e2e-4886-a262-520a91854f4c', '4e2f798d-caa6-4134-9da1-57097cc07265', 'expense', 7.77, 'EUR', 'Repas', 'Repas', '2026-04-01', '2026-04-01', true, false, false, '2026-04-01 23:15:30.413139+00', 'bffe4068-e6bc-482c-8f97-24d6b4f8808b', '2026-04-01 23:15:30.413139+00', NULL, true, NULL, false, 183.73, 'fx', '2026-04-01 23:15:29.21+00', 'JPY', 'EUR', 'Dîner', 'd6c3e70a-d31f-4647-91e8-e12830d0c00d', NULL, NULL, false, 'confirmed', '2026-04-01', '2026-04-01'),
	('a2c55bd7-d203-4bea-a023-03bb201d40cf', '6db47d6b-6e2e-4886-a262-520a91854f4c', '6e21e00c-8e67-4878-a2d3-6bb3bb1c6ec5', 'income', 1443.3, 'EUR', 'Revenu', 'Revenu', '2026-04-02', '2026-04-02', true, false, false, '2026-04-01 23:18:38.428372+00', 'bffe4068-e6bc-482c-8f97-24d6b4f8808b', '2026-04-01 23:18:38.428372+00', NULL, true, NULL, false, 183.73, 'fx', '2026-04-01 23:18:37.215+00', 'JPY', 'EUR', 'Chomage', 'd6c3e70a-d31f-4647-91e8-e12830d0c00d', NULL, NULL, false, 'confirmed', '2026-04-02', '2026-04-02'),
	('f662384b-7677-4384-8a6e-84e4c2c178f3', '6db47d6b-6e2e-4886-a262-520a91854f4c', '73d2ed75-3bd8-44fd-b907-17ecee6b2231', 'expense', 840, 'JPY', 'Sorties', 'Bière', '2026-03-31', '2026-03-31', true, false, false, '2026-04-01 05:40:28.697164+00', 'bffe4068-e6bc-482c-8f97-24d6b4f8808b', '2026-04-02 00:00:04.205+00', NULL, true, NULL, false, 1, 'none', '2026-04-01 05:40:25.361+00', 'JPY', 'JPY', 'Fête', 'd6c3e70a-d31f-4647-91e8-e12830d0c00d', NULL, NULL, false, 'confirmed', '2026-03-31', '2026-03-31'),
	('95a7de0a-3c39-425d-84f0-4cd549d0e156', '6db47d6b-6e2e-4886-a262-520a91854f4c', '4e2f798d-caa6-4134-9da1-57097cc07265', 'expense', 200, 'EUR', 'Santé', 'Assurance ACM pour PVT Australie 8mois', '2026-04-17', '2026-04-17', true, false, false, '2026-04-17 12:30:10.349284+00', 'bffe4068-e6bc-482c-8f97-24d6b4f8808b', '2026-04-18 05:37:58.989492+00', NULL, true, NULL, false, 1.6425, 'fx', '2026-04-17 12:30:07.071+00', 'AUD', 'EUR', 'Assurance santé', 'd6c3e70a-d31f-4647-91e8-e12830d0c00d', NULL, NULL, false, 'confirmed', '2026-05-08', '2026-05-08'),
	('2ef675b5-6494-48f2-9b0a-5e895099eba5', '6db47d6b-6e2e-4886-a262-520a91854f4c', '73d2ed75-3bd8-44fd-b907-17ecee6b2231', 'income', 50000, 'JPY', 'Mouvement interne', 'Mouvement interne', '2026-04-02', '2026-04-02', true, true, false, '2026-04-01 23:16:54.434435+00', 'bffe4068-e6bc-482c-8f97-24d6b4f8808b', '2026-04-02 00:17:45.22+00', NULL, true, NULL, false, 1, 'none', '2026-04-01 23:16:53.237+00', 'JPY', 'JPY', 'Retrait', 'd6c3e70a-d31f-4647-91e8-e12830d0c00d', NULL, NULL, false, 'confirmed', '2026-04-02', '2026-04-02'),
	('7ca573a4-b1d3-43ca-bbb6-0a9921037f7d', '6db47d6b-6e2e-4886-a262-520a91854f4c', '4e2f798d-caa6-4134-9da1-57097cc07265', 'expense', 272, 'EUR', 'Mouvement interne', 'Mouvement interne', '2026-04-02', '2026-04-02', true, true, false, '2026-04-01 23:16:41.363787+00', 'bffe4068-e6bc-482c-8f97-24d6b4f8808b', '2026-04-02 00:17:49.748+00', NULL, true, NULL, false, 183.73, 'fx', '2026-04-01 23:16:40.171+00', 'JPY', 'EUR', 'Retrait', 'd6c3e70a-d31f-4647-91e8-e12830d0c00d', NULL, NULL, false, 'confirmed', '2026-04-02', '2026-04-02'),
	('90b61bc5-8e72-40c3-b9a2-06f82555d187', '6db47d6b-6e2e-4886-a262-520a91854f4c', '6e21e00c-8e67-4878-a2d3-6bb3bb1c6ec5', 'expense', 170, 'EUR', 'Mouvement interne', 'Mouvement interne', '2026-04-02', '2026-04-02', true, true, false, '2026-04-01 23:15:51.394002+00', 'bffe4068-e6bc-482c-8f97-24d6b4f8808b', '2026-04-02 00:17:53.992+00', NULL, true, NULL, false, 183.73, 'fx', '2026-04-01 23:15:50.2+00', 'JPY', 'EUR', 'Virement', 'd6c3e70a-d31f-4647-91e8-e12830d0c00d', NULL, NULL, false, 'confirmed', '2026-04-02', '2026-04-02'),
	('23ec9149-0040-48ce-9e43-5a935c7c4093', '6db47d6b-6e2e-4886-a262-520a91854f4c', '4e2f798d-caa6-4134-9da1-57097cc07265', 'income', 170, 'EUR', 'Mouvement interne', 'Mouvement interne', '2026-04-02', '2026-04-02', true, true, false, '2026-04-01 23:16:02.166753+00', 'bffe4068-e6bc-482c-8f97-24d6b4f8808b', '2026-04-02 00:17:59.221+00', NULL, true, NULL, false, 183.73, 'fx', '2026-04-01 23:16:00.981+00', 'JPY', 'EUR', 'Virement', 'd6c3e70a-d31f-4647-91e8-e12830d0c00d', NULL, NULL, false, 'confirmed', '2026-04-02', '2026-04-02'),
	('4291ba01-dd0c-4d3a-ae2a-693f6a936b24', '6db47d6b-6e2e-4886-a262-520a91854f4c', '4e2f798d-caa6-4134-9da1-57097cc07265', 'expense', 17.39, 'EUR', 'Projet Personnel', 'Netlify', '2026-09-29', '2026-09-29', false, true, false, '2026-03-29 22:31:15.370111+00', 'bffe4068-e6bc-482c-8f97-24d6b4f8808b', '2026-04-29 12:59:34.286+00', NULL, false, NULL, false, NULL, NULL, '2026-03-29 22:31:15.370111+00', NULL, NULL, 'Abonnement', 'd6c3e70a-d31f-4647-91e8-e12830d0c00d', '471d5920-17a0-4c79-bba2-8c3a97650dce', '2026-09-29', true, 'generated', '2026-09-29', '2026-09-29'),
	('ce5be0c2-f23e-4657-b6d1-a807ee3f36d5', '6db47d6b-6e2e-4886-a262-520a91854f4c', '4e2f798d-caa6-4134-9da1-57097cc07265', 'expense', 17.39, 'EUR', 'Projet Personnel', 'Netlify', '2026-10-29', '2026-10-29', false, true, false, '2026-03-29 22:31:15.370111+00', 'bffe4068-e6bc-482c-8f97-24d6b4f8808b', '2026-04-29 12:59:34.286+00', NULL, false, NULL, false, NULL, NULL, '2026-03-29 22:31:15.370111+00', NULL, NULL, 'Abonnement', 'd6c3e70a-d31f-4647-91e8-e12830d0c00d', '471d5920-17a0-4c79-bba2-8c3a97650dce', '2026-10-29', true, 'generated', '2026-10-29', '2026-10-29'),
	('71a00bb8-95bf-4e0e-a1d7-d8dc5d5e5518', '6db47d6b-6e2e-4886-a262-520a91854f4c', '73d2ed75-3bd8-44fd-b907-17ecee6b2231', 'expense', 2070, 'JPY', 'Logement', 'Manga club', '2026-04-19', '2026-04-19', true, false, false, '2026-04-18 14:00:16.919552+00', 'bffe4068-e6bc-482c-8f97-24d6b4f8808b', '2026-04-18 21:58:23.825297+00', NULL, true, NULL, false, 1, 'none', '2026-04-18 14:00:15.359+00', 'JPY', 'JPY', 'Auberge', 'd6c3e70a-d31f-4647-91e8-e12830d0c00d', NULL, NULL, false, 'confirmed', '2026-04-18', '2026-04-18'),
	('8ce38751-e24a-48db-9d95-8c0d7dae18df', '6db47d6b-6e2e-4886-a262-520a91854f4c', '73d2ed75-3bd8-44fd-b907-17ecee6b2231', 'expense', 4240, 'JPY', 'Repas', '[Trip] Avance - Petit déjeuner', '2026-04-02', '2026-04-02', true, true, false, '2026-04-02 00:18:48.176742+00', 'bffe4068-e6bc-482c-8f97-24d6b4f8808b', '2026-04-02 00:18:48.176742+00', '9290a5e4-8ad9-45ec-b5e3-0963a0f6c209', false, NULL, false, 1, 'none', '2026-04-02 00:18:47.662+00', 'JPY', 'JPY', 'Petit-déjeuner', 'd6c3e70a-d31f-4647-91e8-e12830d0c00d', NULL, NULL, false, 'confirmed', '2026-04-02', '2026-04-02'),
	('d7f8c36a-8a0c-43e4-948e-337236e1a303', '6db47d6b-6e2e-4886-a262-520a91854f4c', '73d2ed75-3bd8-44fd-b907-17ecee6b2231', 'expense', 600, 'JPY', 'Sorties', '[Trip] Bière', '2026-03-31', '2026-03-31', false, false, false, '2026-03-31 13:04:58.174109+00', 'bffe4068-e6bc-482c-8f97-24d6b4f8808b', '2026-03-31 13:04:58.174109+00', NULL, true, NULL, true, 1, 'none', '2026-03-31 13:04:57.338+00', 'JPY', 'JPY', 'Fête', 'd6c3e70a-d31f-4647-91e8-e12830d0c00d', NULL, NULL, false, 'confirmed', '2026-03-31', '2026-03-31'),
	('b5a23b0c-437e-4620-aac3-8db8b6879ded', '6db47d6b-6e2e-4886-a262-520a91854f4c', '4e2f798d-caa6-4134-9da1-57097cc07265', 'expense', 16.43, 'EUR', 'Sorties', '[Trip] Avance - Bière', '2026-03-31', '2026-03-31', true, true, false, '2026-04-01 05:46:17.898397+00', 'bffe4068-e6bc-482c-8f97-24d6b4f8808b', '2026-04-01 05:46:17.898397+00', 'fa104fbc-1b1f-40a5-a0f9-db80ee51fc44', false, NULL, false, 183.39, 'fx', '2026-04-01 05:46:16.719+00', 'JPY', 'EUR', 'Fête', 'd6c3e70a-d31f-4647-91e8-e12830d0c00d', NULL, NULL, false, 'confirmed', '2026-03-31', '2026-03-31'),
	('446e5f2e-34b3-43f7-bd71-7227ac9228ba', '6db47d6b-6e2e-4886-a262-520a91854f4c', '4e2f798d-caa6-4134-9da1-57097cc07265', 'expense', 5.48, 'EUR', 'Sorties', '[Trip] Bière', '2026-03-31', '2026-03-31', false, false, false, '2026-04-01 05:46:26.584495+00', 'bffe4068-e6bc-482c-8f97-24d6b4f8808b', '2026-04-01 05:46:26.584495+00', NULL, true, NULL, true, 183.39, 'fx', '2026-04-01 05:46:25.423+00', 'JPY', 'EUR', 'Fête', 'd6c3e70a-d31f-4647-91e8-e12830d0c00d', NULL, NULL, false, 'confirmed', '2026-03-31', '2026-03-31'),
	('71aefe1a-d233-47ca-a486-b7af0e7d5652', '6db47d6b-6e2e-4886-a262-520a91854f4c', '73d2ed75-3bd8-44fd-b907-17ecee6b2231', 'expense', 1200, 'JPY', 'Sorties', '[Trip] Avance - Bière', '2026-03-31', '2026-03-31', true, true, false, '2026-03-31 13:04:53.273608+00', 'bffe4068-e6bc-482c-8f97-24d6b4f8808b', '2026-03-31 13:04:53.273608+00', '9a2382fe-418a-45aa-b202-0449292774e4', false, NULL, false, 1, 'none', '2026-03-31 13:04:52.417+00', 'JPY', 'JPY', 'Fête', 'd6c3e70a-d31f-4647-91e8-e12830d0c00d', NULL, NULL, false, 'confirmed', '2026-03-31', '2026-03-31'),
	('58cb7387-ee38-4282-a30d-01a9a4842881', '6db47d6b-6e2e-4886-a262-520a91854f4c', '73d2ed75-3bd8-44fd-b907-17ecee6b2231', 'expense', 500, 'JPY', 'Sorties', '[Trip] Avance - Bière', '2026-03-31', '2026-03-31', true, true, false, '2026-03-31 07:46:12.305663+00', 'bffe4068-e6bc-482c-8f97-24d6b4f8808b', '2026-03-31 07:46:12.305663+00', '12e2386b-b9b5-4861-9bef-950c22075866', false, NULL, false, 1, 'none', '2026-03-31 07:46:11.838+00', 'JPY', 'JPY', 'Fête', 'd6c3e70a-d31f-4647-91e8-e12830d0c00d', NULL, NULL, false, 'confirmed', '2026-03-31', '2026-03-31'),
	('5f1c8846-c307-4003-8ff9-e8f4b1b78db7', '6db47d6b-6e2e-4886-a262-520a91854f4c', '73d2ed75-3bd8-44fd-b907-17ecee6b2231', 'expense', 220, 'JPY', 'Sorties', 'Gym', '2026-04-01', '2026-04-01', true, false, false, '2026-04-01 23:14:36.334191+00', 'bffe4068-e6bc-482c-8f97-24d6b4f8808b', '2026-04-02 00:30:26.465+00', NULL, true, NULL, false, 1, 'none', '2026-04-01 23:14:34.387+00', 'JPY', 'JPY', 'Sportive', 'd6c3e70a-d31f-4647-91e8-e12830d0c00d', NULL, NULL, false, 'confirmed', '2026-04-01', '2026-04-01'),
	('4ef9b7d7-09e4-4148-ab39-bb9b522d1fff', '6db47d6b-6e2e-4886-a262-520a91854f4c', '4e2f798d-caa6-4134-9da1-57097cc07265', 'expense', 87.39, 'EUR', 'Autre', 'Chaussure', '2026-04-02', '2026-04-02', true, true, false, '2026-04-03 02:40:33.348823+00', 'bffe4068-e6bc-482c-8f97-24d6b4f8808b', '2026-04-03 02:40:33.348823+00', NULL, false, NULL, false, 183.94, 'fx', '2026-04-03 02:40:31.49+00', 'JPY', 'EUR', 'Divers', 'd6c3e70a-d31f-4647-91e8-e12830d0c00d', NULL, NULL, false, 'confirmed', '2026-04-02', '2026-04-02'),
	('b0786fc9-954b-402a-8f2a-96c15a76fb43', '6db47d6b-6e2e-4886-a262-520a91854f4c', '4e2f798d-caa6-4134-9da1-57097cc07265', 'income', 300, 'EUR', 'Mouvement interne', 'Mouvement interne', '2026-04-17', '2026-04-17', true, true, false, '2026-04-17 12:30:32.192869+00', 'bffe4068-e6bc-482c-8f97-24d6b4f8808b', '2026-04-17 12:30:32.192869+00', NULL, false, NULL, false, 187.31, 'fx', '2026-04-17 12:30:30.292+00', 'JPY', 'EUR', 'Virement', 'd6c3e70a-d31f-4647-91e8-e12830d0c00d', NULL, NULL, false, 'confirmed', '2026-04-17', '2026-04-17'),
	('b475f331-9d10-4367-bccf-f946b0c274d5', '6db47d6b-6e2e-4886-a262-520a91854f4c', '770e54aa-eedf-469c-aa6e-923b82f0ae52', 'income', 1000, 'AUD', 'Revenu', 'PVT Australie', '2026-06-30', '2026-06-30', false, false, false, '2026-04-06 08:58:39.6833+00', 'bffe4068-e6bc-482c-8f97-24d6b4f8808b', '2026-04-18 02:21:15.475+00', NULL, true, NULL, false, 1, 'none', '2026-04-06 08:58:39.6833+00', 'AUD', 'AUD', 'Salaire', 'd6c3e70a-d31f-4647-91e8-e12830d0c00d', '333e1e68-7ad5-45be-b1c7-24bcb8d45ad6', '2026-06-30', true, 'generated', '2026-06-30', '2026-06-30'),
	('8f5b8cef-7090-432e-9017-f3ff3ba569a2', '6db47d6b-6e2e-4886-a262-520a91854f4c', '4e2f798d-caa6-4134-9da1-57097cc07265', 'expense', 1000, 'EUR', 'Autre', 'Remboursement Mamie', '2026-10-05', '2026-10-05', false, true, false, '2026-03-25 09:10:36.075461+00', 'bffe4068-e6bc-482c-8f97-24d6b4f8808b', '2026-04-18 05:41:16.592+00', NULL, false, NULL, false, NULL, NULL, '2026-03-25 09:10:36.075461+00', NULL, NULL, 'Remboursement', 'd6c3e70a-d31f-4647-91e8-e12830d0c00d', 'e7907111-b085-45ee-ba65-d816779da1f9', '2026-10-05', true, 'generated', '2026-10-05', '2026-10-05'),
	('8afc19cc-e1c3-4db8-af33-f191a9f4a2b1', '6db47d6b-6e2e-4886-a262-520a91854f4c', '4e2f798d-caa6-4134-9da1-57097cc07265', 'expense', 1000, 'EUR', 'Autre', 'Remboursement Mamie', '2026-11-05', '2026-11-05', false, true, false, '2026-03-25 09:10:36.075461+00', 'bffe4068-e6bc-482c-8f97-24d6b4f8808b', '2026-04-18 05:41:16.592+00', NULL, false, NULL, false, NULL, NULL, '2026-03-25 09:10:36.075461+00', NULL, NULL, 'Remboursement', 'd6c3e70a-d31f-4647-91e8-e12830d0c00d', 'e7907111-b085-45ee-ba65-d816779da1f9', '2026-11-05', true, 'generated', '2026-11-05', '2026-11-05'),
	('646ffc5f-561e-4583-8619-3995c8dc13b4', '6db47d6b-6e2e-4886-a262-520a91854f4c', '73d2ed75-3bd8-44fd-b907-17ecee6b2231', 'expense', 2600, 'JPY', 'Logement', '[Trip] One more night', '2026-04-25', '2026-04-25', false, false, false, '2026-04-25 11:48:32.133099+00', 'bffe4068-e6bc-482c-8f97-24d6b4f8808b', '2026-04-25 11:48:32.133099+00', NULL, true, NULL, true, 1, 'none', '2026-04-25 11:48:31.22+00', 'JPY', 'JPY', 'Guesthouse', 'd6c3e70a-d31f-4647-91e8-e12830d0c00d', NULL, NULL, false, 'confirmed', '2026-04-26', '2026-04-26'),
	('3fcd2389-8b88-4134-b3cf-d3232e194e4e', '6db47d6b-6e2e-4886-a262-520a91854f4c', '4e2f798d-caa6-4134-9da1-57097cc07265', 'expense', 3.9, 'EUR', 'Repas', 'Repas', '2026-04-09', '2026-04-09', true, false, false, '2026-04-09 05:05:09.717293+00', 'bffe4068-e6bc-482c-8f97-24d6b4f8808b', '2026-04-09 05:05:09.717293+00', NULL, true, NULL, false, 185.13, 'fx', '2026-04-09 05:05:07.093+00', 'JPY', 'EUR', 'Déjeuner', 'd6c3e70a-d31f-4647-91e8-e12830d0c00d', NULL, NULL, false, 'confirmed', '2026-04-09', '2026-04-09'),
	('d60d5f8f-9504-49ea-9616-678e11a30c21', '6db47d6b-6e2e-4886-a262-520a91854f4c', '4e2f798d-caa6-4134-9da1-57097cc07265', 'expense', 23, 'EUR', 'Projet Personnel', 'ChatGPT', '2026-12-13', '2026-12-13', false, true, false, '2026-03-15 04:29:28.197012+00', 'bffe4068-e6bc-482c-8f97-24d6b4f8808b', '2026-04-12 15:10:21.922+00', NULL, false, NULL, false, NULL, NULL, '2026-03-15 04:29:28.197012+00', NULL, NULL, 'Abonnement', 'd6c3e70a-d31f-4647-91e8-e12830d0c00d', 'a245cbe4-a5a9-463a-acd9-1007e7255607', '2026-12-13', true, 'generated', '2026-12-13', '2026-12-13'),
	('016a54ef-23a1-4078-9ec0-808676aac64a', '6db47d6b-6e2e-4886-a262-520a91854f4c', '4e2f798d-caa6-4134-9da1-57097cc07265', 'expense', 23, 'EUR', 'Projet Personnel', 'ChatGPT', '2027-01-13', '2027-01-13', false, true, false, '2026-03-15 04:29:28.197012+00', 'bffe4068-e6bc-482c-8f97-24d6b4f8808b', '2026-04-12 15:10:21.922+00', NULL, false, NULL, false, NULL, NULL, '2026-03-15 04:29:28.197012+00', NULL, NULL, 'Abonnement', 'd6c3e70a-d31f-4647-91e8-e12830d0c00d', 'a245cbe4-a5a9-463a-acd9-1007e7255607', '2027-01-13', true, 'generated', '2027-01-13', '2027-01-13'),
	('4dc706fe-1ff9-4e4b-b11c-3a0972910458', '6db47d6b-6e2e-4886-a262-520a91854f4c', '4e2f798d-caa6-4134-9da1-57097cc07265', 'expense', 23, 'EUR', 'Projet Personnel', 'ChatGPT', '2027-02-13', '2027-02-13', false, true, false, '2026-03-15 04:29:28.197012+00', 'bffe4068-e6bc-482c-8f97-24d6b4f8808b', '2026-04-12 15:10:21.922+00', NULL, false, NULL, false, NULL, NULL, '2026-03-15 04:29:28.197012+00', NULL, NULL, 'Abonnement', 'd6c3e70a-d31f-4647-91e8-e12830d0c00d', 'a245cbe4-a5a9-463a-acd9-1007e7255607', '2027-02-13', true, 'generated', '2027-02-13', '2027-02-13'),
	('de820232-642b-40a2-bf63-9e7b35737d03', '6db47d6b-6e2e-4886-a262-520a91854f4c', '4e2f798d-caa6-4134-9da1-57097cc07265', 'expense', 23, 'EUR', 'Projet Personnel', 'ChatGPT', '2026-05-13', '2026-05-13', false, true, false, '2026-03-15 04:29:28.197012+00', 'bffe4068-e6bc-482c-8f97-24d6b4f8808b', '2026-04-12 15:10:21.922+00', NULL, false, NULL, false, NULL, NULL, '2026-03-15 04:29:28.197012+00', NULL, NULL, 'Abonnement', 'd6c3e70a-d31f-4647-91e8-e12830d0c00d', 'a245cbe4-a5a9-463a-acd9-1007e7255607', '2026-05-13', true, 'generated', '2026-05-13', '2026-05-13'),
	('18846d2b-189a-44fd-9ea2-8d6f6d0208eb', '6db47d6b-6e2e-4886-a262-520a91854f4c', '4e2f798d-caa6-4134-9da1-57097cc07265', 'expense', 23, 'EUR', 'Projet Personnel', 'ChatGPT', '2026-06-13', '2026-06-13', false, true, false, '2026-03-15 04:29:28.197012+00', 'bffe4068-e6bc-482c-8f97-24d6b4f8808b', '2026-04-12 15:10:21.922+00', NULL, false, NULL, false, NULL, NULL, '2026-03-15 04:29:28.197012+00', NULL, NULL, 'Abonnement', 'd6c3e70a-d31f-4647-91e8-e12830d0c00d', 'a245cbe4-a5a9-463a-acd9-1007e7255607', '2026-06-13', true, 'generated', '2026-06-13', '2026-06-13'),
	('40062cdb-aa8e-468b-9ee7-1cbfb394c33e', '6db47d6b-6e2e-4886-a262-520a91854f4c', '4e2f798d-caa6-4134-9da1-57097cc07265', 'expense', 23, 'EUR', 'Projet Personnel', 'ChatGPT', '2026-10-13', '2026-10-13', false, true, false, '2026-03-15 04:29:28.197012+00', 'bffe4068-e6bc-482c-8f97-24d6b4f8808b', '2026-04-12 15:10:21.922+00', NULL, false, NULL, false, NULL, NULL, '2026-03-15 04:29:28.197012+00', NULL, NULL, 'Abonnement', 'd6c3e70a-d31f-4647-91e8-e12830d0c00d', 'a245cbe4-a5a9-463a-acd9-1007e7255607', '2026-10-13', true, 'generated', '2026-10-13', '2026-10-13'),
	('91e2f347-f18b-4567-9227-8ac8d6599d7f', '6db47d6b-6e2e-4886-a262-520a91854f4c', '73d2ed75-3bd8-44fd-b907-17ecee6b2231', 'expense', 1400, 'JPY', 'Repas', '[Trip] Ramen', '2026-04-27', '2026-04-27', false, false, false, '2026-04-28 02:27:13.778558+00', 'bffe4068-e6bc-482c-8f97-24d6b4f8808b', '2026-04-28 02:27:13.778558+00', NULL, true, NULL, true, 1, 'none', '2026-04-28 02:27:12.145+00', 'JPY', 'JPY', 'Dîner', 'd6c3e70a-d31f-4647-91e8-e12830d0c00d', NULL, NULL, false, 'confirmed', '2026-04-27', '2026-04-27'),
	('6ed1425a-149d-4854-9294-5fd5467ea181', '6db47d6b-6e2e-4886-a262-520a91854f4c', '4e2f798d-caa6-4134-9da1-57097cc07265', 'expense', 17.39, 'EUR', 'Projet Personnel', 'Netlify', '2026-11-29', '2026-11-29', false, true, false, '2026-03-29 22:31:15.370111+00', 'bffe4068-e6bc-482c-8f97-24d6b4f8808b', '2026-04-29 12:59:34.286+00', NULL, false, NULL, false, NULL, NULL, '2026-03-29 22:31:15.370111+00', NULL, NULL, 'Abonnement', 'd6c3e70a-d31f-4647-91e8-e12830d0c00d', '471d5920-17a0-4c79-bba2-8c3a97650dce', '2026-11-29', true, 'generated', '2026-11-29', '2026-11-29'),
	('8ee2c4bf-383f-4f3d-9784-6cc3e56df995', '6db47d6b-6e2e-4886-a262-520a91854f4c', '4e2f798d-caa6-4134-9da1-57097cc07265', 'expense', 17.39, 'EUR', 'Projet Personnel', 'Netlify', '2026-12-29', '2026-12-29', false, true, false, '2026-03-29 22:31:15.370111+00', 'bffe4068-e6bc-482c-8f97-24d6b4f8808b', '2026-04-29 12:59:34.286+00', NULL, false, NULL, false, NULL, NULL, '2026-03-29 22:31:15.370111+00', NULL, NULL, 'Abonnement', 'd6c3e70a-d31f-4647-91e8-e12830d0c00d', '471d5920-17a0-4c79-bba2-8c3a97650dce', '2026-12-29', true, 'generated', '2026-12-29', '2026-12-29'),
	('b137f08b-6318-481d-9003-a2775b1268ca', '6db47d6b-6e2e-4886-a262-520a91854f4c', '73d2ed75-3bd8-44fd-b907-17ecee6b2231', 'expense', 1053.33, 'JPY', 'Repas', '[Trip] Suki', '2026-04-21', '2026-04-21', false, false, false, '2026-04-21 04:48:59.119394+00', 'bffe4068-e6bc-482c-8f97-24d6b4f8808b', '2026-04-21 04:48:59.119394+00', NULL, true, NULL, true, 1, 'none', '2026-04-21 04:48:58.324+00', 'JPY', 'JPY', 'Déjeuner', 'd6c3e70a-d31f-4647-91e8-e12830d0c00d', NULL, NULL, false, 'confirmed', '2026-04-21', '2026-04-21'),
	('bef21e91-f68e-48a8-a973-a64b92e23caf', '6db47d6b-6e2e-4886-a262-520a91854f4c', '4e2f798d-caa6-4134-9da1-57097cc07265', 'expense', 100, 'EUR', 'Transport Internationale', '[Trip] Vol Tokyo to Nord', '2026-03-26', '2026-03-26', false, false, false, '2026-03-20 17:35:28.752593+00', 'bffe4068-e6bc-482c-8f97-24d6b4f8808b', '2026-03-20 17:35:28.752593+00', NULL, true, NULL, true, 183.46, 'fx', '2026-03-20 17:35:28.343+00', 'JPY', 'EUR', 'Vol', 'd6c3e70a-d31f-4647-91e8-e12830d0c00d', NULL, NULL, false, 'confirmed', '2026-03-26', '2026-03-26'),
	('abaf5493-e8a8-42cd-af86-c5b36816594b', '6db47d6b-6e2e-4886-a262-520a91854f4c', '73d2ed75-3bd8-44fd-b907-17ecee6b2231', 'expense', 200, 'JPY', 'Sorties', '[Trip] Musér', '2026-04-17', '2026-04-17', false, false, false, '2026-04-17 07:08:28.011813+00', 'bffe4068-e6bc-482c-8f97-24d6b4f8808b', '2026-04-17 07:08:28.011813+00', NULL, true, NULL, true, 1, 'none', '2026-04-17 07:08:27.54+00', 'JPY', 'JPY', 'Musée', 'd6c3e70a-d31f-4647-91e8-e12830d0c00d', NULL, NULL, false, 'confirmed', '2026-04-17', '2026-04-17'),
	('6019ff5b-947a-4303-91fa-0528d5e59353', '6db47d6b-6e2e-4886-a262-520a91854f4c', '73d2ed75-3bd8-44fd-b907-17ecee6b2231', 'expense', 700, 'JPY', 'Sorties', '[Trip] Onsen', '2026-03-30', '2026-03-30', false, false, false, '2026-03-30 23:07:33.128979+00', 'bffe4068-e6bc-482c-8f97-24d6b4f8808b', '2026-03-30 23:07:33.128979+00', NULL, true, NULL, true, 1, 'none', '2026-03-30 23:07:31.131+00', 'JPY', 'JPY', 'Culturel', 'd6c3e70a-d31f-4647-91e8-e12830d0c00d', NULL, NULL, false, 'confirmed', '2026-03-30', '2026-03-30'),
	('64e11c27-33ab-4b88-acff-357b720735ed', '6db47d6b-6e2e-4886-a262-520a91854f4c', '73d2ed75-3bd8-44fd-b907-17ecee6b2231', 'expense', 1300, 'JPY', 'Repas', '[Trip] Avance - Café', '2026-03-28', '2026-03-28', true, true, false, '2026-03-28 07:23:31.097839+00', 'bffe4068-e6bc-482c-8f97-24d6b4f8808b', '2026-03-28 07:23:31.097839+00', 'a34f7ecd-4a26-4129-9982-3fd9684fef82', false, NULL, false, 1, 'none', '2026-03-28 07:23:28.009+00', 'JPY', 'JPY', 'Café', 'd6c3e70a-d31f-4647-91e8-e12830d0c00d', NULL, NULL, false, 'confirmed', '2026-03-28', '2026-03-28'),
	('63735e9e-5b55-4b11-849a-6dcf1275f380', '6db47d6b-6e2e-4886-a262-520a91854f4c', '73d2ed75-3bd8-44fd-b907-17ecee6b2231', 'expense', 4900, 'JPY', 'Repas', '[Trip] Avance - Ramen', '2026-03-29', '2026-03-29', true, true, false, '2026-03-29 03:21:58.058697+00', 'bffe4068-e6bc-482c-8f97-24d6b4f8808b', '2026-03-29 03:21:58.058697+00', '25a62dc1-6dec-4f97-b482-6f92c1ded858', false, NULL, false, 1, 'none', '2026-03-29 03:21:56.844+00', 'JPY', 'JPY', 'Déjeuner', 'd6c3e70a-d31f-4647-91e8-e12830d0c00d', NULL, NULL, false, 'confirmed', '2026-03-29', '2026-03-29'),
	('b6619af9-3c0d-4953-89ed-ef6e95c7136e', '6db47d6b-6e2e-4886-a262-520a91854f4c', '73d2ed75-3bd8-44fd-b907-17ecee6b2231', 'expense', 1633.34, 'JPY', 'Repas', '[Trip] Ramen', '2026-03-29', '2026-03-29', false, false, false, '2026-03-29 03:22:11.756097+00', 'bffe4068-e6bc-482c-8f97-24d6b4f8808b', '2026-03-29 03:22:11.756097+00', NULL, true, NULL, true, 1, 'none', '2026-03-29 03:22:10.927+00', 'JPY', 'JPY', 'Déjeuner', 'd6c3e70a-d31f-4647-91e8-e12830d0c00d', NULL, NULL, false, 'confirmed', '2026-03-29', '2026-03-29'),
	('dd38168f-f479-4f35-8fd9-3e6a43237745', '6db47d6b-6e2e-4886-a262-520a91854f4c', '73d2ed75-3bd8-44fd-b907-17ecee6b2231', 'expense', 1400, 'JPY', 'Sorties', '[Trip] Avance - Onsen', '2026-03-30', '2026-03-30', true, true, false, '2026-03-30 23:07:29.482047+00', 'bffe4068-e6bc-482c-8f97-24d6b4f8808b', '2026-03-30 23:07:29.482047+00', 'a16e38aa-dfa3-4bab-88ee-0ccdc24f9397', false, NULL, false, 1, 'none', '2026-03-30 23:07:27.509+00', 'JPY', 'JPY', 'Culturel', 'd6c3e70a-d31f-4647-91e8-e12830d0c00d', NULL, NULL, false, 'confirmed', '2026-03-30', '2026-03-30'),
	('eb8608f5-f084-4de4-9719-3d7c45022908', '6db47d6b-6e2e-4886-a262-520a91854f4c', '73d2ed75-3bd8-44fd-b907-17ecee6b2231', 'expense', 5156, 'JPY', 'Repas', '[Trip] Avance - Il a screen', '2026-04-23', '2026-04-23', true, true, false, '2026-04-23 06:15:00.922796+00', 'bffe4068-e6bc-482c-8f97-24d6b4f8808b', '2026-04-23 06:15:00.922796+00', '0258a784-3c41-4393-bb38-2e064a745232', false, NULL, false, 1, 'none', '2026-04-23 06:14:59.809+00', 'JPY', 'JPY', 'Déjeuner', 'd6c3e70a-d31f-4647-91e8-e12830d0c00d', NULL, NULL, false, 'confirmed', '2026-04-23', '2026-04-23'),
	('1e635d6b-4178-45ef-adcb-3c38c1c4c52c', '6db47d6b-6e2e-4886-a262-520a91854f4c', '4e2f798d-caa6-4134-9da1-57097cc07265', 'expense', 17.39, 'EUR', 'Projet Personnel', 'Netlify', '2026-03-29', '2026-03-29', true, true, false, '2026-03-29 22:32:42.410677+00', 'bffe4068-e6bc-482c-8f97-24d6b4f8808b', '2026-04-29 12:59:34.286+00', NULL, false, NULL, false, NULL, NULL, '2026-03-29 22:32:42.410677+00', NULL, NULL, 'Abonnement', 'd6c3e70a-d31f-4647-91e8-e12830d0c00d', '471d5920-17a0-4c79-bba2-8c3a97650dce', '2026-03-29', true, 'generated', '2026-03-29', '2026-03-29'),
	('ee19ce9b-5e62-48f9-a429-bd04fbf3c523', '6db47d6b-6e2e-4886-a262-520a91854f4c', '73d2ed75-3bd8-44fd-b907-17ecee6b2231', 'expense', 584, 'JPY', 'Repas', '7/11', '2026-05-01', '2026-05-01', true, false, false, '2026-05-01 03:53:35.799002+00', 'bffe4068-e6bc-482c-8f97-24d6b4f8808b', '2026-05-01 03:53:35.799002+00', NULL, true, NULL, false, 1, 'none', '2026-05-01 03:53:33.427+00', 'JPY', 'JPY', 'Petit-déjeuner', 'd6c3e70a-d31f-4647-91e8-e12830d0c00d', NULL, NULL, false, 'confirmed', '2026-05-01', '2026-05-01'),
	('4832b84d-719d-4f98-b4a6-4e9663d2e08c', '6db47d6b-6e2e-4886-a262-520a91854f4c', '73d2ed75-3bd8-44fd-b907-17ecee6b2231', 'expense', 820, 'JPY', 'Sorties', '[Trip] Onsen', '2026-05-02', '2026-05-02', false, false, false, '2026-05-02 11:30:54.328287+00', 'bffe4068-e6bc-482c-8f97-24d6b4f8808b', '2026-05-02 11:30:54.328287+00', NULL, true, NULL, true, 1, 'none', '2026-05-02 11:30:53.573+00', 'JPY', 'JPY', 'Sportive', 'd6c3e70a-d31f-4647-91e8-e12830d0c00d', NULL, NULL, false, 'confirmed', '2026-05-02', '2026-05-02'),
	('00710f87-dc90-4498-abf2-bdd948e1f761', '6db47d6b-6e2e-4886-a262-520a91854f4c', '6e21e00c-8e67-4878-a2d3-6bb3bb1c6ec5', 'expense', 2, 'EUR', 'Abonnement/Mobile', 'Free', '2026-05-04', '2026-05-04', true, false, false, '2026-05-04 08:07:45.069262+00', 'bffe4068-e6bc-482c-8f97-24d6b4f8808b', '2026-05-04 08:07:45.069262+00', NULL, true, NULL, false, 183.21, 'fx', '2026-05-04 08:07:44.739+00', 'JPY', 'EUR', 'Forfait mobile', 'd6c3e70a-d31f-4647-91e8-e12830d0c00d', NULL, NULL, false, 'confirmed', '2026-05-04', '2026-05-04');


--
-- Data for Name: asset_ownership_events; Type: TABLE DATA; Schema: public; Owner: postgres
--

INSERT INTO "public"."asset_ownership_events" ("id", "asset_id", "from_owner_id", "to_owner_id", "event_type", "percent", "amount", "currency", "event_date", "note", "created_at", "linked_transaction_id") VALUES
	('34486e47-0be8-482e-b393-31c61af6179e', 'f2f0acea-16ce-4336-9aa2-8408f4445da4', '1229dabc-a45f-4fae-9ed8-5f4bcf870def', '87c11e61-2976-44bc-a064-8cf3c98aa162', 'transfer_share', 33.33, 2500, 'EUR', '2026-04-30', NULL, '2026-04-30 10:29:13.363027+00', '80ee72aa-2b13-4d4e-abee-9ff462d596de'),
	('185079a7-53e4-4fb1-8e0e-58edabb1ca60', 'f2f0acea-16ce-4336-9aa2-8408f4445da4', '87c11e61-2976-44bc-a064-8cf3c98aa162', '1229dabc-a45f-4fae-9ed8-5f4bcf870def', 'transfer_share', 100, 8000, 'EUR', '2026-04-30', NULL, '2026-04-30 11:44:28.660225+00', NULL),
	('41aaa4f9-d460-4ecb-ae96-c233aefb5940', 'f2f0acea-16ce-4336-9aa2-8408f4445da4', '1229dabc-a45f-4fae-9ed8-5f4bcf870def', NULL, 'sell_share', 100, 8000, 'EUR', '2026-04-30', '[VENTE_TOTALE] Vente totale asset', '2026-04-30 11:55:39.831691+00', NULL),
	('a890ff37-93be-4de2-bb0e-8785e2a54617', 'f2f0acea-16ce-4336-9aa2-8408f4445da4', '1229dabc-a45f-4fae-9ed8-5f4bcf870def', NULL, 'sell_share', 100, 9000, 'EUR', '2026-04-30', '[VENTE_TOTALE] Vente totale asset', '2026-04-30 11:56:18.034988+00', NULL);


--
-- Data for Name: budget_segments; Type: TABLE DATA; Schema: public; Owner: postgres
--

INSERT INTO "public"."budget_segments" ("id", "user_id", "period_id", "start_date", "end_date", "base_currency", "daily_budget_base", "fx_mode", "eur_base_rate_fixed", "sort_order", "created_at", "updated_at", "fx_rate_eur_to_base", "fx_source", "fx_last_updated_at", "transport_night_budget") VALUES
	('af65173e-a2e1-4155-89ce-21b43d221fb1', '8516d948-4970-453a-912e-e984afabddb9', '62840f74-3128-48c7-b431-2172f608246a', '2026-03-03', '2026-04-30', 'AUD', 100, 'live_ecb', NULL, 0, '2026-03-03 14:55:06.464855+00', '2026-04-11 01:37:13.773626+00', NULL, NULL, NULL, 40),
	('0abe3366-ecdc-475f-b854-e549bd2c3278', 'b63f45f3-fc01-4714-8cc4-a09ab49e18c7', 'a17d77d8-2eb6-4e75-8622-55fa4a7de8dd', '2026-03-01', '2026-06-09', 'THB', 900, 'live_ecb', 36.815, 0, '2026-03-11 04:01:01.872573+00', '2026-03-15 07:33:10.189055+00', NULL, NULL, NULL, 400),
	('188d9249-61ea-419a-8952-15487c3a5f96', 'b63f45f3-fc01-4714-8cc4-a09ab49e18c7', 'a17d77d8-2eb6-4e75-8622-55fa4a7de8dd', '2026-06-10', '2026-09-01', 'EUR', 25, 'live_ecb', NULL, 1, '2026-03-15 07:33:09.313151+00', '2026-03-15 07:33:10.816142+00', NULL, NULL, NULL, 400),
	('c4f2ba10-d867-4d4e-aacc-b94a190639f2', '6db47d6b-6e2e-4886-a262-520a91854f4c', 'bffe4068-e6bc-482c-8f97-24d6b4f8808b', '2026-02-10', '2026-03-01', 'THB', 900, 'live_ecb', NULL, 0, '2026-02-23 07:48:35.945517+00', '2026-04-30 08:17:32.988528+00', NULL, 'fx', '2026-02-27 11:46:31.988+00', 400),
	('866761bc-c510-4b54-9e0e-f4a182148e18', '6db47d6b-6e2e-4886-a262-520a91854f4c', 'bffe4068-e6bc-482c-8f97-24d6b4f8808b', '2026-03-02', '2026-03-15', 'LAK', 550000, 'live_ecb', NULL, 1, '2026-02-23 08:47:02.00096+00', '2026-04-30 08:17:33.643563+00', 30769.41, 'manual', '2026-02-27 11:46:30.036+00', 130000),
	('baddc9ab-808a-4141-b729-3ab38ed25489', '6db47d6b-6e2e-4886-a262-520a91854f4c', 'bffe4068-e6bc-482c-8f97-24d6b4f8808b', '2026-03-16', '2026-03-24', 'VND', 600000, 'live_ecb', NULL, 2, '2026-02-23 13:09:27.835526+00', '2026-04-30 08:17:34.286705+00', NULL, 'fx', '2026-02-27 11:50:28.382+00', 170000),
	('2199a24e-bd90-4f50-bddd-07c14202f435', 'bfe2a38a-d934-45c9-9061-cee531cf5823', 'd2a9158b-3dad-4e5b-81cf-2b705164bd52', '2026-02-26', '2026-03-18', 'USD', 900, 'live_ecb', NULL, 0, '2026-02-26 11:07:56.941163+00', '2026-03-15 05:55:50.461702+00', NULL, NULL, NULL, 400),
	('e63f0d61-a6f9-4b81-ae7a-0808b6350f51', '6db47d6b-6e2e-4886-a262-520a91854f4c', 'bffe4068-e6bc-482c-8f97-24d6b4f8808b', '2026-03-25', '2026-05-07', 'JPY', 7500, 'live_ecb', NULL, 3, '2026-02-25 11:01:53.2761+00', '2026-04-30 08:17:34.916304+00', NULL, 'fx', '2026-02-27 11:52:09.652+00', 3600),
	('e90b67b5-eac3-4bcd-a88f-fc2fa322f2c6', '6db47d6b-6e2e-4886-a262-520a91854f4c', 'bffe4068-e6bc-482c-8f97-24d6b4f8808b', '2026-05-08', '2026-12-31', 'AUD', 70, 'live_ecb', NULL, 4, '2026-02-27 11:52:57.442443+00', '2026-04-30 08:17:35.247112+00', NULL, 'fx', '2026-02-27 11:54:40.663+00', 40),
	('0439fc33-f44e-419c-8a17-6bc49e12b452', '2a575871-a403-43b9-aaf6-41bff3433d4a', 'afc8781c-24de-4a1b-bcbb-0981ac803699', '2026-03-15', '2026-05-08', 'EUR', 900, 'live_ecb', NULL, 0, '2026-02-26 10:57:53.25622+00', '2026-03-15 05:55:50.461702+00', NULL, NULL, NULL, 400);


--
-- Data for Name: country_budget_reference; Type: TABLE DATA; Schema: public; Owner: postgres
--

INSERT INTO "public"."country_budget_reference" ("id", "country_code", "country_name", "region_code", "region_name", "source_name", "source_url", "source_label", "source_published_at", "source_year", "currency_code", "daily_budget_amount", "solo_daily_amount", "couple_per_person_daily_amount", "family_per_person_daily_amount", "short_trip_daily_amount", "long_trip_daily_amount", "accommodation_daily_amount", "food_daily_amount", "transport_daily_amount", "activities_daily_amount", "misc_daily_amount", "sample_size", "methodology_note", "raw_notes", "is_active", "fetched_at", "created_at", "updated_at") VALUES
	('8f1f57a6-5672-473b-b038-b8f37c4652ae', 'JPN', 'Japan', NULL, NULL, 'tourdumondiste', 'https://www.tourdumondiste.com/budget-voyage-japon', 'Budget voyage Japon 2025', '2025-11-07', 2025, 'EUR', 75.00, 75.00, 75.00, NULL, 84.00, 70.00, 30.00, 20.00, 15.00, 10.00, 0.00, 431, 'Grande enquête Tourdumondiste ; 936 voyageurs indépendants interrogés, 431 budgets détaillés après 2022.', 'Famille 1 enfant: 258 EUR total/jour; famille 2 enfants: 280 EUR total/jour; famille 3 enfants: 335 EUR total/jour.', true, '2026-03-15 04:25:17.855669+00', '2026-03-15 04:25:17.855669+00', '2026-03-15 04:25:17.855669+00'),
	('99abab75-54ad-4e9f-9210-66529674f9b0', 'VNM', 'Vietnam', NULL, NULL, 'tourdumondiste', 'https://www.tourdumondiste.com/budget-voyage-vietnam', 'Budget voyage Vietnam 2025', '2025-03-17', 2025, 'EUR', 30.00, 39.00, 28.00, NULL, NULL, NULL, 7.00, 8.50, 6.00, 8.50, 0.00, 220, 'Grande enquête Tourdumondiste ; 1 915 voyageurs interrogés, 220 budgets détaillés pour le Vietnam.', 'Famille 1 enfant: 82 EUR total/jour; famille 2 enfants: 127 EUR total/jour; famille 3 enfants: 138 EUR total/jour.', true, '2026-03-15 04:25:17.855669+00', '2026-03-15 04:25:17.855669+00', '2026-03-15 04:25:17.855669+00'),
	('a1eef707-c94b-4fb5-8ac9-47c7ec0aedd4', 'LAO', 'Laos', NULL, NULL, 'tourdumondiste', 'https://www.tourdumondiste.com/budget-voyage-laos', 'Budget voyage Laos 2025', '2025-03-13', 2025, 'EUR', 24.00, 25.00, 23.00, NULL, 35.00, 24.00, 7.50, 6.50, 5.00, 5.00, 0.00, 516, 'Grande enquête Tourdumondiste ; 1 068 voyageurs interrogés, 516 budgets détaillés après 2022.', 'Famille 1 enfant: 66 EUR total/jour; famille 2 enfants: 100 EUR total/jour; famille 3 enfants: 120 EUR total/jour.', true, '2026-03-15 04:25:17.855669+00', '2026-03-15 04:25:17.855669+00', '2026-03-15 04:25:17.855669+00'),
	('86ff4390-20f1-486b-8290-414b99097490', 'THA', 'Thailand', NULL, NULL, 'tourdumondiste', 'https://www.tourdumondiste.com/budget-voyage-thailande', 'Budget voyage Thaïlande 2025', '2025-03-17', 2025, 'EUR', 33.00, 40.00, 32.00, NULL, NULL, NULL, 12.00, 8.00, 7.00, 7.00, 0.00, 264, 'Grande enquête Tourdumondiste ; 1 915 voyageurs indépendants interrogés, 264 budgets détaillés pour la Thaïlande.', 'Famille 1 enfant: 110 EUR total/jour; famille 2 enfants: 115 EUR total/jour; famille 3 enfants: 167 EUR total/jour.', true, '2026-03-15 04:46:35.839375+00', '2026-03-15 04:46:35.839375+00', '2026-03-15 04:46:35.839375+00'),
	('7bc6cf0c-c3d8-4c3b-9613-88eb67450d2a', 'AUS', 'Australia', NULL, NULL, 'tourdumondiste', 'https://www.tourdumondiste.com/budget-voyage-australie', 'Budget voyage Australie 2025', '2025-03-17', 2025, 'EUR', 68.00, 76.00, 70.00, NULL, NULL, NULL, NULL, 13.00, 44.00, 13.00, 0.00, 78, 'Grande enquête Tourdumondiste ; budget moyen hors séjours de plus de 3 mois, avec focus fréquent sur voyage en véhicule.', 'En famille: 247 EUR total/jour. Breakdown publié comme exemple moyen par personne dans le cas d’un couple voyageant en van: 44 EUR location+carburant, 13 EUR nourriture, 13 EUR activités. Hébergement non isolé dans ce breakdown.', true, '2026-03-15 04:46:35.839375+00', '2026-03-15 04:46:35.839375+00', '2026-03-15 04:46:35.839375+00');


--
-- Data for Name: budget_segment_budget_reference_override; Type: TABLE DATA; Schema: public; Owner: postgres
--

INSERT INTO "public"."budget_segment_budget_reference_override" ("id", "user_id", "budget_segment_id", "period_id", "travel_id", "reference_id", "is_enabled", "country_code", "region_code", "travel_profile", "travel_style", "adult_count", "child_count", "trip_days", "traveler_age_min", "traveler_age_max", "base_daily_reference_amount", "style_multiplier", "profile_multiplier", "duration_multiplier", "recommended_daily_amount", "recommended_accommodation_daily_amount", "recommended_food_daily_amount", "recommended_transport_daily_amount", "recommended_activities_daily_amount", "recommended_misc_daily_amount", "source_mode", "created_at", "updated_at") VALUES
	('58cfc28f-11a1-4d79-a351-e4ca664db950', '6db47d6b-6e2e-4886-a262-520a91854f4c', '866761bc-c510-4b54-9e0e-f4a182148e18', 'bffe4068-e6bc-482c-8f97-24d6b4f8808b', 'd6c3e70a-d31f-4647-91e8-e12830d0c00d', 'a1eef707-c94b-4fb5-8ac9-47c7ec0aedd4', true, 'LAO', NULL, 'solo', 'budget', 1, 0, 14, NULL, NULL, 25.00, 0.8500, 1.0000, 1.4583, 30.99, 9.68, 8.39, 6.46, 6.46, 0.00, 'reference_applied', '2026-03-18 12:40:56.989178+00', '2026-03-20 13:53:54.955861+00'),
	('1247147a-8ab0-4edf-b594-6f1397efe0a7', '6db47d6b-6e2e-4886-a262-520a91854f4c', 'c4f2ba10-d867-4d4e-aacc-b94a190639f2', 'bffe4068-e6bc-482c-8f97-24d6b4f8808b', 'd6c3e70a-d31f-4647-91e8-e12830d0c00d', '86ff4390-20f1-486b-8290-414b99097490', true, 'THA', NULL, 'solo', 'budget', 1, 0, 20, NULL, NULL, 40.00, 0.8500, 1.0000, 1.0000, 34.00, 12.00, 8.00, 7.00, 7.00, 0.00, 'reference_applied', '2026-03-18 12:40:36.761519+00', '2026-03-20 13:53:54.955861+00'),
	('8c526ff0-6679-48d1-86ca-87cc3bb101b2', '6db47d6b-6e2e-4886-a262-520a91854f4c', 'baddc9ab-808a-4141-b729-3ab38ed25489', 'bffe4068-e6bc-482c-8f97-24d6b4f8808b', 'd6c3e70a-d31f-4647-91e8-e12830d0c00d', '99abab75-54ad-4e9f-9210-66529674f9b0', true, 'VNM', NULL, 'solo', 'budget', 1, 0, 9, NULL, NULL, 39.00, 0.8500, 1.0000, 1.1000, 36.47, 8.51, 10.33, 7.29, 10.33, 0.01, 'reference_applied', '2026-03-18 12:41:11.829341+00', '2026-03-20 13:53:54.955861+00'),
	('376fc667-e062-4c55-954b-a9c534d8b37e', '6db47d6b-6e2e-4886-a262-520a91854f4c', 'e63f0d61-a6f9-4b81-ae7a-0808b6350f51', 'bffe4068-e6bc-482c-8f97-24d6b4f8808b', 'd6c3e70a-d31f-4647-91e8-e12830d0c00d', '8f1f57a6-5672-473b-b038-b8f37c4652ae', true, 'JPN', NULL, 'solo', 'standard', 1, 0, 68, NULL, NULL, 75.00, 1.0000, 1.0000, 1.0000, 75.00, 30.00, 20.00, 15.00, 10.00, 0.00, 'reference_applied', '2026-03-18 12:41:50.765827+00', '2026-03-25 06:38:21.386399+00');


--
-- Data for Name: categories; Type: TABLE DATA; Schema: public; Owner: postgres
--

INSERT INTO "public"."categories" ("id", "user_id", "name", "color", "sort_order", "created_at", "updated_at") VALUES
	('6f271602-9ca8-4853-9690-34a4b0d735f8', '6db47d6b-6e2e-4886-a262-520a91854f4c', 'Repas', '#2f80ed', 0, '2026-02-19 06:08:39.020688+00', '2026-02-19 06:08:39.020688+00'),
	('cc36e69d-ec63-44b3-b89a-db11888f2e89', '6db47d6b-6e2e-4886-a262-520a91854f4c', 'Logement', '#22c55e', 1, '2026-02-19 06:08:39.020688+00', '2026-02-19 06:08:39.020688+00'),
	('a1a489c5-400b-41ef-99c4-c38def649ca5', '6db47d6b-6e2e-4886-a262-520a91854f4c', 'Transport', '#f59e0b', 2, '2026-02-19 06:08:39.020688+00', '2026-02-19 06:08:39.020688+00'),
	('622c976d-b131-4087-a33f-ff102ae61430', '6db47d6b-6e2e-4886-a262-520a91854f4c', 'Sorties', '#a855f7', 3, '2026-02-19 06:08:39.020688+00', '2026-02-19 06:08:39.020688+00'),
	('70abd28f-d3e0-4c4b-a689-6172ad2e2dc7', '6db47d6b-6e2e-4886-a262-520a91854f4c', 'Caution', '#06b6d4', 4, '2026-02-19 06:08:39.020688+00', '2026-02-19 06:08:39.020688+00'),
	('1c8f633a-66f2-4e9f-997d-8f9dcd482a16', '6db47d6b-6e2e-4886-a262-520a91854f4c', 'Autre', '#94a3b8', 5, '2026-02-19 06:08:39.020688+00', '2026-02-19 06:08:39.020688+00'),
	('de1d59dd-73b6-49e8-8bc7-cebce9e7c928', '6db47d6b-6e2e-4886-a262-520a91854f4c', 'Santé', '#ffbdf6', 6, '2026-02-19 06:13:13.261115+00', '2026-02-19 06:13:13.261115+00'),
	('385e3b48-d5ee-49e4-a174-3cbf2eb92896', '6db47d6b-6e2e-4886-a262-520a91854f4c', 'Course', '#8f670f', 7, '2026-02-19 06:59:12.221868+00', '2026-02-19 06:59:12.221868+00'),
	('185d7b68-52f3-4e43-a2e5-4f681f6567db', '6db47d6b-6e2e-4886-a262-520a91854f4c', 'Revenu', '#00eeff', 8, '2026-02-19 07:16:22.79651+00', '2026-02-19 07:16:22.79651+00'),
	('be4b7a43-261e-420d-b683-04d325289e1a', '6db47d6b-6e2e-4886-a262-520a91854f4c', 'Souvenir', '#e6196b', 9, '2026-02-19 09:05:26.574527+00', '2026-02-19 09:05:26.574527+00'),
	('c08b62fc-a3e4-4c92-ac96-3ac2e713d9ca', '6db47d6b-6e2e-4886-a262-520a91854f4c', 'Cadeau', '#e619ca', 10, '2026-02-19 09:05:33.663168+00', '2026-02-19 09:05:33.663168+00'),
	('be691db3-6380-4754-bd4e-68f7c855b7b5', '6db47d6b-6e2e-4886-a262-520a91854f4c', 'Abonnement/Mobile', '#e6d519', 11, '2026-02-19 09:07:01.927724+00', '2026-02-19 09:07:01.927724+00'),
	('ba68eaf0-9c07-4153-b50f-e3b568825ce9', '6db47d6b-6e2e-4886-a262-520a91854f4c', 'Mouvement interne', '#c3bbbd', 12, '2026-02-19 09:07:43.310244+00', '2026-02-19 09:07:43.310244+00'),
	('3539dd1c-a454-4bf0-af4c-1cbf278d4695', '6db47d6b-6e2e-4886-a262-520a91854f4c', 'Projet Personnel', '#2db479', 13, '2026-02-20 08:01:29.976155+00', '2026-02-20 08:01:29.976155+00'),
	('f71641b9-3d6b-4df7-9706-abd5c0cf89f8', '2a575871-a403-43b9-aaf6-41bff3433d4a', 'Logement', NULL, 1, '2026-02-26 11:01:52.533474+00', '2026-02-26 11:01:52.533474+00'),
	('f3dc77fe-0964-4fa6-a108-aade31d49efc', 'bfe2a38a-d934-45c9-9061-cee531cf5823', 'Autre', NULL, 1, '2026-02-26 11:08:48.208383+00', '2026-02-26 11:08:48.208383+00'),
	('9526acde-aef4-48be-9b3f-92b60a947e4f', '6db47d6b-6e2e-4886-a262-520a91854f4c', 'Visa', '#94a3b8', 14, '2026-02-28 18:50:08.076+00', '2026-02-28 18:50:08.076+00'),
	('6b2d131f-a17e-464a-8118-fb1f250fee3c', 'bfe2a38a-d934-45c9-9061-cee531cf5823', 'Mouvement interne', NULL, 2, '2026-03-02 14:10:59.210254+00', '2026-03-02 14:10:59.210254+00'),
	('f2ef4b4d-ac06-4891-b8b1-0bf5bf921c12', '8516d948-4970-453a-912e-e984afabddb9', 'Mouvement interne', NULL, 1, '2026-03-03 14:55:11.235929+00', '2026-03-03 14:55:11.235929+00'),
	('0d15f123-1224-4950-bce0-43650322af68', 'bfe2a38a-d934-45c9-9061-cee531cf5823', 'Sorties', NULL, 3, '2026-03-04 02:44:17.706877+00', '2026-03-04 02:44:17.706877+00'),
	('08530447-3335-43a3-9295-7b562321b779', '6db47d6b-6e2e-4886-a262-520a91854f4c', 'Frais bancaire', '#d51515', 15, '2026-03-09 08:55:12.358+00', '2026-03-09 08:55:12.358+00'),
	('9e5c9dc9-ba1b-4020-b4b4-249119f3ffc5', 'b63f45f3-fc01-4714-8cc4-a09ab49e18c7', 'Mouvement interne', NULL, 1, '2026-03-11 04:01:16.345109+00', '2026-03-11 04:01:16.345109+00'),
	('bb2a8242-fa49-475e-916f-d0c327a82600', 'b63f45f3-fc01-4714-8cc4-a09ab49e18c7', 'Autre', NULL, 2, '2026-03-11 04:25:42.529488+00', '2026-03-11 04:25:42.529488+00'),
	('37787ba4-0999-46a9-8fd0-4a31bdd27807', 'b63f45f3-fc01-4714-8cc4-a09ab49e18c7', 'Repas', NULL, 3, '2026-03-11 08:47:05.474121+00', '2026-03-11 08:47:05.474121+00'),
	('7c0d303f-3168-4f18-9ac3-b0ac62f2edd0', 'b63f45f3-fc01-4714-8cc4-a09ab49e18c7', 'Revenu', NULL, 4, '2026-03-13 08:21:54.96887+00', '2026-03-13 08:21:54.96887+00'),
	('f29f3d88-b806-4b54-802e-c859fdff70a7', 'b63f45f3-fc01-4714-8cc4-a09ab49e18c7', 'Santé', '#94b8a8', 5, '2026-03-13 13:46:50.338+00', '2026-03-13 13:46:50.338+00'),
	('39e7a3d3-ba4e-44f2-a6a0-971e51646dd5', '6db47d6b-6e2e-4886-a262-520a91854f4c', 'Laundry', '#d3b936', 16, '2026-03-14 11:08:26.718+00', '2026-03-14 11:08:26.718+00'),
	('cfea8494-7e4c-4e85-b1c2-819b6b73ca51', '6db47d6b-6e2e-4886-a262-520a91854f4c', 'Transport Internationale', '#931006', 17, '2026-03-14 11:10:19.636+00', '2026-03-14 11:10:19.636+00'),
	('d6be9aeb-3f6d-4811-8eb9-6634186e5b13', '8516d948-4970-453a-912e-e984afabddb9', 'Test Trois', '#94a3b8', 18, '2026-03-25 07:42:22.687+00', '2026-03-25 07:42:22.687+00'),
	('6b7b5054-306f-42b1-88ee-fcf22e5367ba', '8516d948-4970-453a-912e-e984afabddb9', 'Repas', '#94b8b0', 3, '2026-04-11 01:40:13.717+00', '2026-04-11 01:40:13.717+00'),
	('f4bc2da9-0e9c-4ba7-b1fa-3364de14478f', '6db47d6b-6e2e-4886-a262-520a91854f4c', 'Ajustement wallet', '#64748b', 999, '2026-04-15 03:57:28.327954+00', '2026-04-15 03:57:28.327954+00'),
	('74677eae-4284-4218-b7e8-7ceafe576f12', '6db47d6b-6e2e-4886-a262-520a91854f4c', 'Immo', '#ff0000', 19, '2026-05-01 02:48:05.283+00', '2026-05-01 02:48:05.283+00');


--
-- Data for Name: category_subcategories; Type: TABLE DATA; Schema: public; Owner: postgres
--

INSERT INTO "public"."category_subcategories" ("id", "user_id", "category_id", "category_name", "name", "color", "sort_order", "is_active", "created_at", "updated_at") VALUES
	('0471b605-61bc-473d-8c94-9fe191dc5f00', '6db47d6b-6e2e-4886-a262-520a91854f4c', '622c976d-b131-4087-a33f-ff102ae61430', 'Sorties', 'Musée', NULL, 70, true, '2026-03-18 07:07:40.878031+00', '2026-03-18 11:32:00.240524+00'),
	('a126d1a9-3245-4af5-a5aa-3d7f38a418fc', '6db47d6b-6e2e-4886-a262-520a91854f4c', '622c976d-b131-4087-a33f-ff102ae61430', 'Sorties', 'Culturel', NULL, 10, true, '2026-03-18 07:07:40.172794+00', '2026-03-18 11:31:58.335737+00'),
	('8c90e1e2-4fcd-4a1b-8b4b-7958166b7576', '6db47d6b-6e2e-4886-a262-520a91854f4c', '622c976d-b131-4087-a33f-ff102ae61430', 'Sorties', 'Fête', NULL, 20, true, '2026-03-18 07:07:39.531588+00', '2026-03-18 11:31:58.636207+00'),
	('a396dd81-27ea-4d5d-b319-e9db622ee262', '6db47d6b-6e2e-4886-a262-520a91854f4c', 'ba68eaf0-9c07-4153-b50f-e3b568825ce9', 'Mouvement interne', 'Retrait', NULL, 10, true, '2026-03-18 11:34:03.66803+00', '2026-03-18 11:34:18.277507+00'),
	('408555c5-8ec9-4cf6-9aca-75837e966193', '6db47d6b-6e2e-4886-a262-520a91854f4c', '622c976d-b131-4087-a33f-ff102ae61430', 'Sorties', 'Sportive', NULL, 30, true, '2026-03-18 07:07:39.118456+00', '2026-03-18 11:31:58.935939+00'),
	('4d4d5dd0-da37-4d6f-9140-fe62a2d458bc', '6db47d6b-6e2e-4886-a262-520a91854f4c', '622c976d-b131-4087-a33f-ff102ae61430', 'Sorties', 'Verre', NULL, 40, true, '2026-03-18 07:07:38.180899+00', '2026-03-18 11:31:59.3176+00'),
	('9405d0ba-a55b-4451-bab7-c2de7fef2ff1', '6db47d6b-6e2e-4886-a262-520a91854f4c', '622c976d-b131-4087-a33f-ff102ae61430', 'Sorties', 'Cinéma', NULL, 50, true, '2026-03-18 07:07:41.424444+00', '2026-03-18 11:31:59.620646+00'),
	('936a779a-6241-4c2b-af4f-efb8ae8d6756', '6db47d6b-6e2e-4886-a262-520a91854f4c', '622c976d-b131-4087-a33f-ff102ae61430', 'Sorties', 'Événement', NULL, 60, true, '2026-03-18 07:07:41.96713+00', '2026-03-18 11:31:59.933552+00'),
	('898299ee-50b9-4f4b-b65b-076aa4d388f4', '6db47d6b-6e2e-4886-a262-520a91854f4c', '622c976d-b131-4087-a33f-ff102ae61430', 'Sorties', 'Café sortie', NULL, 80, false, '2026-03-18 07:07:42.67073+00', '2026-03-18 11:32:00.541727+00'),
	('24e1767c-3fce-4f9d-888e-6a4ce0d00b31', '6db47d6b-6e2e-4886-a262-520a91854f4c', 'be691db3-6380-4754-bd4e-68f7c855b7b5', 'Abonnement/Mobile', 'SIM', NULL, 10, true, '2026-03-18 07:07:51.488988+00', '2026-03-18 11:32:13.082616+00'),
	('c19dd0e7-9b4d-4e6b-a5f9-929d3ba061c4', '6db47d6b-6e2e-4886-a262-520a91854f4c', 'be691db3-6380-4754-bd4e-68f7c855b7b5', 'Abonnement/Mobile', 'Forfait mobile', NULL, 20, true, '2026-03-18 07:07:52.295505+00', '2026-03-18 11:32:13.643388+00'),
	('74e3cc79-d3c0-4122-bb3a-67a16b08e86a', '6db47d6b-6e2e-4886-a262-520a91854f4c', 'be691db3-6380-4754-bd4e-68f7c855b7b5', 'Abonnement/Mobile', 'Abonnement app', NULL, 30, true, '2026-03-18 07:08:02.229925+00', '2026-03-18 11:32:14.266345+00'),
	('b15e181f-bb54-4257-bf15-6c4ab95f8090', '6db47d6b-6e2e-4886-a262-520a91854f4c', 'be691db3-6380-4754-bd4e-68f7c855b7b5', 'Abonnement/Mobile', 'Recharge data', NULL, 40, true, '2026-03-18 07:08:00.829117+00', '2026-03-18 11:32:15.072233+00'),
	('87dc2197-417b-4a65-8a66-04a11a355842', '6db47d6b-6e2e-4886-a262-520a91854f4c', 'de1d59dd-73b6-49e8-8bc7-cebce9e7c928', 'Santé', 'Assurance santé', NULL, 10, true, '2026-03-18 07:07:46.376767+00', '2026-03-18 11:32:15.072664+00'),
	('30dc6516-548d-4582-a683-084298304093', '6db47d6b-6e2e-4886-a262-520a91854f4c', 'de1d59dd-73b6-49e8-8bc7-cebce9e7c928', 'Santé', 'Consultation', NULL, 20, true, '2026-03-18 07:07:47.143792+00', '2026-03-18 11:32:15.691271+00'),
	('9384a964-8493-4fab-9623-bb3fd0c24f2a', '6db47d6b-6e2e-4886-a262-520a91854f4c', 'de1d59dd-73b6-49e8-8bc7-cebce9e7c928', 'Santé', 'Pharmacie', NULL, 30, true, '2026-03-18 07:07:47.146043+00', '2026-03-18 11:32:16.205582+00'),
	('367ce0b0-d3b9-4265-94a1-4a0c62ab9017', '6db47d6b-6e2e-4886-a262-520a91854f4c', 'de1d59dd-73b6-49e8-8bc7-cebce9e7c928', 'Santé', 'Hygiène', NULL, 40, true, '2026-03-18 07:07:44.938492+00', '2026-03-18 11:32:17.224214+00'),
	('cf042f08-f669-4b83-b52c-dd18d5c61cac', '6db47d6b-6e2e-4886-a262-520a91854f4c', 'de1d59dd-73b6-49e8-8bc7-cebce9e7c928', 'Santé', 'Soins', NULL, 50, true, '2026-03-18 07:07:45.337463+00', '2026-03-18 11:32:17.846692+00'),
	('38d0554d-176d-4a33-8e98-e93e0b77964f', '6db47d6b-6e2e-4886-a262-520a91854f4c', '08530447-3335-43a3-9295-7b562321b779', 'Frais bancaire', 'Tenue de compte', NULL, 10, true, '2026-03-18 07:08:06.952037+00', '2026-03-18 11:32:32.994486+00'),
	('f7c3ed1b-2cb2-43ce-99c8-7bc5b50d7fe5', '6db47d6b-6e2e-4886-a262-520a91854f4c', '08530447-3335-43a3-9295-7b562321b779', 'Frais bancaire', 'Commission change', NULL, 20, true, '2026-03-18 07:08:08.128682+00', '2026-03-18 11:32:33.531612+00'),
	('42c37a11-9269-4a3c-a93f-76456d54b992', '6db47d6b-6e2e-4886-a262-520a91854f4c', '08530447-3335-43a3-9295-7b562321b779', 'Frais bancaire', 'Retrait ATM', NULL, 30, true, '2026-03-18 07:08:08.911566+00', '2026-03-18 11:32:34.12089+00'),
	('2a94ebe3-1099-464a-a07e-04cc1ece6487', '6db47d6b-6e2e-4886-a262-520a91854f4c', '08530447-3335-43a3-9295-7b562321b779', 'Frais bancaire', 'Frais carte', NULL, 40, true, '2026-03-18 07:08:16.425115+00', '2026-03-18 11:32:34.736634+00'),
	('ac4a894a-d0c9-45da-9511-6ed895e4ecc4', '6db47d6b-6e2e-4886-a262-520a91854f4c', '74677eae-4284-4218-b7e8-7ceafe576f12', 'Immo', 'Matériel', NULL, 1, true, '2026-05-01 02:49:07.256231+00', '2026-05-01 02:49:04.964+00'),
	('7e4072bb-bad8-461c-a141-019b5174ee30', '6db47d6b-6e2e-4886-a262-520a91854f4c', '385e3b48-d5ee-49e4-a174-3cbf2eb92896', 'Course', 'Produits maison', NULL, 30, true, '2026-03-18 07:08:19.680377+00', '2026-03-18 11:32:50.836098+00'),
	('257914f7-07db-464e-bfe3-59100c208306', '6db47d6b-6e2e-4886-a262-520a91854f4c', '385e3b48-d5ee-49e4-a174-3cbf2eb92896', 'Course', 'Snacks', NULL, 40, true, '2026-03-18 07:08:18.11397+00', '2026-03-18 11:32:51.127735+00'),
	('490bfb3b-a169-412d-ad20-9428d42df7dd', '6db47d6b-6e2e-4886-a262-520a91854f4c', 'a1a489c5-400b-41ef-99c4-c38def649ca5', 'Transport', 'Bus local', NULL, 30, true, '2026-03-18 07:06:34.341249+00', '2026-03-18 11:31:11.800644+00'),
	('7704e7be-b1c4-401c-a5c8-9f25017e2b65', '6db47d6b-6e2e-4886-a262-520a91854f4c', '6f271602-9ca8-4853-9690-34a4b0d735f8', 'Repas', 'Eau', NULL, 50, true, '2026-03-18 07:06:20.204677+00', '2026-03-18 11:30:21.267096+00'),
	('60c97ca4-5e34-46c4-9c1d-989dca4cdb45', '6db47d6b-6e2e-4886-a262-520a91854f4c', '6f271602-9ca8-4853-9690-34a4b0d735f8', 'Repas', 'Déjeuner', NULL, 20, true, '2026-03-18 07:06:55.212695+00', '2026-03-18 11:30:20.368261+00'),
	('6ca14a35-7a83-46eb-965e-cffc4d847257', '6db47d6b-6e2e-4886-a262-520a91854f4c', '6f271602-9ca8-4853-9690-34a4b0d735f8', 'Repas', 'Petit-déjeuner', NULL, 10, true, '2026-03-18 07:06:21.936315+00', '2026-03-18 11:30:20.095882+00'),
	('885ceb15-7ae0-4706-a93e-dd87bd9151cd', '6db47d6b-6e2e-4886-a262-520a91854f4c', 'a1a489c5-400b-41ef-99c4-c38def649ca5', 'Transport', 'Parking', NULL, 90, true, '2026-03-18 07:07:07.879178+00', '2026-03-18 11:31:13.436157+00'),
	('a07ef2af-640e-4d33-b170-69fa80bf0710', '6db47d6b-6e2e-4886-a262-520a91854f4c', '6f271602-9ca8-4853-9690-34a4b0d735f8', 'Repas', 'Café', NULL, 60, true, '2026-03-18 07:06:19.228697+00', '2026-03-18 11:30:21.535523+00'),
	('a3258b13-a935-465d-b03f-942defbd1a30', '6db47d6b-6e2e-4886-a262-520a91854f4c', 'a1a489c5-400b-41ef-99c4-c38def649ca5', 'Transport', 'Taxi / VTC', NULL, 10, true, '2026-03-18 07:07:06.748286+00', '2026-03-18 11:31:11.274195+00'),
	('87bb1d96-e697-44d7-b321-283b694cabba', '6db47d6b-6e2e-4886-a262-520a91854f4c', 'a1a489c5-400b-41ef-99c4-c38def649ca5', 'Transport', 'Scooter', NULL, 80, true, '2026-03-18 07:07:00.832248+00', '2026-03-18 11:31:13.160417+00'),
	('048e333a-26e5-4a74-8cf9-712bd99c8c71', '6db47d6b-6e2e-4886-a262-520a91854f4c', 'a1a489c5-400b-41ef-99c4-c38def649ca5', 'Transport', 'Location vélo', NULL, 20, true, '2026-03-18 07:07:02.081397+00', '2026-03-18 11:31:11.538499+00'),
	('ede0b2d4-a1b3-4c6a-baaf-9589d0518d26', '6db47d6b-6e2e-4886-a262-520a91854f4c', '385e3b48-d5ee-49e4-a174-3cbf2eb92896', 'Course', 'Supermarché', NULL, 10, true, '2026-03-18 07:08:21.238482+00', '2026-03-18 11:32:50.272869+00'),
	('e398a8f4-af6d-4498-8d71-37d5de74fe8d', '6db47d6b-6e2e-4886-a262-520a91854f4c', 'a1a489c5-400b-41ef-99c4-c38def649ca5', 'Transport', 'Péage', NULL, 100, true, '2026-03-18 07:07:07.389893+00', '2026-03-18 11:31:13.737527+00'),
	('c57ba799-aed6-410d-94f2-8e047881279e', '6db47d6b-6e2e-4886-a262-520a91854f4c', 'a1a489c5-400b-41ef-99c4-c38def649ca5', 'Transport', 'Train local', NULL, 50, true, '2026-03-18 07:06:34.808178+00', '2026-03-18 11:31:12.355804+00'),
	('646676d9-6e75-405f-be1e-41280e8b3362', '6db47d6b-6e2e-4886-a262-520a91854f4c', 'a1a489c5-400b-41ef-99c4-c38def649ca5', 'Transport', 'Essence', NULL, 60, true, '2026-03-18 07:06:36.132928+00', '2026-03-18 11:31:12.624976+00'),
	('44682287-7439-4c94-9b92-a4c24e205dfd', '6db47d6b-6e2e-4886-a262-520a91854f4c', 'a1a489c5-400b-41ef-99c4-c38def649ca5', 'Transport', 'Ferry local', NULL, 70, true, '2026-03-18 07:07:01.387455+00', '2026-03-18 11:31:12.890453+00'),
	('a9bd1cca-f99f-4de6-adc0-ab9f031f2279', '6db47d6b-6e2e-4886-a262-520a91854f4c', 'cc36e69d-ec63-44b3-b89a-db11888f2e89', 'Logement', 'Loyer', NULL, 60, true, '2026-03-18 07:06:41.188172+00', '2026-03-18 11:30:46.775823+00'),
	('bb62cbd7-53be-43e1-acb1-4788331a2c74', '6db47d6b-6e2e-4886-a262-520a91854f4c', '3539dd1c-a454-4bf0-af4c-1cbf278d4695', 'Projet Personnel', 'Démarches', NULL, 10, true, '2026-03-18 07:08:26.551131+00', '2026-03-18 11:33:12.788396+00'),
	('ebea6b16-3069-4f50-b9ae-a6bb53a7e03a', '6db47d6b-6e2e-4886-a262-520a91854f4c', 'cc36e69d-ec63-44b3-b89a-db11888f2e89', 'Logement', 'Auberge', NULL, 20, true, '2026-03-18 07:06:40.415583+00', '2026-03-18 11:30:45.616159+00'),
	('b58906e4-ba8f-4ef5-920a-aba07faf35e7', '6db47d6b-6e2e-4886-a262-520a91854f4c', 'cc36e69d-ec63-44b3-b89a-db11888f2e89', 'Logement', 'Airbnb', NULL, 40, true, '2026-03-18 07:06:31.044446+00', '2026-03-18 11:30:46.194725+00'),
	('0f3e0906-13a3-4d78-a9e3-652c0290f018', '6db47d6b-6e2e-4886-a262-520a91854f4c', 'cc36e69d-ec63-44b3-b89a-db11888f2e89', 'Logement', 'Hôtel', NULL, 10, true, '2026-03-18 07:06:29.910296+00', '2026-03-18 11:30:45.347745+00'),
	('d005d124-a39e-4cbf-abc6-b219d68bbb95', '6db47d6b-6e2e-4886-a262-520a91854f4c', '3539dd1c-a454-4bf0-af4c-1cbf278d4695', 'Projet Personnel', 'Abonnement', NULL, 50, true, '2026-03-18 11:33:03.51145+00', '2026-03-18 11:33:13.901585+00'),
	('ef667d93-1f20-4514-90e4-bed2136bbf48', '6db47d6b-6e2e-4886-a262-520a91854f4c', 'cfea8494-7e4c-4e85-b1c2-819b6b73ca51', 'Transport Internationale', 'Visa-run déplacement', NULL, 60, true, '2026-03-18 07:07:11.227935+00', '2026-03-18 11:31:30.857048+00'),
	('93b2ab05-b7f9-41d9-bca1-55ed39f561ef', '6db47d6b-6e2e-4886-a262-520a91854f4c', 'cfea8494-7e4c-4e85-b1c2-819b6b73ca51', 'Transport Internationale', 'Ferry international', NULL, 30, true, '2026-03-18 07:07:12.139858+00', '2026-03-18 11:31:29.933433+00'),
	('885ad16e-8fe5-4a23-9063-f85cb4336d76', '6db47d6b-6e2e-4886-a262-520a91854f4c', 'cfea8494-7e4c-4e85-b1c2-819b6b73ca51', 'Transport Internationale', 'Frontière / passage', NULL, 40, true, '2026-03-18 07:07:10.081845+00', '2026-03-18 11:31:30.229111+00'),
	('178dfa07-8137-4d84-8f3f-900f415d53f7', '6db47d6b-6e2e-4886-a262-520a91854f4c', 'cfea8494-7e4c-4e85-b1c2-819b6b73ca51', 'Transport Internationale', 'Bus international', NULL, 20, true, '2026-03-18 07:07:13.529244+00', '2026-03-18 11:31:29.614409+00'),
	('2d6c8248-91be-44c3-900e-b56dacb13930', '6db47d6b-6e2e-4886-a262-520a91854f4c', 'cfea8494-7e4c-4e85-b1c2-819b6b73ca51', 'Transport Internationale', 'Train international', NULL, 50, true, '2026-03-18 07:07:12.672894+00', '2026-03-18 11:31:30.536427+00'),
	('058896a6-bca0-4780-8739-420fc90fcbad', '6db47d6b-6e2e-4886-a262-520a91854f4c', '9526acde-aef4-48be-9b3f-92b60a947e4f', 'Visa', 'Frais consulaires', NULL, 30, true, '2026-03-18 07:07:29.9888+00', '2026-03-18 11:31:39.854875+00'),
	('1a53a5ee-c3e9-45c5-8693-b1f93ef47990', '6db47d6b-6e2e-4886-a262-520a91854f4c', '185d7b68-52f3-4e43-a2e5-4f681f6567db', 'Revenu', 'Chomage', NULL, 20, true, '2026-03-17 01:12:07.531384+00', '2026-03-18 11:33:41.87951+00'),
	('8250278a-6a9c-4f77-8a74-b90f948682db', '6db47d6b-6e2e-4886-a262-520a91854f4c', '9526acde-aef4-48be-9b3f-92b60a947e4f', 'Visa', 'e-Visa', NULL, 50, true, '2026-03-18 07:07:32.604453+00', '2026-03-18 11:31:40.475855+00'),
	('1ea92f0b-9b66-4deb-b22f-7a14e066e674', '6db47d6b-6e2e-4886-a262-520a91854f4c', '9526acde-aef4-48be-9b3f-92b60a947e4f', 'Visa', 'Visa à l’arrivée', NULL, 10, true, '2026-03-18 07:07:31.446437+00', '2026-03-18 11:31:39.222382+00'),
	('dd365f4a-e1cc-4fcf-aedc-7b2dd9a1ac63', '6db47d6b-6e2e-4886-a262-520a91854f4c', '9526acde-aef4-48be-9b3f-92b60a947e4f', 'Visa', 'Extension visa', NULL, 20, true, '2026-03-18 07:07:30.838802+00', '2026-03-18 11:31:39.546673+00'),
	('a62d905c-1717-4159-a6c7-2a8d9f759176', '6db47d6b-6e2e-4886-a262-520a91854f4c', '9526acde-aef4-48be-9b3f-92b60a947e4f', 'Visa', 'Photos / documents visa', NULL, 40, true, '2026-03-18 07:07:29.521328+00', '2026-03-18 11:31:40.162778+00'),
	('f42b3ac5-d80d-4ae8-b7b2-93dd1fee90d1', '6db47d6b-6e2e-4886-a262-520a91854f4c', 'de1d59dd-73b6-49e8-8bc7-cebce9e7c928', 'Santé', 'Coiffeur', NULL, 51, true, '2026-03-24 00:51:28.020343+00', '2026-03-24 00:51:27.331+00'),
	('0eb48378-667c-4805-8684-fadac3920562', '6db47d6b-6e2e-4886-a262-520a91854f4c', '385e3b48-d5ee-49e4-a174-3cbf2eb92896', 'Course', 'Marché', NULL, 20, true, '2026-03-18 07:08:20.922881+00', '2026-03-18 11:32:50.557194+00'),
	('9a036ac9-2008-4a69-992b-99ce927b3ec7', '6db47d6b-6e2e-4886-a262-520a91854f4c', '3539dd1c-a454-4bf0-af4c-1cbf278d4695', 'Projet Personnel', 'Logiciel', NULL, 20, true, '2026-03-18 07:08:27.836885+00', '2026-03-18 11:33:13.345178+00'),
	('fb0b221a-3190-45f3-89a9-c8f6d6b3afca', '6db47d6b-6e2e-4886-a262-520a91854f4c', 'a1a489c5-400b-41ef-99c4-c38def649ca5', 'Transport', 'Métro', NULL, 40, true, '2026-03-18 07:06:35.345108+00', '2026-03-18 11:31:12.0981+00'),
	('843e0c8a-d022-4931-bdb5-7eaed315ac31', '6db47d6b-6e2e-4886-a262-520a91854f4c', '39e7a3d3-ba4e-44f2-a6a0-971e51646dd5', 'Laundry', 'Service Laundry', NULL, 0, true, '2026-03-24 04:40:28.219746+00', '2026-03-24 04:40:27.349+00'),
	('8d6e8c3d-1dda-4157-8283-4b9e42c7accc', '6db47d6b-6e2e-4886-a262-520a91854f4c', 'cfea8494-7e4c-4e85-b1c2-819b6b73ca51', 'Transport Internationale', 'Vol', NULL, 10, true, '2026-03-18 07:07:28.104016+00', '2026-03-18 11:31:29.324843+00'),
	('5a038992-8503-41b1-9507-834eb736d8fe', '6db47d6b-6e2e-4886-a262-520a91854f4c', '385e3b48-d5ee-49e4-a174-3cbf2eb92896', 'Course', 'Eau', NULL, 50, true, '2026-03-18 07:08:19.350664+00', '2026-03-18 11:32:51.439107+00'),
	('14bb04a6-2e93-44a5-97a9-75a7112b7624', '6db47d6b-6e2e-4886-a262-520a91854f4c', '3539dd1c-a454-4bf0-af4c-1cbf278d4695', 'Projet Personnel', 'Matériel', NULL, 30, true, '2026-03-18 07:08:29.718408+00', '2026-03-18 11:33:13.60394+00'),
	('f8ade0ff-74f2-48c7-87a9-9872488385ba', '6db47d6b-6e2e-4886-a262-520a91854f4c', 'c08b62fc-a3e4-4c92-ac96-3ac2e713d9ca', 'Cadeau', 'Amis', NULL, 10, true, '2026-03-18 07:08:43.643489+00', '2026-03-18 11:33:18.265143+00'),
	('4cbdd48c-c1f5-49f4-8dcb-cab0f4939cdc', '6db47d6b-6e2e-4886-a262-520a91854f4c', '39e7a3d3-ba4e-44f2-a6a0-971e51646dd5', 'Laundry', 'Self Laundry', NULL, 1, true, '2026-03-24 04:40:38.724997+00', '2026-03-24 04:40:37.897+00'),
	('af50f98d-1621-4311-9259-c520634a1e47', '6db47d6b-6e2e-4886-a262-520a91854f4c', '3539dd1c-a454-4bf0-af4c-1cbf278d4695', 'Projet Personnel', 'Formation', NULL, 50, true, '2026-03-18 07:08:34.358479+00', '2026-03-18 11:33:14.164575+00'),
	('7d212f35-abf8-4b68-ba69-14254fa6adbe', '6db47d6b-6e2e-4886-a262-520a91854f4c', 'be4b7a43-261e-420d-b683-04d325289e1a', 'Souvenir', 'Carte postale', NULL, 10, true, '2026-03-18 07:08:39.140744+00', '2026-03-18 11:33:24.301223+00'),
	('f2306993-661b-4bf7-8efa-1d676ccaa322', '8516d948-4970-453a-912e-e984afabddb9', NULL, 'test Deux', 'bloup', NULL, 0, true, '2026-03-25 07:24:36.557823+00', '2026-03-25 07:24:35.954+00'),
	('a5beb2ea-7b61-49d2-acbe-ffcee77a36a7', '6db47d6b-6e2e-4886-a262-520a91854f4c', 'c08b62fc-a3e4-4c92-ac96-3ac2e713d9ca', 'Cadeau', 'Hôte', NULL, 30, true, '2026-03-18 07:08:35.782641+00', '2026-03-18 11:33:18.828979+00'),
	('450e0dc6-d7db-494a-b84b-f45f0e06cddf', '6db47d6b-6e2e-4886-a262-520a91854f4c', '1c8f633a-66f2-4e9f-997d-8f9dcd482a16', 'Autre', 'Remboursement', NULL, 2, true, '2026-03-25 09:19:30.084507+00', '2026-03-25 09:19:29.515+00'),
	('d3f3166f-e546-4fd4-9d23-f0974bd2f808', '6db47d6b-6e2e-4886-a262-520a91854f4c', 'be4b7a43-261e-420d-b683-04d325289e1a', 'Souvenir', 'Artisanat', NULL, 20, true, '2026-03-18 07:08:38.527093+00', '2026-03-18 11:33:24.82445+00'),
	('5346dd9f-8b5f-4e31-b838-af59c5899a37', '6db47d6b-6e2e-4886-a262-520a91854f4c', 'ba68eaf0-9c07-4153-b50f-e3b568825ce9', 'Mouvement interne', 'Virement', NULL, 20, true, '2026-03-18 07:09:16.872588+00', '2026-03-18 11:34:18.581466+00'),
	('3c049ae5-eed4-45e3-8c91-32d3314505a5', '6db47d6b-6e2e-4886-a262-520a91854f4c', 'ba68eaf0-9c07-4153-b50f-e3b568825ce9', 'Mouvement interne', 'Change devise', NULL, 30, true, '2026-03-18 07:09:18.68552+00', '2026-03-18 11:34:18.883716+00'),
	('3927b7c2-f591-40d3-895f-8ac5f2858692', '6db47d6b-6e2e-4886-a262-520a91854f4c', 'ba68eaf0-9c07-4153-b50f-e3b568825ce9', 'Mouvement interne', 'Transfert cash', NULL, 40, true, '2026-03-18 07:09:24.201093+00', '2026-03-18 11:34:19.185996+00'),
	('f021dfe8-7710-4bf1-96cf-1258ead8ec68', '6db47d6b-6e2e-4886-a262-520a91854f4c', '1c8f633a-66f2-4e9f-997d-8f9dcd482a16', 'Autre', 'Divers', NULL, 1, true, '2026-03-18 07:09:15.588893+00', '2026-03-18 07:09:15.373+00'),
	('be2c366b-72f3-4cea-847c-c4752faaf024', '6db47d6b-6e2e-4886-a262-520a91854f4c', 'c08b62fc-a3e4-4c92-ac96-3ac2e713d9ca', 'Cadeau', 'Famille', NULL, 20, true, '2026-03-18 07:08:44.247929+00', '2026-03-18 11:33:18.569271+00'),
	('83c2f70a-6d64-4f1b-940c-90c74200c02e', '6db47d6b-6e2e-4886-a262-520a91854f4c', 'be4b7a43-261e-420d-b683-04d325289e1a', 'Souvenir', 'Vêtement', NULL, 30, true, '2026-03-18 07:08:39.657127+00', '2026-03-18 11:33:25.427576+00'),
	('f4a900c4-22a5-4be0-8b24-c30123c72ca5', '6db47d6b-6e2e-4886-a262-520a91854f4c', '74677eae-4284-4218-b7e8-7ceafe576f12', 'Immo', 'Voiture', NULL, 0, true, '2026-05-01 02:48:29.669033+00', '2026-05-01 02:48:27.568+00'),
	('7a4674e4-c1a5-4bdd-ad15-0b2a6283972a', '6db47d6b-6e2e-4886-a262-520a91854f4c', '70abd28f-d3e0-4c4b-a689-6172ad2e2dc7', 'Caution', 'Location véhicule', NULL, 10, true, '2026-03-18 07:08:50.24549+00', '2026-03-18 11:33:32.800373+00'),
	('a29c2b9f-39fc-42fc-ba88-c44c3b720fa1', '6db47d6b-6e2e-4886-a262-520a91854f4c', '70abd28f-d3e0-4c4b-a689-6172ad2e2dc7', 'Caution', 'Logement', NULL, 20, true, '2026-03-18 07:08:50.833232+00', '2026-03-18 11:33:33.10443+00'),
	('786bd019-f05b-4ec4-9582-719ee9578062', '6db47d6b-6e2e-4886-a262-520a91854f4c', '70abd28f-d3e0-4c4b-a689-6172ad2e2dc7', 'Caution', 'Autre caution', NULL, 30, true, '2026-03-18 07:08:49.471359+00', '2026-03-18 11:33:33.416234+00'),
	('49089b93-de11-4a0d-99b9-c693c6cf2900', '6db47d6b-6e2e-4886-a262-520a91854f4c', '6f271602-9ca8-4853-9690-34a4b0d735f8', 'Repas', 'Dîner', NULL, 30, true, '2026-03-18 07:06:21.319201+00', '2026-03-18 11:30:20.661017+00'),
	('5780577f-65c0-4563-939d-2524fa4ab154', '6db47d6b-6e2e-4886-a262-520a91854f4c', '6f271602-9ca8-4853-9690-34a4b0d735f8', 'Repas', 'Snack', NULL, 40, true, '2026-03-18 07:05:12.143439+00', '2026-03-18 11:30:20.995667+00'),
	('0213d21e-a05f-4f5c-9686-1ec5a98e8615', '6db47d6b-6e2e-4886-a262-520a91854f4c', '185d7b68-52f3-4e43-a2e5-4f681f6567db', 'Revenu', 'Salaire', NULL, 10, true, '2026-03-18 07:09:12.113936+00', '2026-03-18 11:33:41.610462+00'),
	('07ab59a3-85dc-4cb5-ae6a-4796e26ae7cd', '6db47d6b-6e2e-4886-a262-520a91854f4c', '185d7b68-52f3-4e43-a2e5-4f681f6567db', 'Revenu', 'Autre revenu', NULL, 30, true, '2026-03-18 07:09:01.349508+00', '2026-03-18 11:33:42.137397+00'),
	('7f5b1c1a-beb0-4706-8cfc-fbabbd0ada0e', '6db47d6b-6e2e-4886-a262-520a91854f4c', '185d7b68-52f3-4e43-a2e5-4f681f6567db', 'Revenu', 'Prime', NULL, 40, true, '2026-03-18 07:09:00.545165+00', '2026-03-18 11:33:42.428163+00'),
	('34d7cbcf-f293-42bb-bf36-63b14a0e9e5e', '6db47d6b-6e2e-4886-a262-520a91854f4c', '185d7b68-52f3-4e43-a2e5-4f681f6567db', 'Revenu', 'Vente', NULL, 50, true, '2026-03-18 07:08:59.759094+00', '2026-03-18 11:33:42.726556+00'),
	('27bf4540-7298-4ba9-9370-a18d80ffc6d1', '6db47d6b-6e2e-4886-a262-520a91854f4c', '185d7b68-52f3-4e43-a2e5-4f681f6567db', 'Revenu', 'Remboursement', NULL, 60, true, '2026-03-18 07:09:04.768115+00', '2026-03-18 11:33:43.041847+00'),
	('0b5f7d26-5cb0-4982-9f58-13f76cc4c43f', '6db47d6b-6e2e-4886-a262-520a91854f4c', 'cc36e69d-ec63-44b3-b89a-db11888f2e89', 'Logement', 'Guesthouse', NULL, 30, true, '2026-03-18 07:06:30.458208+00', '2026-03-18 11:30:45.899901+00'),
	('30e0eb5d-3e4c-4338-8817-78dea41d52e7', '6db47d6b-6e2e-4886-a262-520a91854f4c', 'cc36e69d-ec63-44b3-b89a-db11888f2e89', 'Logement', 'Camping', NULL, 50, true, '2026-03-18 07:06:31.574739+00', '2026-03-18 11:30:46.509808+00');


--
-- Data for Name: document_folders; Type: TABLE DATA; Schema: public; Owner: postgres
--

INSERT INTO "public"."document_folders" ("id", "user_id", "name", "parent_id", "sort_order", "created_at", "updated_at") VALUES
	('7857608b-11fb-44d1-b107-21dbef8f83f8', '6db47d6b-6e2e-4886-a262-520a91854f4c', 'Admin', NULL, 0, '2026-05-06 04:21:55.600662+00', '2026-05-06 04:21:55.600662+00'),
	('a82da2f0-9812-4f10-93b7-7439c11b93bc', '6db47d6b-6e2e-4886-a262-520a91854f4c', 'Impôt', NULL, 0, '2026-05-06 04:22:05.400837+00', '2026-05-06 04:22:05.400837+00'),
	('c30c4a69-5ea3-4d2a-a3ee-4040a2ceca62', '6db47d6b-6e2e-4886-a262-520a91854f4c', 'Assurance', NULL, 0, '2026-05-06 04:37:04.569603+00', '2026-05-06 04:37:04.569603+00'),
	('9790f377-ca2a-43b8-a379-dff236647273', '6db47d6b-6e2e-4886-a262-520a91854f4c', 'PVT Australie', NULL, 0, '2026-05-06 06:17:29.853982+00', '2026-05-06 06:17:29.853982+00'),
	('6201e9be-c742-484d-83d2-b70622f510b1', '6db47d6b-6e2e-4886-a262-520a91854f4c', 'Diplôme et Certificat', NULL, 0, '2026-05-06 07:06:46.628642+00', '2026-05-06 07:06:46.628642+00'),
	('58345b3a-6cc8-463e-b318-fe94ecda3358', '6db47d6b-6e2e-4886-a262-520a91854f4c', 'Banque', NULL, 0, '2026-05-06 04:22:23.573473+00', '2026-05-06 07:39:20.881868+00');


--
-- Data for Name: documents; Type: TABLE DATA; Schema: public; Owner: postgres
--

INSERT INTO "public"."documents" ("id", "user_id", "folder_id", "name", "original_filename", "storage_bucket", "storage_path", "mime_type", "size_bytes", "created_at", "updated_at", "tags", "is_favorite", "expires_at", "notes") VALUES
	('e817898e-14fc-414e-8e95-582e83ce2009', '6db47d6b-6e2e-4886-a262-520a91854f4c', 'a82da2f0-9812-4f10-93b7-7439c11b93bc', 'PECOUD-BOUVET Sébastien Déclaration d''Impôt 2026 sur 2025', 'impot.pdf', 'personal-documents', '6db47d6b-6e2e-4886-a262-520a91854f4c/e817898e-14fc-414e-8e95-582e83ce2009/impot.pdf', 'application/pdf', 691674, '2026-05-06 04:33:09.475142+00', '2026-05-06 04:33:30.041219+00', '{}', false, NULL, NULL),
	('78619314-1af1-4837-8c53-36675d90c895', '6db47d6b-6e2e-4886-a262-520a91854f4c', '6201e9be-c742-484d-83d2-b70622f510b1', 'attestation_niveau_15_01_2026_Sebastien_Pecoud-bouvet', 'attestation_niveau_15_01_2026_Sebastien_Pecoud-bouvet.pdf', 'personal-documents', '6db47d6b-6e2e-4886-a262-520a91854f4c/78619314-1af1-4837-8c53-36675d90c895/attestation_niveau_15_01_2026_Sebastien_Pecoud-bouvet.pdf', 'application/pdf', 108808, '2026-05-06 07:07:02.73024+00', '2026-05-06 07:07:02.73024+00', '{}', false, NULL, NULL),
	('85b08fda-39f7-4da5-b131-7492e1f02837', '6db47d6b-6e2e-4886-a262-520a91854f4c', '6201e9be-c742-484d-83d2-b70622f510b1', 'Attestation+d_assiduité+-+Sebastien+PECOUD-BOUVET', 'Attestation+d_assiduité+-+Sebastien+PECOUD-BOUVET.pdf', 'personal-documents', '6db47d6b-6e2e-4886-a262-520a91854f4c/85b08fda-39f7-4da5-b131-7492e1f02837/Attestation-d_assiduite-Sebastien-PECOUD-BOUVET.pdf', 'application/pdf', 484594, '2026-05-06 07:07:04.582204+00', '2026-05-06 07:07:04.582204+00', '{}', false, NULL, NULL),
	('6e6e3370-4913-4745-adf5-a63183d5adbd', '6db47d6b-6e2e-4886-a262-520a91854f4c', '6201e9be-c742-484d-83d2-b70622f510b1', 'PECOUD-BOUVET_Sebastien_Relevé_de_Note_BTS_CG', 'PECOUD-BOUVET_Sebastien_Relevé_de_Note_BTS_CG.pdf', 'personal-documents', '6db47d6b-6e2e-4886-a262-520a91854f4c/6e6e3370-4913-4745-adf5-a63183d5adbd/PECOUD-BOUVET_Sebastien_Releve_de_Note_BTS_CG.pdf', 'application/pdf', 3572042, '2026-05-06 07:07:08.316612+00', '2026-05-06 07:07:08.316612+00', '{}', false, NULL, NULL),
	('4aa04d56-4d03-4426-8ae6-773f82c87479', '6db47d6b-6e2e-4886-a262-520a91854f4c', '6201e9be-c742-484d-83d2-b70622f510b1', 'PECOUD-BOUVET_Sebastien_Diplome_BAC_STMG', 'PECOUD-BOUVET_Sebastien_Diplome_BAC_STMG.pdf', 'personal-documents', '6db47d6b-6e2e-4886-a262-520a91854f4c/4aa04d56-4d03-4426-8ae6-773f82c87479/PECOUD-BOUVET_Sebastien_Diplome_BAC_STMG.pdf', 'application/pdf', 1473909, '2026-05-06 07:07:11.03493+00', '2026-05-06 07:07:11.03493+00', '{}', false, NULL, NULL),
	('132e245b-b8e6-433f-8c32-8131bbe205ff', '6db47d6b-6e2e-4886-a262-520a91854f4c', '6201e9be-c742-484d-83d2-b70622f510b1', 'PECOUD-BOUVET_Sebastien_Certificat_de_Participation_a_la_JDC', 'PECOUD-BOUVET_Sebastien_Certificat_de_Participation_a_la_JDC.pdf', 'personal-documents', '6db47d6b-6e2e-4886-a262-520a91854f4c/132e245b-b8e6-433f-8c32-8131bbe205ff/PECOUD-BOUVET_Sebastien_Certificat_de_Participation_a_la_JDC.pdf', 'application/pdf', 3012249, '2026-05-06 07:07:14.947668+00', '2026-05-06 07:07:14.947668+00', '{}', false, NULL, NULL),
	('cb84cd12-6b65-4a09-9a45-206183379976', '6db47d6b-6e2e-4886-a262-520a91854f4c', '6201e9be-c742-484d-83d2-b70622f510b1', 'PECOUD-BOUVET_Sebastien_C2I', 'PECOUD-BOUVET_Sebastien_C2I.pdf', 'personal-documents', '6db47d6b-6e2e-4886-a262-520a91854f4c/cb84cd12-6b65-4a09-9a45-206183379976/PECOUD-BOUVET_Sebastien_C2I.pdf', 'application/pdf', 3111726, '2026-05-06 07:07:18.458923+00', '2026-05-06 07:07:18.458923+00', '{}', false, NULL, NULL),
	('1f8e71e3-de55-4098-87cf-bc4e45d5102f', '6db47d6b-6e2e-4886-a262-520a91854f4c', '6201e9be-c742-484d-83d2-b70622f510b1', 'PECOUD-BOUVET_Sebastien_BTS_CG', 'PECOUD-BOUVET_Sebastien_BTS_CG.pdf', 'personal-documents', '6db47d6b-6e2e-4886-a262-520a91854f4c/1f8e71e3-de55-4098-87cf-bc4e45d5102f/PECOUD-BOUVET_Sebastien_BTS_CG.pdf', 'application/pdf', 1201768, '2026-05-06 07:07:20.668454+00', '2026-05-06 07:07:20.668454+00', '{}', false, NULL, NULL),
	('b90ca888-93c4-405b-ab4f-f64bf451a6df', '6db47d6b-6e2e-4886-a262-520a91854f4c', '6201e9be-c742-484d-83d2-b70622f510b1', 'PECOUD-BOUVET_Sebastien_BREVET', 'PECOUD-BOUVET_Sebastien_BREVET.pdf', 'personal-documents', '6db47d6b-6e2e-4886-a262-520a91854f4c/b90ca888-93c4-405b-ab4f-f64bf451a6df/PECOUD-BOUVET_Sebastien_BREVET.pdf', 'application/pdf', 1268352, '2026-05-06 07:07:23.076545+00', '2026-05-06 07:07:23.076545+00', '{}', false, NULL, NULL),
	('dd71e307-314f-47bc-bd66-9d6cb279e947', '6db47d6b-6e2e-4886-a262-520a91854f4c', '7857608b-11fb-44d1-b107-21dbef8f83f8', 'PECOUD-BOUVET+Sebastien+Permis+de+Conduire+27122024', 'PECOUD-BOUVET+Sebastien+Permis+de+Conduire+27122024.pdf', 'personal-documents', '6db47d6b-6e2e-4886-a262-520a91854f4c/dd71e307-314f-47bc-bd66-9d6cb279e947/PECOUD-BOUVET-Sebastien-Permis-de-Conduire-27122024.pdf', 'application/pdf', 53627, '2026-05-06 04:39:29.817215+00', '2026-05-06 07:37:32.804137+00', '{}', false, '2033-04-17', NULL),
	('27bcb43f-53bb-4ec9-ae36-5c6e5828c8c5', '6db47d6b-6e2e-4886-a262-520a91854f4c', 'c30c4a69-5ea3-4d2a-a3ee-4040a2ceca62', 'PECOUD-BOUVET Sebastien Certificat ACS PVT Australie', 'certificate_GL10300692_en.pdf', 'personal-documents', '6db47d6b-6e2e-4886-a262-520a91854f4c/27bcb43f-53bb-4ec9-ae36-5c6e5828c8c5/certificate_GL10300692_en.pdf', 'application/pdf', 143699, '2026-05-06 04:37:32.824758+00', '2026-05-06 07:36:32.11661+00', '{"Assurance Voyage",Australie,PVT}', false, '2027-01-05', NULL),
	('63d2dfe3-36b0-44ef-8e7d-7995751b7d22', '6db47d6b-6e2e-4886-a262-520a91854f4c', 'c30c4a69-5ea3-4d2a-a3ee-4040a2ceca62', 'PECOUD-BOUVET Sebastien Certificat ACS Asie de l''Est', 'PECOUD-BOUVET Sebastien Certificat ACS Asie de l''Est.pdf', 'personal-documents', '6db47d6b-6e2e-4886-a262-520a91854f4c/63d2dfe3-36b0-44ef-8e7d-7995751b7d22/PECOUD-BOUVET-Sebastien-Certificat-ACS-Asie-de-l-Est.pdf', 'application/pdf', 147857, '2026-05-06 07:05:25.478815+00', '2026-05-06 07:36:52.039725+00', '{"Assurance Voyage",Asie}', false, '2026-05-05', NULL),
	('4fe4d4a9-9bc7-41cf-8735-8dbf21bb87b3', '6db47d6b-6e2e-4886-a262-520a91854f4c', '9790f377-ca2a-43b8-a379-dff236647273', 'PECOUD-BOUVET Sebastien PVT Granted', 'PvñVT Granted.pdf', 'personal-documents', '6db47d6b-6e2e-4886-a262-520a91854f4c/4fe4d4a9-9bc7-41cf-8735-8dbf21bb87b3/PvnVT-Granted.pdf', 'application/pdf', 63864, '2026-05-06 06:17:40.875332+00', '2026-05-06 07:40:03.988513+00', '{Australie,PVT}', false, NULL, NULL),
	('32d9f0be-888e-4cf6-9247-a29ffff7ed0a', '6db47d6b-6e2e-4886-a262-520a91854f4c', '7857608b-11fb-44d1-b107-21dbef8f83f8', 'PECOUD-BOUVET+Sebstien+Passport+Vaccinal+2712224', 'PECOUD-BOUVET+Sebstien+Passport+Vaccinal+2712224.pdf', 'personal-documents', '6db47d6b-6e2e-4886-a262-520a91854f4c/32d9f0be-888e-4cf6-9247-a29ffff7ed0a/PECOUD-BOUVET-Sebstien-Passport-Vaccinal-2712224.pdf', 'application/pdf', 188929, '2026-05-06 04:39:32.520295+00', '2026-05-06 07:41:07.156691+00', '{Santé}', false, NULL, NULL),
	('d0c0278d-6dca-43c9-b06a-b72fe3ef0cfa', '6db47d6b-6e2e-4886-a262-520a91854f4c', '7857608b-11fb-44d1-b107-21dbef8f83f8', 'PECOUD-BOUVET+Sebastien+CNI+27122024', 'PECOUD-BOUVET+Sebastien+CNI+27122024.pdf', 'personal-documents', '6db47d6b-6e2e-4886-a262-520a91854f4c/d0c0278d-6dca-43c9-b06a-b72fe3ef0cfa/PECOUD-BOUVET-Sebastien-CNI-27122024.pdf', 'application/pdf', 62189, '2026-05-06 04:39:27.481606+00', '2026-05-06 07:39:06.025081+00', '{}', false, '2034-10-30', NULL),
	('0e9c2bcf-56eb-4e8c-9693-489aabe713bd', '6db47d6b-6e2e-4886-a262-520a91854f4c', '58345b3a-6cc8-463e-b318-fe94ecda3358', 'Bank', 'Bank.pdf', 'personal-documents', '6db47d6b-6e2e-4886-a262-520a91854f4c/0e9c2bcf-56eb-4e8c-9693-489aabe713bd/Bank.pdf', 'application/pdf', 402259, '2026-05-06 04:32:36.462201+00', '2026-05-06 07:39:40.652592+00', '{Australie,PVT}', false, NULL, NULL),
	('4714c362-b155-4ad6-bd27-4ae7a4122a03', '6db47d6b-6e2e-4886-a262-520a91854f4c', '7857608b-11fb-44d1-b107-21dbef8f83f8', 'Carte_vitale', 'Carte_vitale.jpeg', 'personal-documents', '6db47d6b-6e2e-4886-a262-520a91854f4c/4714c362-b155-4ad6-bd27-4ae7a4122a03/Carte_vitale.jpeg', 'image/jpeg', 1177237, '2026-05-06 04:39:25.902703+00', '2026-05-06 07:41:14.871156+00', '{Santé}', false, NULL, NULL),
	('c97d83bb-eb1a-4805-925e-0c9a0ed8b1d8', '6db47d6b-6e2e-4886-a262-520a91854f4c', '7857608b-11fb-44d1-b107-21dbef8f83f8', 'PECOUD-BOUVET Sebastien Passeport 24ID39750 31/10/2024 - 30/10/2034', 'PECOUD-BOUVET+Sebastien+Passeport+27122024.pdf', 'personal-documents', '6db47d6b-6e2e-4886-a262-520a91854f4c/c97d83bb-eb1a-4805-925e-0c9a0ed8b1d8/PECOUD-BOUVET-Sebastien-Passeport-27122024.pdf', 'application/pdf', 76604, '2026-05-06 04:34:11.648227+00', '2026-05-06 07:41:18.315182+00', '{}', true, '2034-10-30', NULL),
	('c2d99aea-4a79-46e7-8f9a-e1023c77916e', '6db47d6b-6e2e-4886-a262-520a91854f4c', '6201e9be-c742-484d-83d2-b70622f510b1', 'PECOUD-BOUVET_Sebastien_Attestation_PMD', 'PECOUD-BOUVET_Sebastien_Attestation_PMD.pdf', 'personal-documents', '6db47d6b-6e2e-4886-a262-520a91854f4c/c2d99aea-4a79-46e7-8f9a-e1023c77916e/PECOUD-BOUVET_Sebastien_Attestation_PMD.pdf', 'application/pdf', 1283676, '2026-05-06 07:07:25.520127+00', '2026-05-06 07:07:25.520127+00', '{}', false, NULL, NULL),
	('63b525e8-efc6-4b9a-b497-6cee10925ea8', '6db47d6b-6e2e-4886-a262-520a91854f4c', '6201e9be-c742-484d-83d2-b70622f510b1', 'PECOUD-BOUVET_Sebastien_Attestation_de_Recensement', 'PECOUD-BOUVET_Sebastien_Attestation_de_Recensement.pdf', 'personal-documents', '6db47d6b-6e2e-4886-a262-520a91854f4c/63b525e8-efc6-4b9a-b497-6cee10925ea8/PECOUD-BOUVET_Sebastien_Attestation_de_Recensement.pdf', 'application/pdf', 1241646, '2026-05-06 07:07:27.943183+00', '2026-05-06 07:07:27.943183+00', '{}', false, NULL, NULL),
	('6cb1152c-91fa-4447-b80d-7add0637a65e', '6db47d6b-6e2e-4886-a262-520a91854f4c', '6201e9be-c742-484d-83d2-b70622f510b1', 'PECOUD-BOUVET Sebastien Certificat ACS Asie de l''Est', 'PECOUD-BOUVET Sebastien Certificat ACS Asie de l''Est.pdf', 'personal-documents', '6db47d6b-6e2e-4886-a262-520a91854f4c/6cb1152c-91fa-4447-b80d-7add0637a65e/PECOUD-BOUVET-Sebastien-Certificat-ACS-Asie-de-l-Est.pdf', 'application/pdf', 147857, '2026-05-06 07:07:29.238767+00', '2026-05-06 07:07:29.238767+00', '{}', false, NULL, NULL);


--
-- Data for Name: fx_manual_rates; Type: TABLE DATA; Schema: public; Owner: postgres
--

INSERT INTO "public"."fx_manual_rates" ("user_id", "currency", "rate_to_eur", "as_of", "created_at", "updated_at") VALUES
	('6db47d6b-6e2e-4886-a262-520a91854f4c', 'VND', 30523.91, '2026-03-24', '2026-03-05 06:26:49.515717+00', '2026-03-24 01:31:38.450815+00'),
	('6db47d6b-6e2e-4886-a262-520a91854f4c', 'LAK', 24911.45, '2026-03-24', '2026-03-05 06:26:31.669536+00', '2026-03-24 01:31:53.333628+00');


--
-- Data for Name: fx_rates; Type: TABLE DATA; Schema: public; Owner: postgres
--

INSERT INTO "public"."fx_rates" ("id", "base", "as_of", "rates", "source", "created_at") VALUES
	(1, 'EUR', '2026-02-10', '{"AUD": 1.683, "BRL": 6.1929, "CAD": 1.6141, "CHF": 0.9123, "CNY": 8.2245, "CZK": 24.257, "DKK": 7.4715, "EUR": 1, "GBP": 0.8695, "HKD": 9.2983, "HUF": 377.95, "IDR": 19966, "ILS": 3.6704, "INR": 107.6878, "ISK": 145, "JPY": 184.51, "KRW": 1738.48, "MXN": 20.4998, "MYR": 4.6666, "NOK": 11.3115, "NZD": 1.9687, "PHP": 69.605, "PLN": 4.217, "RON": 5.0912, "SEK": 10.6135, "SGD": 1.5061, "THB": 37.151, "TRY": 51.8989, "USD": 1.1894, "ZAR": 18.9797}', 'ECB', '2026-02-10 15:09:37.608212+00'),
	(2, 'EUR', '2026-02-11', '{"AUD": 1.6737, "BRL": 6.1753, "CAD": 1.6138, "CHF": 0.9136, "CNY": 8.2245, "CZK": 24.245, "DKK": 7.4698, "EUR": 1, "GBP": 0.8699, "HKD": 9.3013, "HUF": 379.03, "IDR": 19992, "ILS": 3.6604, "INR": 107.9515, "ISK": 145.2, "JPY": 182.79, "KRW": 1727.84, "MXN": 20.4719, "MYR": 4.6589, "NOK": 11.265, "NZD": 1.9637, "PHP": 69.347, "PLN": 4.2135, "RON": 5.0912, "SEK": 10.564, "SGD": 1.5027, "THB": 36.991, "TRY": 51.9354, "USD": 1.19, "ZAR": 18.8989}', 'ECB', '2026-02-12 04:25:46.539469+00'),
	(3, 'EUR', '2026-02-13', '{"AUD": 1.6824, "BRL": 6.1916, "CAD": 1.6161, "CHF": 0.9121, "CNY": 8.195, "CZK": 24.263, "DKK": 7.4709, "EUR": 1, "GBP": 0.8716, "HKD": 9.2725, "HUF": 379.08, "IDR": 19955.44, "ILS": 3.6649, "INR": 107.481, "ISK": 145, "JPY": 181.83, "KRW": 1715.78, "MXN": 20.4269, "MYR": 4.6351, "NOK": 11.326, "NZD": 1.9693, "PHP": 68.63, "PLN": 4.215, "RON": 5.0946, "SEK": 10.6254, "SGD": 1.4992, "THB": 36.861, "TRY": 51.8843, "USD": 1.1862, "ZAR": 19.019}', 'ECB', '2026-02-14 03:48:37.251131+00'),
	(4, 'EUR', '2026-02-16', '{"AUD": 1.6731, "BRL": 6.1935, "CAD": 1.6155, "CHF": 0.9129, "CNY": 8.1902, "CZK": 24.259, "DKK": 7.4707, "EUR": 1, "GBP": 0.869, "HKD": 9.265, "HUF": 377.13, "IDR": 19938, "ILS": 3.6594, "INR": 107.5625, "ISK": 145, "JPY": 181.79, "KRW": 1708.8, "MXN": 20.3378, "MYR": 4.6235, "NOK": 11.2665, "NZD": 1.9623, "PHP": 68.722, "PLN": 4.2105, "RON": 5.0954, "SEK": 10.6205, "SGD": 1.4962, "THB": 36.863, "TRY": 51.8167, "USD": 1.1855, "ZAR": 18.9092}', 'ECB', '2026-02-17 03:00:27.425434+00'),
	(5, 'EUR', '2026-02-18', '{"AUD": 1.6748, "BRL": 6.1865, "CAD": 1.6164, "CHF": 0.9124, "CNY": 8.1833, "CZK": 24.256, "DKK": 7.4714, "EUR": 1, "GBP": 0.8724, "HKD": 9.2565, "HUF": 378.23, "IDR": 20000, "ILS": 3.6775, "INR": 107.425, "ISK": 144.9, "JPY": 181.99, "KRW": 1712.66, "MXN": 20.2709, "MYR": 4.6196, "NOK": 11.2285, "NZD": 1.973, "PHP": 68.551, "PLN": 4.2165, "RON": 5.0929, "SEK": 10.616, "SGD": 1.4971, "THB": 37.016, "TRY": 51.8305, "USD": 1.1845, "ZAR": 18.9794}', 'ECB', '2026-02-19 05:15:05.879107+00'),
	(6, 'EUR', '2026-02-19', '{"AUD": 1.6698, "BRL": 6.1519, "CAD": 1.6107, "CHF": 0.9119, "CNY": 8.1197, "CZK": 24.245, "DKK": 7.4717, "EUR": 1, "GBP": 0.8738, "HKD": 9.1846, "HUF": 379.73, "IDR": 19883.96, "ILS": 3.6888, "INR": 107.183, "ISK": 144.9, "JPY": 182.05, "KRW": 1703.81, "MXN": 20.3086, "MYR": 4.5937, "NOK": 11.253, "NZD": 1.9728, "PHP": 68.225, "PLN": 4.2215, "RON": 5.097, "SEK": 10.6915, "SGD": 1.4916, "THB": 36.722, "TRY": 51.4426, "USD": 1.1753, "ZAR": 19.062}', 'ECB', '2026-02-20 05:31:01.7519+00'),
	(7, 'EUR', '2026-02-20', '{"AUD": 1.6697, "BRL": 6.1358, "CAD": 1.6112, "CHF": 0.9132, "CNY": 8.1294, "CZK": 24.241, "DKK": 7.4716, "EUR": 1, "GBP": 0.8728, "HKD": 9.1961, "HUF": 379.65, "IDR": 19872.87, "ILS": 3.6783, "INR": 107.0155, "ISK": 144.9, "JPY": 182.63, "KRW": 1705.81, "MXN": 20.2402, "MYR": 4.5927, "NOK": 11.254, "NZD": 1.9763, "PHP": 68.428, "PLN": 4.2238, "RON": 5.0978, "SEK": 10.6745, "SGD": 1.4931, "THB": 36.719, "TRY": 51.5932, "USD": 1.1767, "ZAR": 18.9417}', 'ECB', '2026-02-22 06:26:48.816895+00');


--
-- Data for Name: period_budget_reference_override; Type: TABLE DATA; Schema: public; Owner: postgres
--



--
-- Data for Name: profiles; Type: TABLE DATA; Schema: public; Owner: postgres
--

INSERT INTO "public"."profiles" ("id", "email", "role", "created_at") VALUES
	('8516d948-4970-453a-912e-e984afabddb9', 'seb.pecoud@gmail.com', 'member', '2026-02-22 16:56:23.627267+00'),
	('b63f45f3-fc01-4714-8cc4-a09ab49e18c7', 'sebastien.pecoud-bouvet@proton.me', 'user', '2026-02-26 10:49:21.089171+00'),
	('2a575871-a403-43b9-aaf6-41bff3433d4a', 'cool73adn@gmail.com', 'user', '2026-02-26 10:57:01.727962+00'),
	('bfe2a38a-d934-45c9-9061-cee531cf5823', 'a.bouvier5@laposte.net', 'user', '2026-02-26 11:07:51.961945+00'),
	('6db47d6b-6e2e-4886-a262-520a91854f4c', 'seb.pecoud.icoges@gmail.com', 'admin', '2026-02-22 15:57:11.371623+00');


--
-- Data for Name: schema_version; Type: TABLE DATA; Schema: public; Owner: postgres
--

INSERT INTO "public"."schema_version" ("key", "version", "updated_at") VALUES
	('travel_budget', 1, '2026-02-20 05:23:10.694738+00'),
	('travelbudget', 94000, '2026-03-25 08:27:49.706375+00');


--
-- Data for Name: settings; Type: TABLE DATA; Schema: public; Owner: postgres
--

INSERT INTO "public"."settings" ("user_id", "period_start", "period_end", "daily_budget_thb", "eur_thb_rate", "theme", "updated_at", "periods", "palette_json", "palette_preset", "base_currency", "ui_mode") VALUES
	('b63f45f3-fc01-4714-8cc4-a09ab49e18c7', NULL, NULL, 1000, 35, 'light', '2026-03-11 04:00:32.013+00', NULL, '{"bad": "#ef4444", "good": "#16a34a", "warn": "#f59e0b", "accent": "#2563eb"}', 'Ocean', 'USD', 'advanced'),
	('6db47d6b-6e2e-4886-a262-520a91854f4c', '2026-02-10', '2026-03-03', 1000, 35, 'light', '2026-03-18 15:00:12.265+00', NULL, '{"bad": "#fb7185", "good": "#22c55e", "warn": "#f59e0b", "accent": "#7c3aed"}', 'Grape', 'EUR', 'advanced'),
	('2a575871-a403-43b9-aaf6-41bff3433d4a', NULL, NULL, 1000, 35, 'light', '2026-02-26 11:00:49.746+00', NULL, '{"bad": "#ef4444", "good": "#16a34a", "warn": "#f59e0b", "accent": "#2563eb"}', 'Ocean', 'EUR', 'advanced'),
	('8516d948-4970-453a-912e-e984afabddb9', NULL, NULL, 1000, 35, 'light', '2026-03-03 14:49:09.874+00', NULL, '{"bad": "#ef4444", "good": "#16a34a", "warn": "#f59e0b", "accent": "#2563eb"}', 'Ocean', 'EUR', 'advanced'),
	('bfe2a38a-d934-45c9-9061-cee531cf5823', NULL, NULL, 1000, 35, 'dark', '2026-03-04 02:42:22.359+00', NULL, '{"bad": "#ef4444", "good": "#16a34a", "warn": "#f59e0b", "accent": "#2563eb"}', 'Ocean', 'EUR', 'advanced');


--
-- Data for Name: travel_budget_reference_profile; Type: TABLE DATA; Schema: public; Owner: postgres
--

INSERT INTO "public"."travel_budget_reference_profile" ("id", "user_id", "travel_id", "reference_id", "country_code", "region_code", "travel_profile", "travel_style", "adult_count", "child_count", "trip_days", "traveler_age_min", "traveler_age_max", "base_daily_reference_amount", "style_multiplier", "profile_multiplier", "duration_multiplier", "recommended_daily_amount", "recommended_accommodation_daily_amount", "recommended_food_daily_amount", "recommended_transport_daily_amount", "recommended_activities_daily_amount", "recommended_misc_daily_amount", "source_mode", "created_at", "updated_at") VALUES
	('1bfeded3-78b5-41a6-9778-218d205ccaf1', '6db47d6b-6e2e-4886-a262-520a91854f4c', 'd6c3e70a-d31f-4647-91e8-e12830d0c00d', '7bc6cf0c-c3d8-4c3b-9613-88eb67450d2a', 'AUS', NULL, 'solo', 'budget', 1, 0, 325, NULL, NULL, 76.00, 0.8500, 1.0000, 0.9000, 58.14, 0.00, 10.80, 36.55, 10.80, -0.01, 'reference_applied', '2026-03-18 12:40:20.57246+00', '2026-03-20 13:54:13.412284+00'),
	('27ae2ea4-7c15-41ba-a244-27a8a3e57e45', '8516d948-4970-453a-912e-e984afabddb9', '81343a04-99a2-4a55-9cc7-0a4dded6971e', '7bc6cf0c-c3d8-4c3b-9613-88eb67450d2a', 'AUS', NULL, 'solo', 'standard', 1, 0, 59, NULL, NULL, 76.00, 1.0000, 1.0000, 1.0000, 76.00, 0.00, 14.11, 47.77, 14.11, 0.01, 'reference_applied', '2026-03-24 02:28:20.050886+00', '2026-04-11 01:37:11.690022+00');


--
-- Data for Name: travel_day_logs; Type: TABLE DATA; Schema: public; Owner: postgres
--

INSERT INTO "public"."travel_day_logs" ("id", "user_id", "travel_id", "log_date", "end_place_label", "end_country_code", "end_lat", "end_lng", "travel_mode_main", "overnight_mode", "no_move_declared", "crossed_border", "is_rest_day", "note", "created_at", "updated_at") VALUES
	('45f76625-723e-4689-bd3d-914421946696', 'b63f45f3-fc01-4714-8cc4-a09ab49e18c7', 'dd97e3e5-77b8-44e8-bcca-9dabb6fbc06d', '2026-03-20', 'Bangkok', 'TH', NULL, NULL, 'none', 'hostel', true, false, true, NULL, '2026-03-20 05:40:12.397636+00', '2026-03-20 05:40:12.397636+00'),
	('c0e8f6d8-c50d-4d38-9b78-169bf98d4718', 'b63f45f3-fc01-4714-8cc4-a09ab49e18c7', 'dd97e3e5-77b8-44e8-bcca-9dabb6fbc06d', '2026-03-21', 'Ayutthaya', 'TH', NULL, NULL, 'bus', 'guesthouse', false, false, false, NULL, '2026-03-20 05:40:27.712459+00', '2026-03-20 05:40:27.712459+00'),
	('f28fe2e2-813d-4c92-80d2-e427f33b2034', 'b63f45f3-fc01-4714-8cc4-a09ab49e18c7', 'dd97e3e5-77b8-44e8-bcca-9dabb6fbc06d', '2026-03-22', 'Ayutthaya', 'TH', NULL, NULL, 'bike', 'guesthouse', false, false, false, NULL, '2026-03-20 05:40:51.853724+00', '2026-03-20 05:40:51.853724+00'),
	('ddd4e97f-be37-4a5d-93fb-4dafbbf43844', 'b63f45f3-fc01-4714-8cc4-a09ab49e18c7', 'dd97e3e5-77b8-44e8-bcca-9dabb6fbc06d', '2026-03-23', 'Chiang Mai', 'TH', NULL, NULL, 'mixed', 'hostel', false, false, false, NULL, '2026-03-20 05:41:05.48227+00', '2026-03-20 05:41:05.48227+00'),
	('44e691a5-67bc-4872-8768-245a9eba530f', 'b63f45f3-fc01-4714-8cc4-a09ab49e18c7', 'dd97e3e5-77b8-44e8-bcca-9dabb6fbc06d', '2026-03-24', 'Chiang Mai', 'TH', NULL, NULL, NULL, 'hostel', false, false, false, NULL, '2026-03-20 06:03:18.953102+00', '2026-03-20 06:03:18.953102+00'),
	('74a2d484-7191-4c52-a12a-40d76e43902f', 'b63f45f3-fc01-4714-8cc4-a09ab49e18c7', 'dd97e3e5-77b8-44e8-bcca-9dabb6fbc06d', '2026-03-25', NULL, NULL, NULL, NULL, NULL, NULL, false, false, false, NULL, '2026-03-20 06:05:57.593405+00', '2026-03-20 06:05:57.593405+00');


--
-- Data for Name: travel_day_moves; Type: TABLE DATA; Schema: public; Owner: postgres
--

INSERT INTO "public"."travel_day_moves" ("id", "user_id", "travel_day_log_id", "seq_no", "move_kind", "departure_place_label", "departure_country_code", "departure_lat", "departure_lng", "arrival_place_label", "arrival_country_code", "arrival_lat", "arrival_lng", "travel_mode", "distance_km", "duration_minutes", "is_border_crossing", "is_main_move", "note", "created_at", "updated_at") VALUES
	('4f39a8f1-e763-46c6-a203-2ed9a75a06ce', 'b63f45f3-fc01-4714-8cc4-a09ab49e18c7', 'c0e8f6d8-c50d-4d38-9b78-169bf98d4718', 1, 'transfer', 'Bangkok', 'TH', NULL, NULL, 'Ayutthaya', 'TH', NULL, NULL, 'bus', 80.00, 90, false, true, NULL, '2026-03-20 05:44:00.392307+00', '2026-03-20 05:44:00.392307+00'),
	('300d1bf3-ada6-4da0-b356-90ec7060e96c', 'b63f45f3-fc01-4714-8cc4-a09ab49e18c7', 'f28fe2e2-813d-4c92-80d2-e427f33b2034', 1, 'outing', 'Ayutthaya', 'TH', NULL, NULL, 'Temple Area', 'TH', NULL, NULL, 'bike', 10.00, 60, false, true, NULL, '2026-03-20 05:44:15.197376+00', '2026-03-20 05:44:15.197376+00'),
	('6b9f33e6-209e-4857-8e11-1f5cc44f2077', 'b63f45f3-fc01-4714-8cc4-a09ab49e18c7', 'f28fe2e2-813d-4c92-80d2-e427f33b2034', 2, 'return', 'Temple Area', 'TH', NULL, NULL, 'Ayutthaya', 'TH', NULL, NULL, 'bike', 10.00, 60, false, false, NULL, '2026-03-20 05:44:15.197376+00', '2026-03-20 05:44:15.197376+00'),
	('d170b1ff-40ec-406b-8c12-f5ec38d6ce3b', 'b63f45f3-fc01-4714-8cc4-a09ab49e18c7', 'ddd4e97f-be37-4a5d-93fb-4dafbbf43844', 1, 'transfer', 'Ayutthaya', 'TH', NULL, NULL, 'Bangkok', 'TH', NULL, NULL, 'train', 80.00, 90, false, false, NULL, '2026-03-20 05:44:44.025377+00', '2026-03-20 05:44:44.025377+00'),
	('936606c1-8fa0-4e7c-86ef-20d46599ecf1', 'b63f45f3-fc01-4714-8cc4-a09ab49e18c7', 'ddd4e97f-be37-4a5d-93fb-4dafbbf43844', 2, 'transfer', 'Bangkok', 'TH', NULL, NULL, 'Chiang Mai', 'TH', NULL, NULL, 'flight', 600.00, 75, false, true, NULL, '2026-03-20 05:44:44.025377+00', '2026-03-20 05:44:44.025377+00');


--
-- Data for Name: trip_expenses; Type: TABLE DATA; Schema: public; Owner: postgres
--

INSERT INTO "public"."trip_expenses" ("id", "user_id", "date", "label", "amount", "currency", "paid_by_member_id", "created_at", "trip_id", "transaction_id", "category", "subcategory", "budget_date_start", "budget_date_end") VALUES
	('53489cdf-4b82-41bd-aaf0-9d3754708c3b', '8516d948-4970-453a-912e-e984afabddb9', '2026-04-20', 'Ezu', 60, 'THB', '0038de03-b416-41fe-8a00-e2ee2602c52e', '2026-04-20 03:56:59.272158+00', '3229bf4c-dde7-41fd-a8de-1ae02a223867', NULL, 'Repas', 'Eau', '2026-04-07', '2026-04-12'),
	('2750d935-8a11-4598-ae07-9b98a0a9dc87', '6db47d6b-6e2e-4886-a262-520a91854f4c', '2026-04-20', 'Bière', 2400, 'JPY', '96b5a75b-a747-4312-92f0-3deaf06b04eb', '2026-04-20 07:13:08.222778+00', '3116ee84-6c9d-4fde-8bcc-49587655c52a', NULL, 'Sorties', 'Fête', '2026-04-20', '2026-04-20'),
	('fe362830-1b22-454b-bcc9-55d592109d6f', '8516d948-4970-453a-912e-e984afabddb9', '2026-04-20', 'Tetuu', 50, 'EUR', '0038de03-b416-41fe-8a00-e2ee2602c52e', '2026-04-20 04:29:01.843035+00', '3229bf4c-dde7-41fd-a8de-1ae02a223867', '7441cb9b-a5f4-4b5c-9b0a-9c9d6db7146c', 'Test Trois', NULL, '2026-04-21', '2026-04-22'),
	('6558fbe3-14c0-4e5a-ae12-313752e92dd6', '6db47d6b-6e2e-4886-a262-520a91854f4c', '2026-03-26', 'Avance espece', 2000, 'JPY', '36112a16-5035-40ac-b67b-a8e71d0413fd', '2026-03-26 04:25:03.842886+00', '3116ee84-6c9d-4fde-8bcc-49587655c52a', 'eaf91c78-3611-4e29-a332-c3c809eebd67', 'Autre', 'Divers', '2026-03-26', '2026-03-26'),
	('689d4e5d-5906-4ef7-949d-50b5cd2218df', '6db47d6b-6e2e-4886-a262-520a91854f4c', '2026-04-11', 'Lait', 340, 'JPY', '36112a16-5035-40ac-b67b-a8e71d0413fd', '2026-04-11 07:48:59.46911+00', '3116ee84-6c9d-4fde-8bcc-49587655c52a', '898282f0-27be-4df9-bea8-c0f10785f576', 'Course', 'Supermarché', '2026-04-11', '2026-04-11'),
	('6eb7d3f3-af97-421e-bffe-48f88acb4d75', '6db47d6b-6e2e-4886-a262-520a91854f4c', '2026-04-19', 'Oden', 4150, 'JPY', '12a19452-da8e-45bf-a344-48e3abbe740d', '2026-04-19 05:27:23.191985+00', '3116ee84-6c9d-4fde-8bcc-49587655c52a', NULL, 'Repas', 'Déjeuner', '2026-04-19', '2026-04-19'),
	('6f809318-317d-4ae5-8044-44180d68deb3', '6db47d6b-6e2e-4886-a262-520a91854f4c', '2026-04-16', 'Camping', 7500, 'JPY', '96b5a75b-a747-4312-92f0-3deaf06b04eb', '2026-04-16 10:03:09.427506+00', '3116ee84-6c9d-4fde-8bcc-49587655c52a', NULL, 'Logement', 'Camping', '2026-04-16', '2026-04-16'),
	('704bfcbd-ac77-4a3c-80c1-ad43dabfd8ab', '6db47d6b-6e2e-4886-a262-520a91854f4c', '2026-03-26', 'Vol Tokyo to Nord', 200, 'EUR', '12a19452-da8e-45bf-a344-48e3abbe740d', '2026-03-20 17:35:25.54128+00', '3116ee84-6c9d-4fde-8bcc-49587655c52a', NULL, 'Transport Internationale', 'Vol', '2026-03-26', '2026-03-26'),
	('7166b021-81bf-4721-8258-45327e042072', '6db47d6b-6e2e-4886-a262-520a91854f4c', '2026-04-11', 'Camping de Pute', 5000, 'JPY', '36112a16-5035-40ac-b67b-a8e71d0413fd', '2026-04-12 03:49:50.78131+00', '3116ee84-6c9d-4fde-8bcc-49587655c52a', '023c3191-5494-49ab-85fd-64c2a0148c34', 'Logement', 'Camping', '2026-04-11', '2026-04-11'),
	('71809fa7-abda-4896-aa6f-074ff4089369', '6db47d6b-6e2e-4886-a262-520a91854f4c', '2026-04-08', 'Billard', 2000, 'JPY', '96b5a75b-a747-4312-92f0-3deaf06b04eb', '2026-04-08 11:02:54.981195+00', '3116ee84-6c9d-4fde-8bcc-49587655c52a', NULL, 'Sorties', 'Fête', '2026-04-08', '2026-04-08'),
	('7ae53c19-501b-4045-89b9-9bf905435205', '6db47d6b-6e2e-4886-a262-520a91854f4c', '2026-04-18', 'Essence', 4000, 'JPY', '12a19452-da8e-45bf-a344-48e3abbe740d', '2026-04-18 04:19:36.040976+00', '3116ee84-6c9d-4fde-8bcc-49587655c52a', NULL, 'Transport', 'Essence', '2026-04-18', '2026-04-18'),
	('7d38e671-7e51-4c5b-a569-cb8b7b3523fd', '6db47d6b-6e2e-4886-a262-520a91854f4c', '2026-04-07', 'Bière', 5000, 'JPY', '12a19452-da8e-45bf-a344-48e3abbe740d', '2026-04-07 12:40:16.206637+00', '3116ee84-6c9d-4fde-8bcc-49587655c52a', NULL, 'Sorties', 'Fête', '2026-04-07', '2026-04-07'),
	('8022338d-53cd-43b3-b4b2-e925a44ea3ff', '6db47d6b-6e2e-4886-a262-520a91854f4c', '2026-04-18', 'Bière', 1650, 'JPY', '36112a16-5035-40ac-b67b-a8e71d0413fd', '2026-04-18 13:56:01.780836+00', '3116ee84-6c9d-4fde-8bcc-49587655c52a', 'd5dcc662-8b23-476a-a81c-8e52096ea90a', 'Sorties', 'Fête', '2026-04-18', '2026-04-18'),
	('821075d9-6ad5-4080-8a25-a61ec7b1226c', '6db47d6b-6e2e-4886-a262-520a91854f4c', '2026-04-11', 'Camping de Pute', 11500, 'JPY', '96b5a75b-a747-4312-92f0-3deaf06b04eb', '2026-04-12 03:48:11.834139+00', '3116ee84-6c9d-4fde-8bcc-49587655c52a', NULL, 'Logement', 'Camping', '2026-04-11', '2026-04-11'),
	('82957107-910a-4481-a021-0dc1de41c0e7', '6db47d6b-6e2e-4886-a262-520a91854f4c', '2026-04-17', 'Auberge', 36, 'EUR', '12a19452-da8e-45bf-a344-48e3abbe740d', '2026-04-17 04:36:26.093488+00', '3116ee84-6c9d-4fde-8bcc-49587655c52a', NULL, 'Logement', 'Auberge', '2026-04-17', '2026-04-17'),
	('8504a400-14d3-4f0e-b4db-d47a1bd9b582', '6db47d6b-6e2e-4886-a262-520a91854f4c', '2026-04-10', 'Auberge', 42.37, 'EUR', '36112a16-5035-40ac-b67b-a8e71d0413fd', '2026-04-10 02:52:42.262522+00', '3116ee84-6c9d-4fde-8bcc-49587655c52a', 'fc96d273-5577-49fa-9f6c-73e7268c2d78', 'Logement', 'Auberge', '2026-04-10', '2026-04-10'),
	('8726c45d-f282-45cc-8796-3e94613f9879', '6db47d6b-6e2e-4886-a262-520a91854f4c', '2026-03-26', 'Verre et billard', 3380, 'JPY', '36112a16-5035-40ac-b67b-a8e71d0413fd', '2026-03-26 04:53:09.762944+00', '3116ee84-6c9d-4fde-8bcc-49587655c52a', '92d1580a-da96-4c8b-a6d5-3b8271582144', 'Sorties', 'Fête', '2026-03-26', '2026-03-26'),
	('8d9dac74-e968-4a7a-bed4-c8b9ecffe733', '6db47d6b-6e2e-4886-a262-520a91854f4c', '2026-04-07', 'Bière', 1650, 'JPY', '12a19452-da8e-45bf-a344-48e3abbe740d', '2026-04-07 13:19:34.910325+00', '3116ee84-6c9d-4fde-8bcc-49587655c52a', NULL, 'Sorties', 'Fête', '2026-04-07', '2026-04-07'),
	('928788a2-cccc-469d-b347-731cf41b3709', '6db47d6b-6e2e-4886-a262-520a91854f4c', '2026-04-19', 'Café', 2090, 'JPY', '96b5a75b-a747-4312-92f0-3deaf06b04eb', '2026-04-19 02:52:02.604035+00', '3116ee84-6c9d-4fde-8bcc-49587655c52a', NULL, 'Repas', 'Café', '2026-04-19', '2026-04-19'),
	('928e5047-cffc-476d-9af1-6338c4270084', '6db47d6b-6e2e-4886-a262-520a91854f4c', '2026-03-26', 'Cadeau Aya', 8.79, 'EUR', '36112a16-5035-40ac-b67b-a8e71d0413fd', '2026-03-26 04:23:57.879875+00', '3116ee84-6c9d-4fde-8bcc-49587655c52a', 'fa0241bb-04f8-4403-96d2-362fe1759f7b', 'Cadeau', 'Cadeau', '2026-03-26', '2026-03-26'),
	('9290a5e4-8ad9-45ec-b5e3-0963a0f6c209', '6db47d6b-6e2e-4886-a262-520a91854f4c', '2026-04-02', 'Petit déjeuner', 4240, 'JPY', '36112a16-5035-40ac-b67b-a8e71d0413fd', '2026-04-01 23:54:13.748356+00', '3116ee84-6c9d-4fde-8bcc-49587655c52a', '8ce38751-e24a-48db-9d95-8c0d7dae18df', 'Repas', 'Petit-déjeuner', '2026-04-02', '2026-04-02'),
	('94431a17-037b-4740-bdfc-9b54718948bb', '6db47d6b-6e2e-4886-a262-520a91854f4c', '2026-04-06', 'gothicanal.com', 9.59, 'EUR', '36112a16-5035-40ac-b67b-a8e71d0413fd', '2026-04-06 08:45:58.027413+00', '3116ee84-6c9d-4fde-8bcc-49587655c52a', '4bb04df2-3715-411e-9c7c-17e23f6a1deb', 'Projet Personnel', 'Logiciel', '2026-04-06', '2026-04-06'),
	('9a2382fe-418a-45aa-b202-0449292774e4', '6db47d6b-6e2e-4886-a262-520a91854f4c', '2026-03-31', 'Bière', 1200, 'JPY', '36112a16-5035-40ac-b67b-a8e71d0413fd', '2026-03-31 13:04:52.09269+00', '3116ee84-6c9d-4fde-8bcc-49587655c52a', '71aefe1a-d233-47ca-a486-b7af0e7d5652', 'Sorties', 'Fête', '2026-03-31', '2026-03-31'),
	('9c06452a-52d7-437a-aedf-ab926bdb7723', '6db47d6b-6e2e-4886-a262-520a91854f4c', '2026-04-14', 'Parking', 31.53, 'EUR', '36112a16-5035-40ac-b67b-a8e71d0413fd', '2026-04-15 03:28:06.801325+00', '3116ee84-6c9d-4fde-8bcc-49587655c52a', '91f747c9-4783-43b9-ba08-19853f9d01d8', 'Transport', 'Parking', '2026-04-14', '2026-04-14'),
	('9fd62365-1398-45dc-a928-63eca4eeb098', '6db47d6b-6e2e-4886-a262-520a91854f4c', '2026-04-15', 'Laundry', 1200, 'JPY', '36112a16-5035-40ac-b67b-a8e71d0413fd', '2026-04-15 02:34:11.056379+00', '3116ee84-6c9d-4fde-8bcc-49587655c52a', '2def6ec4-77b3-4a06-ab23-7e8ccd838b26', 'Laundry', 'Self Laundry', '2026-04-15', '2026-04-15'),
	('a16e38aa-dfa3-4bab-88ee-0ccdc24f9397', '6db47d6b-6e2e-4886-a262-520a91854f4c', '2026-03-30', 'Onsen', 1400, 'JPY', '36112a16-5035-40ac-b67b-a8e71d0413fd', '2026-03-30 23:06:16.851653+00', '3116ee84-6c9d-4fde-8bcc-49587655c52a', 'dd38168f-f479-4f35-8fd9-3e6a43237745', 'Sorties', 'Culturel', '2026-03-30', '2026-03-30'),
	('a179202d-f86d-4ed1-a9e3-f3d12669b156', '6db47d6b-6e2e-4886-a262-520a91854f4c', '2026-03-29', 'Bière', 2850, 'JPY', '96b5a75b-a747-4312-92f0-3deaf06b04eb', '2026-03-29 03:23:23.015018+00', '3116ee84-6c9d-4fde-8bcc-49587655c52a', NULL, 'Sorties', 'Fête', '2026-03-29', '2026-03-29'),
	('a3165ef3-330d-4149-ba07-0ec573a363d8', '6db47d6b-6e2e-4886-a262-520a91854f4c', '2026-04-16', 'Essence', 4000, 'JPY', '96b5a75b-a747-4312-92f0-3deaf06b04eb', '2026-04-16 04:41:19.19715+00', '3116ee84-6c9d-4fde-8bcc-49587655c52a', NULL, 'Transport', 'Essence', '2026-04-16', '2026-04-16'),
	('a34f7ecd-4a26-4129-9982-3fd9684fef82', '6db47d6b-6e2e-4886-a262-520a91854f4c', '2026-03-28', 'Café', 1300, 'JPY', '36112a16-5035-40ac-b67b-a8e71d0413fd', '2026-03-28 07:23:29.780979+00', '3116ee84-6c9d-4fde-8bcc-49587655c52a', '64e11c27-33ab-4b88-acff-357b720735ed', 'Repas', 'Café', '2026-03-28', '2026-03-28'),
	('a884846b-1296-486a-ade8-e13c8df4fdab', '6db47d6b-6e2e-4886-a262-520a91854f4c', '2026-04-11', 'Onsen', 1060, 'JPY', '12a19452-da8e-45bf-a344-48e3abbe740d', '2026-04-11 07:49:55.024889+00', '3116ee84-6c9d-4fde-8bcc-49587655c52a', NULL, 'Sorties', 'Culturel', '2026-04-11', '2026-04-11'),
	('aa67373e-5398-4b56-a1e9-ef9b824f1013', '6db47d6b-6e2e-4886-a262-520a91854f4c', '2026-04-19', 'Bière', 1800, 'JPY', '12a19452-da8e-45bf-a344-48e3abbe740d', '2026-04-19 05:27:55.740948+00', '3116ee84-6c9d-4fde-8bcc-49587655c52a', NULL, 'Sorties', 'Fête', '2026-04-19', '2026-04-19'),
	('acb041ce-5e41-4c6b-9725-83b968ab4ca6', '6db47d6b-6e2e-4886-a262-520a91854f4c', '2026-04-20', 'Parking', 800, 'JPY', '96b5a75b-a747-4312-92f0-3deaf06b04eb', '2026-04-20 02:10:56.625922+00', '3116ee84-6c9d-4fde-8bcc-49587655c52a', NULL, 'Transport', 'Parking', '2026-04-20', '2026-04-20'),
	('ae17bb83-7a9b-432d-8073-aa810d4c2a95', '6db47d6b-6e2e-4886-a262-520a91854f4c', '2026-04-13', 'Petit Dej', 781, 'JPY', '12a19452-da8e-45bf-a344-48e3abbe740d', '2026-04-12 11:51:33.72564+00', '3116ee84-6c9d-4fde-8bcc-49587655c52a', NULL, 'Repas', 'Petit-déjeuner', '2026-04-13', '2026-04-13'),
	('bed43895-749a-4a70-9a25-c333e76ee31c', '6db47d6b-6e2e-4886-a262-520a91854f4c', '2026-04-10', 'Sport', 4400, 'JPY', '12a19452-da8e-45bf-a344-48e3abbe740d', '2026-04-10 11:10:36.143+00', '3116ee84-6c9d-4fde-8bcc-49587655c52a', NULL, 'Sorties', 'Sportive', '2026-04-10', '2026-04-10'),
	('c045a0f3-5af7-4aef-bc98-c95ddca9b7e5', '6db47d6b-6e2e-4886-a262-520a91854f4c', '2026-04-12', 'Hotel', 61.01, 'EUR', '36112a16-5035-40ac-b67b-a8e71d0413fd', '2026-04-12 11:37:30.439041+00', '3116ee84-6c9d-4fde-8bcc-49587655c52a', '52fae548-bf6c-4777-8aef-eb6dbfc8e27f', 'Logement', 'Hôtel', '2026-04-12', '2026-04-12'),
	('c07fb5e2-70a0-49b4-adba-66d6f37c5398', '6db47d6b-6e2e-4886-a262-520a91854f4c', '2026-04-12', 'Diner', 3850, 'JPY', '12a19452-da8e-45bf-a344-48e3abbe740d', '2026-04-12 11:53:10.040398+00', '3116ee84-6c9d-4fde-8bcc-49587655c52a', NULL, 'Repas', 'Dîner', '2026-04-12', '2026-04-12'),
	('c169ff44-2d54-414b-bef1-eabfd179baad', '6db47d6b-6e2e-4886-a262-520a91854f4c', '2026-04-02', 'RBNB', 3000, 'JPY', '36112a16-5035-40ac-b67b-a8e71d0413fd', '2026-03-28 14:18:20.560941+00', '3116ee84-6c9d-4fde-8bcc-49587655c52a', '97bb269d-5b83-4928-ab8a-cd3af6c3051e', 'Logement', 'Airbnb', '2026-04-02', '2026-04-02'),
	('c66fe349-d979-4393-be59-baff42395d40', '6db47d6b-6e2e-4886-a262-520a91854f4c', '2026-04-15', 'Love Hotel', 53.44, 'EUR', '36112a16-5035-40ac-b67b-a8e71d0413fd', '2026-04-15 08:22:21.413488+00', '3116ee84-6c9d-4fde-8bcc-49587655c52a', '9a992c24-0022-4e0e-b772-e519daeca0d9', 'Logement', 'Hôtel', '2026-04-15', '2026-04-15'),
	('d1036843-5092-4a86-9cc2-d7606d385425', '6db47d6b-6e2e-4886-a262-520a91854f4c', '2026-04-11', 'Bière', 1500, 'JPY', '96b5a75b-a747-4312-92f0-3deaf06b04eb', '2026-04-12 03:55:12.105581+00', '3116ee84-6c9d-4fde-8bcc-49587655c52a', NULL, 'Sorties', 'Fête', '2026-04-11', '2026-04-11'),
	('d135e292-f542-4c21-8df0-dc90db113618', '6db47d6b-6e2e-4886-a262-520a91854f4c', '2026-03-29', 'Onsen', 1800, 'JPY', '36112a16-5035-40ac-b67b-a8e71d0413fd', '2026-03-31 07:43:59.620371+00', '3116ee84-6c9d-4fde-8bcc-49587655c52a', 'e5a86302-6356-4546-8981-7d38ec83bf7f', 'Sorties', 'Culturel', '2026-03-29', '2026-03-29'),
	('d4a11b82-fb15-43c3-8a04-11bc581f0fc4', '6db47d6b-6e2e-4886-a262-520a91854f4c', '2026-04-13', 'Camping course', 7400, 'JPY', '12a19452-da8e-45bf-a344-48e3abbe740d', '2026-04-13 09:22:34.819199+00', '3116ee84-6c9d-4fde-8bcc-49587655c52a', NULL, 'Course', 'Supermarché', '2026-04-13', '2026-04-13'),
	('d52f86b4-601d-4861-a3e2-9eaf85b1972d', '6db47d6b-6e2e-4886-a262-520a91854f4c', '2026-04-18', 'Dejeuner', 3620, 'JPY', '36112a16-5035-40ac-b67b-a8e71d0413fd', '2026-04-18 03:42:12.402555+00', '3116ee84-6c9d-4fde-8bcc-49587655c52a', 'd686087f-ad1b-47d5-8fe4-e4cb518d7ab9', 'Repas', 'Déjeuner', '2026-04-18', '2026-04-18'),
	('d65ec6cd-6c63-45c0-8955-02444adf6719', '6db47d6b-6e2e-4886-a262-520a91854f4c', '2026-04-15', 'Ramen', 5490, 'JPY', '96b5a75b-a747-4312-92f0-3deaf06b04eb', '2026-04-15 13:44:57.721649+00', '3116ee84-6c9d-4fde-8bcc-49587655c52a', NULL, 'Repas', 'Déjeuner', '2026-04-15', '2026-04-15'),
	('b070561b-6518-4724-9360-e1515218c15b', '6db47d6b-6e2e-4886-a262-520a91854f4c', '2026-04-11', 'Parking', 1000, 'JPY', '96b5a75b-a747-4312-92f0-3deaf06b04eb', '2026-04-11 08:07:04.106094+00', '3116ee84-6c9d-4fde-8bcc-49587655c52a', NULL, 'Transport', 'Parking', '2026-04-11', '2026-04-11'),
	('a0f4d282-f0c0-42f7-b2e4-1e2cf9bdf8cd', '6db47d6b-6e2e-4886-a262-520a91854f4c', '2026-04-08', 'Essence', 4000, 'JPY', '36112a16-5035-40ac-b67b-a8e71d0413fd', '2026-04-08 03:33:05.713348+00', '3116ee84-6c9d-4fde-8bcc-49587655c52a', 'a59f83c2-79b9-4dde-b55a-e29541a1709a', 'Transport', 'Essence', '2026-04-08', '2026-04-08'),
	('acd738a5-1863-4ce0-9a41-0c3fd32d10a0', '6db47d6b-6e2e-4886-a262-520a91854f4c', '2026-04-07', 'Essence', 4000, 'JPY', '96b5a75b-a747-4312-92f0-3deaf06b04eb', '2026-04-07 01:27:17.540567+00', '3116ee84-6c9d-4fde-8bcc-49587655c52a', NULL, 'Transport', 'Essence', '2026-04-07', '2026-04-07'),
	('948ccd0c-2498-4799-9cd5-95b85816a173', '8516d948-4970-453a-912e-e984afabddb9', '2026-04-20', 'test', 50, 'EUR', '0038de03-b416-41fe-8a00-e2ee2602c52e', '2026-04-20 04:23:39.505308+00', '3229bf4c-dde7-41fd-a8de-1ae02a223867', NULL, 'Repas', 'Eau', '2026-04-13', '2026-04-15'),
	('fe43c6de-d6d4-4a4b-bc2f-b37374a7c532', '6db47d6b-6e2e-4886-a262-520a91854f4c', '2026-04-20', 'Karaoke', 3150, 'JPY', '12a19452-da8e-45bf-a344-48e3abbe740d', '2026-04-20 11:49:54.342621+00', '3116ee84-6c9d-4fde-8bcc-49587655c52a', NULL, 'Sorties', 'Culturel', '2026-04-20', '2026-04-20'),
	('54504449-179b-440e-a36d-aed2bcec3ed9', '8516d948-4970-453a-912e-e984afabddb9', '2026-04-20', 'Test2', 50, 'EUR', '0038de03-b416-41fe-8a00-e2ee2602c52e', '2026-04-20 04:29:50.144553+00', '3229bf4c-dde7-41fd-a8de-1ae02a223867', '57639f21-6c29-49b8-beb2-8904dafe47d9', 'Repas', 'Snack', '2026-04-13', '2026-04-14'),
	('0991edad-fcf6-4882-a3cc-e31b2837318f', '6db47d6b-6e2e-4886-a262-520a91854f4c', '2026-04-02', 'Restau', 4000, 'JPY', '36112a16-5035-40ac-b67b-a8e71d0413fd', '2026-04-03 02:29:52.783228+00', '3116ee84-6c9d-4fde-8bcc-49587655c52a', '5cc350e3-832b-4651-b9ee-0efd7468aeec', 'Repas', 'Déjeuner', '2026-04-02', '2026-04-02'),
	('d6a8ea50-9e5f-4361-ad52-2fdb3f840cfe', '6db47d6b-6e2e-4886-a262-520a91854f4c', '2026-04-17', 'Petit dejeuner', 850, 'JPY', '36112a16-5035-40ac-b67b-a8e71d0413fd', '2026-04-16 10:24:53.352615+00', '3116ee84-6c9d-4fde-8bcc-49587655c52a', 'e2180882-b5a2-47c6-96b5-985a20c4345c', 'Repas', 'Petit-déjeuner', '2026-04-17', '2026-04-17'),
	('dbfcf8af-8c2c-4905-90be-2e10495a7d4f', '6db47d6b-6e2e-4886-a262-520a91854f4c', '2026-04-02', 'Baseball', 6300, 'JPY', '36112a16-5035-40ac-b67b-a8e71d0413fd', '2026-04-01 23:56:06.394969+00', '3116ee84-6c9d-4fde-8bcc-49587655c52a', 'e117e9be-dce9-44bf-af3f-950b2f74694f', 'Sorties', 'Événement', '2026-04-02', '2026-04-02'),
	('dd7ba121-95ab-4a2f-8aaa-3efc6a14887b', '6db47d6b-6e2e-4886-a262-520a91854f4c', '2026-04-03', 'Ferry', 4500, 'JPY', '96b5a75b-a747-4312-92f0-3deaf06b04eb', '2026-03-28 14:16:34.286714+00', '3116ee84-6c9d-4fde-8bcc-49587655c52a', NULL, 'Transport', 'Ferry local', '2026-04-03', '2026-04-03'),
	('e4c05f55-0662-471f-83f3-9a86e2a7b12f', '6db47d6b-6e2e-4886-a262-520a91854f4c', '2026-04-11', 'Essence', 5000, 'JPY', '12a19452-da8e-45bf-a344-48e3abbe740d', '2026-04-11 08:36:10.672425+00', '3116ee84-6c9d-4fde-8bcc-49587655c52a', NULL, 'Transport', 'Essence', '2026-04-11', '2026-04-11'),
	('e6d5a9e7-2b69-4814-80d7-58118683b555', '6db47d6b-6e2e-4886-a262-520a91854f4c', '2026-04-17', 'Tkt j''ai screen', 4110, 'JPY', '36112a16-5035-40ac-b67b-a8e71d0413fd', '2026-04-17 10:53:02.693755+00', '3116ee84-6c9d-4fde-8bcc-49587655c52a', '830720cb-31e9-4742-8d86-0309ca58af1f', 'Repas', 'Dîner', '2026-04-17', '2026-04-17'),
	('e962bc13-8852-4547-b07e-dfa533d4203d', '6db47d6b-6e2e-4886-a262-520a91854f4c', '2026-04-19', 'Auberge', 53.2, 'EUR', '36112a16-5035-40ac-b67b-a8e71d0413fd', '2026-04-18 23:12:37.782443+00', '3116ee84-6c9d-4fde-8bcc-49587655c52a', '3a63e899-f0f2-4fd3-aaaf-d1dc65acc1c1', 'Logement', 'Auberge', '2026-04-19', '2026-04-19'),
	('ec035ce9-96e0-4855-b225-211c65783565', '6db47d6b-6e2e-4886-a262-520a91854f4c', '2026-04-20', 'Auberge', 53.2, 'EUR', '36112a16-5035-40ac-b67b-a8e71d0413fd', '2026-04-18 23:11:52.482141+00', '3116ee84-6c9d-4fde-8bcc-49587655c52a', '68cc0c8b-901f-46e9-a907-33c226f0c9f8', 'Logement', 'Auberge', '2026-04-20', '2026-04-20'),
	('f34652a1-3ffc-4ef1-897a-1ed13c5df570', '6db47d6b-6e2e-4886-a262-520a91854f4c', '2026-04-13', 'Camping', 7500, 'JPY', '12a19452-da8e-45bf-a344-48e3abbe740d', '2026-04-13 08:49:59.163859+00', '3116ee84-6c9d-4fde-8bcc-49587655c52a', NULL, 'Logement', 'Camping', '2026-04-13', '2026-04-13'),
	('f7701baa-6f5c-44e8-92a1-e5dbd34b2ecc', '6db47d6b-6e2e-4886-a262-520a91854f4c', '2026-03-30', 'Course', 1500, 'JPY', '12a19452-da8e-45bf-a344-48e3abbe740d', '2026-03-31 07:45:11.995695+00', '3116ee84-6c9d-4fde-8bcc-49587655c52a', NULL, 'Course', 'Supermarché', '2026-03-30', '2026-03-30'),
	('fa104fbc-1b1f-40a5-a0f9-db80ee51fc44', '6db47d6b-6e2e-4886-a262-520a91854f4c', '2026-03-31', 'Bière', 16.43, 'EUR', '36112a16-5035-40ac-b67b-a8e71d0413fd', '2026-04-01 05:46:15.846599+00', '3116ee84-6c9d-4fde-8bcc-49587655c52a', 'b5a23b0c-437e-4620-aac3-8db8b6879ded', 'Sorties', 'Fête', '2026-03-31', '2026-03-31'),
	('fe31fbde-beb6-40b9-926a-af87e9cb7423', '6db47d6b-6e2e-4886-a262-520a91854f4c', '2026-04-11', 'Camping course', 2974, 'JPY', '12a19452-da8e-45bf-a344-48e3abbe740d', '2026-04-11 09:02:23.65277+00', '3116ee84-6c9d-4fde-8bcc-49587655c52a', NULL, 'Course', 'Supermarché', '2026-04-11', '2026-04-11'),
	('fef9f278-a0d1-42c2-b138-c4d825cc469a', '6db47d6b-6e2e-4886-a262-520a91854f4c', '2026-03-28', 'Restau boubou', 8000, 'JPY', '12a19452-da8e-45bf-a344-48e3abbe740d', '2026-03-28 14:13:30.018318+00', '3116ee84-6c9d-4fde-8bcc-49587655c52a', NULL, 'Repas', 'Déjeuner', '2026-03-28', '2026-03-28'),
	('6b26548d-8856-4505-b970-fa092dbe77d9', '6db47d6b-6e2e-4886-a262-520a91854f4c', '2026-05-04', 'Karaoke', 10000, 'JPY', '36112a16-5035-40ac-b67b-a8e71d0413fd', '2026-05-04 21:54:49.604936+00', '3116ee84-6c9d-4fde-8bcc-49587655c52a', 'e2d82305-8709-4381-b893-84965caad275', 'Sorties', 'Fête', '2026-05-04', '2026-05-04'),
	('7789ca04-4471-4526-8aaf-913c8979a34a', '6db47d6b-6e2e-4886-a262-520a91854f4c', '2026-04-21', 'Baseball', 3000, 'JPY', '36112a16-5035-40ac-b67b-a8e71d0413fd', '2026-04-21 02:59:54.746693+00', '3116ee84-6c9d-4fde-8bcc-49587655c52a', 'c719640e-1c38-477a-a3b5-b03b01066cbd', 'Sorties', 'Sportive', '2026-04-21', '2026-04-21'),
	('f7e5041f-c130-4277-8942-3eae85188392', '6db47d6b-6e2e-4886-a262-520a91854f4c', '2026-04-22', 'Onsen', 2100, 'JPY', '96b5a75b-a747-4312-92f0-3deaf06b04eb', '2026-04-22 12:26:06.272646+00', '3116ee84-6c9d-4fde-8bcc-49587655c52a', NULL, 'Sorties', 'Sportive', '2026-04-22', '2026-04-22'),
	('3e3befd9-60d5-4c43-acf5-ffee30a01003', '6db47d6b-6e2e-4886-a262-520a91854f4c', '2026-04-23', 'Hotel', 37, 'EUR', '12a19452-da8e-45bf-a344-48e3abbe740d', '2026-04-23 02:36:13.631582+00', '3116ee84-6c9d-4fde-8bcc-49587655c52a', NULL, 'Logement', 'Hôtel', '2026-04-23', '2026-04-23'),
	('d67764e9-089b-459c-85f5-c979c13d09d5', '6db47d6b-6e2e-4886-a262-520a91854f4c', '2026-04-23', 'Ile', 5240, 'JPY', '96b5a75b-a747-4312-92f0-3deaf06b04eb', '2026-04-23 07:48:05.871714+00', '3116ee84-6c9d-4fde-8bcc-49587655c52a', NULL, 'Transport', 'Péage', '2026-04-23', '2026-04-23'),
	('b9d01b4c-7947-4e77-b54e-27b64a9ad586', '6db47d6b-6e2e-4886-a262-520a91854f4c', '2026-04-24', 'Late checkoit', 1000, 'JPY', '36112a16-5035-40ac-b67b-a8e71d0413fd', '2026-04-24 02:45:43.73526+00', '3116ee84-6c9d-4fde-8bcc-49587655c52a', 'f7577ba1-70f8-45a1-ae04-c7b80ca5b22d', 'Logement', 'Hôtel', '2026-04-24', '2026-04-24'),
	('eb9d0e1e-5da1-4da7-955d-b5e4f01c7f53', '6db47d6b-6e2e-4886-a262-520a91854f4c', '2026-04-24', 'Kioto', 51.5, 'EUR', '36112a16-5035-40ac-b67b-a8e71d0413fd', '2026-04-24 04:52:21.062253+00', '3116ee84-6c9d-4fde-8bcc-49587655c52a', '9d53c22b-f2a5-467c-ade3-567516639055', 'Logement', 'Auberge', '2026-04-24', '2026-04-25'),
	('f56a2acd-981f-4176-9478-1b6ec5d3d94d', '6db47d6b-6e2e-4886-a262-520a91854f4c', '2026-04-25', 'Temple legendaire', 2000, 'JPY', '12a19452-da8e-45bf-a344-48e3abbe740d', '2026-04-25 07:19:39.012609+00', '3116ee84-6c9d-4fde-8bcc-49587655c52a', NULL, 'Sorties', 'Culturel', '2026-04-25', '2026-04-25'),
	('ae48a35a-4204-4e74-8dd3-1f3bfe0be4de', '6db47d6b-6e2e-4886-a262-520a91854f4c', '2026-04-26', 'Indien', 6000, 'JPY', '36112a16-5035-40ac-b67b-a8e71d0413fd', '2026-04-26 12:56:24.03756+00', '3116ee84-6c9d-4fde-8bcc-49587655c52a', '2195a4cb-f727-411c-82b7-43dd6bbabb53', 'Repas', 'Dîner', '2026-04-26', '2026-04-26'),
	('f72c1cbe-ef76-4029-a295-879b13991193', '6db47d6b-6e2e-4886-a262-520a91854f4c', '2026-04-27', 'Escalade', 4000, 'JPY', '12a19452-da8e-45bf-a344-48e3abbe740d', '2026-04-28 02:26:08.008882+00', '3116ee84-6c9d-4fde-8bcc-49587655c52a', NULL, 'Sorties', 'Sportive', '2026-04-27', '2026-04-27'),
	('cda7917f-d261-4a7c-8826-7e431b597847', '6db47d6b-6e2e-4886-a262-520a91854f4c', '2026-04-28', 'Onsen', 1700, 'JPY', '12a19452-da8e-45bf-a344-48e3abbe740d', '2026-04-28 11:45:30.774789+00', '3116ee84-6c9d-4fde-8bcc-49587655c52a', NULL, 'Sorties', 'Culturel', '2026-04-28', '2026-04-28'),
	('b96216ef-a6a4-4c67-9879-e48b6bb02841', '6db47d6b-6e2e-4886-a262-520a91854f4c', '2026-04-29', '7/11', 1666, 'JPY', '36112a16-5035-40ac-b67b-a8e71d0413fd', '2026-04-30 01:15:03.125453+00', '3116ee84-6c9d-4fde-8bcc-49587655c52a', 'd0e89215-a431-4351-ae38-e9c089831e94', 'Repas', 'Dîner', '2026-04-29', '2026-04-29'),
	('c2f33fb4-7b39-4148-bd80-080be2b7a796', '6db47d6b-6e2e-4886-a262-520a91854f4c', '2026-05-01', 'Bar', 7.65, 'EUR', '36112a16-5035-40ac-b67b-a8e71d0413fd', '2026-05-02 00:24:54.391348+00', '3116ee84-6c9d-4fde-8bcc-49587655c52a', '766868bc-892d-4326-b012-8f766e376fd0', 'Sorties', 'Fête', '2026-05-01', '2026-05-01'),
	('10ab99df-2a9c-4f99-9dad-ce1ec4246f12', '6db47d6b-6e2e-4886-a262-520a91854f4c', '2026-05-02', '7/11', 1800, 'JPY', '36112a16-5035-40ac-b67b-a8e71d0413fd', '2026-05-02 13:39:31.506112+00', '3116ee84-6c9d-4fde-8bcc-49587655c52a', '93a0bbc7-2dec-45e4-b696-8104f26fbce8', 'Sorties', 'Fête', '2026-05-02', '2026-05-02'),
	('1e3132c4-c4f2-45ba-9b08-811fe66673bb', '6db47d6b-6e2e-4886-a262-520a91854f4c', '2026-05-06', 'Bière', 622, 'JPY', '36112a16-5035-40ac-b67b-a8e71d0413fd', '2026-05-05 15:46:55.082808+00', '3116ee84-6c9d-4fde-8bcc-49587655c52a', '3c1672ba-ced1-40f6-a097-8fa535e3b657', 'Sorties', 'Fête', '2026-05-05', '2026-05-05'),
	('fc8dcd0d-b760-4b31-af47-39aed88686e9', '6db47d6b-6e2e-4886-a262-520a91854f4c', '2026-05-06', 'Laundry dry', 200, 'JPY', '36112a16-5035-40ac-b67b-a8e71d0413fd', '2026-05-06 03:49:18.680099+00', '3116ee84-6c9d-4fde-8bcc-49587655c52a', '2912107a-ae49-4098-be69-8067d9799a04', 'Laundry', 'Self Laundry', '2026-05-06', '2026-05-06'),
	('b861eda9-c883-4144-8baa-968737238b2d', '6db47d6b-6e2e-4886-a262-520a91854f4c', '2026-04-20', 'Bière', 900, 'JPY', '36112a16-5035-40ac-b67b-a8e71d0413fd', '2026-04-20 12:38:46.444286+00', '3116ee84-6c9d-4fde-8bcc-49587655c52a', '07967bf7-cc99-426a-b671-a51d7ff13972', 'Sorties', 'Fête', '2026-04-20', '2026-04-20'),
	('ab722f61-2754-4c55-a701-21406a7bcdd3', '8516d948-4970-453a-912e-e984afabddb9', '2026-04-20', 'test', 50, 'EUR', '0038de03-b416-41fe-8a00-e2ee2602c52e', '2026-04-20 04:27:51.623125+00', '3229bf4c-dde7-41fd-a8de-1ae02a223867', NULL, 'Repas', 'Eau', '2026-04-13', '2026-04-15'),
	('989a55a8-cfa0-4bea-a48b-e4f302a7b620', '6db47d6b-6e2e-4886-a262-520a91854f4c', '2026-04-21', 'Suki', 3160, 'JPY', '96b5a75b-a747-4312-92f0-3deaf06b04eb', '2026-04-21 04:48:56.580665+00', '3116ee84-6c9d-4fde-8bcc-49587655c52a', NULL, 'Repas', 'Déjeuner', '2026-04-21', '2026-04-21'),
	('013d74ae-b69a-4cec-a1ed-165176ff652b', '6db47d6b-6e2e-4886-a262-520a91854f4c', '2026-03-28', 'Bière', 1800, 'JPY', '36112a16-5035-40ac-b67b-a8e71d0413fd', '2026-03-28 09:26:51.734118+00', '3116ee84-6c9d-4fde-8bcc-49587655c52a', '1ee14f4e-16ed-4a1a-9edb-0708ba3d5aa5', 'Sorties', 'Fête', '2026-03-28', '2026-03-28'),
	('7b95f1ce-3b38-4ad1-bf61-40b17d019c1b', '6db47d6b-6e2e-4886-a262-520a91854f4c', '2026-04-22', 'Hotel', 22, 'EUR', '12a19452-da8e-45bf-a344-48e3abbe740d', '2026-04-22 12:27:27.115843+00', '3116ee84-6c9d-4fde-8bcc-49587655c52a', NULL, 'Logement', 'Hôtel', '2026-04-22', '2026-04-22'),
	('08b67582-bd83-4a7e-9ce3-1a664b05284d', '6db47d6b-6e2e-4886-a262-520a91854f4c', '2026-04-18', 'Peage ile', 4550, 'JPY', '96b5a75b-a747-4312-92f0-3deaf06b04eb', '2026-04-18 06:19:47.941266+00', '3116ee84-6c9d-4fde-8bcc-49587655c52a', NULL, 'Transport', 'Péage', '2026-04-18', '2026-04-18'),
	('12e2386b-b9b5-4861-9bef-950c22075866', '6db47d6b-6e2e-4886-a262-520a91854f4c', '2026-03-31', 'Bière', 500, 'JPY', '36112a16-5035-40ac-b67b-a8e71d0413fd', '2026-03-31 07:46:11.115011+00', '3116ee84-6c9d-4fde-8bcc-49587655c52a', '58cb7387-ee38-4282-a30d-01a9a4842881', 'Sorties', 'Fête', '2026-03-31', '2026-03-31'),
	('12f9bed1-3b80-4231-a37f-e9212daa60bc', '6db47d6b-6e2e-4886-a262-520a91854f4c', '2026-04-02', 'Cadeau parent Aya', 2000, 'JPY', '36112a16-5035-40ac-b67b-a8e71d0413fd', '2026-04-02 06:28:42.59384+00', '3116ee84-6c9d-4fde-8bcc-49587655c52a', '9c7c3c1f-4036-4a83-8e58-a8fc2acb49f9', 'Cadeau', 'Cadeau', '2026-04-02', '2026-04-02'),
	('18c652aa-5f16-48ba-8019-f48f1b878348', '6db47d6b-6e2e-4886-a262-520a91854f4c', '2026-04-08', 'Momkey', 2400, 'JPY', '36112a16-5035-40ac-b67b-a8e71d0413fd', '2026-04-08 09:12:09.061277+00', '3116ee84-6c9d-4fde-8bcc-49587655c52a', '81c88445-c70a-44c8-9611-7a0a0fb434c4', 'Sorties', 'Culturel', '2026-04-08', '2026-04-08'),
	('1a4173ff-5ae4-4913-9f5d-b24098549c29', '6db47d6b-6e2e-4886-a262-520a91854f4c', '2026-04-11', 'Ramen', 6500, 'JPY', '36112a16-5035-40ac-b67b-a8e71d0413fd', '2026-04-11 04:55:56.87849+00', '3116ee84-6c9d-4fde-8bcc-49587655c52a', '33423ffc-dde6-4e56-917c-078284251f3c', 'Repas', 'Déjeuner', '2026-04-11', '2026-04-11'),
	('25a62dc1-6dec-4f97-b482-6f92c1ded858', '6db47d6b-6e2e-4886-a262-520a91854f4c', '2026-03-29', 'Ramen', 4900, 'JPY', '36112a16-5035-40ac-b67b-a8e71d0413fd', '2026-03-29 03:21:52.128038+00', '3116ee84-6c9d-4fde-8bcc-49587655c52a', '63735e9e-5b55-4b11-849a-6dcf1275f380', 'Repas', 'Déjeuner', '2026-03-29', '2026-03-29'),
	('286664de-982b-4a07-b5d4-76894b8d5bb1', '6db47d6b-6e2e-4886-a262-520a91854f4c', '2026-04-18', 'Gym', 5280, 'JPY', '96b5a75b-a747-4312-92f0-3deaf06b04eb', '2026-04-18 11:02:41.249928+00', '3116ee84-6c9d-4fde-8bcc-49587655c52a', NULL, 'Sorties', 'Sportive', '2026-04-18', '2026-04-18'),
	('229c763c-52e5-42a5-a7d0-1fb482690321', '6db47d6b-6e2e-4886-a262-520a91854f4c', '2026-04-13', 'Tarp', 6578, 'JPY', '36112a16-5035-40ac-b67b-a8e71d0413fd', '2026-04-13 08:51:01.598909+00', '3116ee84-6c9d-4fde-8bcc-49587655c52a', '1b67ef63-5edb-44cc-bbe4-290eb215b153', 'Autre', 'Divers', '2026-04-13', '2026-04-13'),
	('eacbb91a-b6c2-4628-aac1-51dd308d72df', '6db47d6b-6e2e-4886-a262-520a91854f4c', '2026-04-23', 'Essence', 4000, 'JPY', '96b5a75b-a747-4312-92f0-3deaf06b04eb', '2026-04-23 04:16:20.455241+00', '3116ee84-6c9d-4fde-8bcc-49587655c52a', NULL, 'Transport', 'Essence', '2026-04-23', '2026-04-23'),
	('294eec39-f9ed-4d4b-8e93-c9db0ca941d8', '6db47d6b-6e2e-4886-a262-520a91854f4c', '2026-02-14', 'Resto', 380, 'THB', 'a2848efc-39b2-4409-b6b9-466865a28c21', '2026-02-19 05:25:09.211413+00', '106e2175-afdb-4a80-b5e0-bebbbaa7dc2e', NULL, NULL, NULL, '2026-02-14', '2026-02-14'),
	('a3573dfc-2903-464c-91f9-d1fee6a7a63c', '6db47d6b-6e2e-4886-a262-520a91854f4c', '2026-02-14', 'Weed', 400, 'THB', 'a2848efc-39b2-4409-b6b9-466865a28c21', '2026-02-19 05:25:26.660029+00', '106e2175-afdb-4a80-b5e0-bebbbaa7dc2e', NULL, NULL, NULL, '2026-02-14', '2026-02-14'),
	('7fad6f6a-aaf3-4f46-b8d3-7f4bc86feed0', '6db47d6b-6e2e-4886-a262-520a91854f4c', '2026-02-14', 'Resto', 400, 'THB', 'a2848efc-39b2-4409-b6b9-466865a28c21', '2026-02-19 05:25:41.839315+00', '106e2175-afdb-4a80-b5e0-bebbbaa7dc2e', NULL, NULL, NULL, '2026-02-14', '2026-02-14'),
	('d79d59e9-63f3-4220-853e-5452421e63ce', '6db47d6b-6e2e-4886-a262-520a91854f4c', '2026-03-17', 'Grab', 1.8, 'EUR', '04eb56d7-3dfc-41ee-ba54-193790cd1437', '2026-03-17 04:49:17.33523+00', '7d00b35d-e053-49ab-a505-460a89c97e68', '0f1c0ffc-46e0-40f7-aaec-bb0cfeddc0c1', NULL, NULL, '2026-03-17', '2026-03-17'),
	('1b27518d-d7f4-48ec-97a9-8fa4e9119071', '6db47d6b-6e2e-4886-a262-520a91854f4c', '2026-04-23', 'HBO', 6, 'EUR', '36112a16-5035-40ac-b67b-a8e71d0413fd', '2026-04-23 09:44:33.736356+00', '3116ee84-6c9d-4fde-8bcc-49587655c52a', 'c56ceabd-ca95-4b02-9f3d-ff9a5f7c4165', 'Abonnement/Mobile', 'Abonnement app', '2026-04-23', '2026-04-23'),
	('15965ddc-5ad8-48c8-8f9a-de566e324a65', '6db47d6b-6e2e-4886-a262-520a91854f4c', '2026-02-13', 'Repas Paul', 20, 'THB', '43bfd220-fa8f-4dab-804a-14a3051f6c7c', '2026-02-19 05:19:31.908789+00', '106e2175-afdb-4a80-b5e0-bebbbaa7dc2e', 'e544f5cc-954c-4e66-b7af-87d658a18a07', NULL, NULL, '2026-02-13', '2026-02-13'),
	('36f77ce1-9a70-454d-a483-4c12ae49a116', '6db47d6b-6e2e-4886-a262-520a91854f4c', '2026-03-17', 'Taxi', 80000, 'LAK', '62f77c18-d894-4129-922b-1cf10da9d5f5', '2026-03-18 06:53:02.023944+00', '7d00b35d-e053-49ab-a505-460a89c97e68', NULL, NULL, NULL, '2026-03-17', '2026-03-17'),
	('35ad831d-5f66-4fcf-840c-78724e95605b', '6db47d6b-6e2e-4886-a262-520a91854f4c', '2026-02-13', 'Repas Paul', 30, 'THB', '43bfd220-fa8f-4dab-804a-14a3051f6c7c', '2026-02-19 05:21:23.005534+00', '106e2175-afdb-4a80-b5e0-bebbbaa7dc2e', '90262140-6150-43b1-95ab-848e6ade8e87', NULL, NULL, '2026-02-13', '2026-02-13'),
	('399b6e34-4a18-446e-9b85-93a700531c98', '6db47d6b-6e2e-4886-a262-520a91854f4c', '2026-04-23', 'Entree boite', 6000, 'JPY', '12a19452-da8e-45bf-a344-48e3abbe740d', '2026-04-24 02:46:47.109675+00', '3116ee84-6c9d-4fde-8bcc-49587655c52a', NULL, 'Sorties', 'Fête', '2026-04-23', '2026-04-23'),
	('112727bb-1dfd-47e3-b362-376730a18161', '6db47d6b-6e2e-4886-a262-520a91854f4c', '2026-02-14', 'Bière', 160, 'THB', '43bfd220-fa8f-4dab-804a-14a3051f6c7c', '2026-02-19 05:21:50.116391+00', '106e2175-afdb-4a80-b5e0-bebbbaa7dc2e', '367a1b33-a9ee-4e78-8483-31abf868f0c1', NULL, NULL, '2026-02-14', '2026-02-14'),
	('32910f7e-0667-4590-ad18-06d0c94db66e', '6db47d6b-6e2e-4886-a262-520a91854f4c', '2026-02-16', 'Bière', 70, 'THB', '43bfd220-fa8f-4dab-804a-14a3051f6c7c', '2026-02-19 05:09:30.552822+00', '106e2175-afdb-4a80-b5e0-bebbbaa7dc2e', 'd98bd103-a926-401a-bfc0-3ad0d869e089', NULL, NULL, '2026-02-16', '2026-02-16'),
	('cec60b3c-820a-490e-98af-45b06a511c0f', 'b63f45f3-fc01-4714-8cc4-a09ab49e18c7', '2026-03-11', 'test', 10, 'THB', 'be5f3b70-e4ac-46ac-9c4c-30a272b92e87', '2026-03-11 08:46:56.722978+00', '3d014e62-49a2-423c-87c9-0504dd75f4f3', '663f8e0a-bbb0-4ec4-af09-38db44daf75a', NULL, NULL, '2026-03-11', '2026-03-11'),
	('374e59ef-1f2a-4533-be15-e9f6e77e5325', 'b63f45f3-fc01-4714-8cc4-a09ab49e18c7', '2026-03-11', 'ju', 50, 'THB', 'be5f3b70-e4ac-46ac-9c4c-30a272b92e87', '2026-03-11 12:54:54.312988+00', '3d014e62-49a2-423c-87c9-0504dd75f4f3', '869eb488-01f5-4bcd-90af-7bf1bb205455', NULL, NULL, '2026-03-11', '2026-03-11'),
	('612634cb-a915-4c68-ba25-098ba978d9cf', 'b63f45f3-fc01-4714-8cc4-a09ab49e18c7', '2026-03-15', 'Test', 100, 'THB', 'be5f3b70-e4ac-46ac-9c4c-30a272b92e87', '2026-03-15 07:22:58.38711+00', '3d014e62-49a2-423c-87c9-0504dd75f4f3', '48fe526a-e163-4616-a99a-03b8e8245fd3', NULL, NULL, '2026-03-15', '2026-03-15'),
	('7face886-9b11-4377-9d48-9d8bef87cde8', '6db47d6b-6e2e-4886-a262-520a91854f4c', '2026-04-24', 'Osaka to Kyoto', 2900, 'JPY', '12a19452-da8e-45bf-a344-48e3abbe740d', '2026-04-24 05:43:14.852913+00', '3116ee84-6c9d-4fde-8bcc-49587655c52a', NULL, 'Transport', 'Train local', '2026-04-24', '2026-04-24'),
	('86b3776f-5c2a-439e-b8fa-f6694c60a4c4', '6db47d6b-6e2e-4886-a262-520a91854f4c', '2026-02-18', 'Dejeuner', 175, 'THB', '43bfd220-fa8f-4dab-804a-14a3051f6c7c', '2026-02-18 14:15:18.750413+00', '106e2175-afdb-4a80-b5e0-bebbbaa7dc2e', '1162b8e2-05e7-446b-a0d5-9f41c4daf7e1', NULL, NULL, '2026-02-18', '2026-02-18'),
	('7208f962-b35b-4002-b893-74ebc4b3686a', '6db47d6b-6e2e-4886-a262-520a91854f4c', '2026-04-25', 'One more night', 5200, 'JPY', '12a19452-da8e-45bf-a344-48e3abbe740d', '2026-04-25 11:48:29.836348+00', '3116ee84-6c9d-4fde-8bcc-49587655c52a', NULL, 'Logement', 'Guesthouse', '2026-04-26', '2026-04-26'),
	('fae723a4-b5c3-48e2-bf5a-20de1c18915a', '6db47d6b-6e2e-4886-a262-520a91854f4c', '2026-02-17', 'Déjeuner', 910, 'THB', '43bfd220-fa8f-4dab-804a-14a3051f6c7c', '2026-02-18 15:03:05.189081+00', '106e2175-afdb-4a80-b5e0-bebbbaa7dc2e', 'e63ea761-2509-4972-a8bd-62c0b69ed8a4', NULL, NULL, '2026-02-17', '2026-02-17'),
	('047d9ef5-2ed6-4d0b-b8af-4daf0c445346', '6db47d6b-6e2e-4886-a262-520a91854f4c', '2026-02-17', 'Auberge Bkk', 333, 'THB', 'a2848efc-39b2-4409-b6b9-466865a28c21', '2026-02-19 04:58:56.229088+00', '106e2175-afdb-4a80-b5e0-bebbbaa7dc2e', NULL, NULL, NULL, '2026-02-17', '2026-02-17'),
	('7068eb94-1bca-4e78-93d7-138a6d545e24', '6db47d6b-6e2e-4886-a262-520a91854f4c', '2026-02-17', 'Bière', 510, 'THB', 'a2848efc-39b2-4409-b6b9-466865a28c21', '2026-02-19 04:59:20.466729+00', '106e2175-afdb-4a80-b5e0-bebbbaa7dc2e', NULL, NULL, NULL, '2026-02-17', '2026-02-17'),
	('9663e5eb-9e8f-47a9-82ab-0258b5a1566f', '6db47d6b-6e2e-4886-a262-520a91854f4c', '2026-02-16', 'Bière', 140, 'THB', 'a2848efc-39b2-4409-b6b9-466865a28c21', '2026-02-19 05:00:26.596367+00', '106e2175-afdb-4a80-b5e0-bebbbaa7dc2e', NULL, NULL, NULL, '2026-02-16', '2026-02-16'),
	('09425477-0908-4bda-a4a6-c6b93d03d0ce', '6db47d6b-6e2e-4886-a262-520a91854f4c', '2026-02-16', 'Breakfast', 400, 'THB', 'a2848efc-39b2-4409-b6b9-466865a28c21', '2026-02-19 05:00:50.958241+00', '106e2175-afdb-4a80-b5e0-bebbbaa7dc2e', NULL, NULL, NULL, '2026-02-16', '2026-02-16'),
	('cb1c19b1-5f19-4026-b980-1649483207a0', '6db47d6b-6e2e-4886-a262-520a91854f4c', '2026-02-16', 'Bière', 140, 'THB', 'a2848efc-39b2-4409-b6b9-466865a28c21', '2026-02-19 05:01:14.295386+00', '106e2175-afdb-4a80-b5e0-bebbbaa7dc2e', NULL, NULL, NULL, '2026-02-16', '2026-02-16'),
	('65182afb-9023-458a-9099-69c4d91c4da6', '6db47d6b-6e2e-4886-a262-520a91854f4c', '2026-02-16', 'Bière', 140, 'THB', 'a2848efc-39b2-4409-b6b9-466865a28c21', '2026-02-19 05:01:28.093631+00', '106e2175-afdb-4a80-b5e0-bebbbaa7dc2e', NULL, NULL, NULL, '2026-02-16', '2026-02-16'),
	('b7f0a99f-59b9-4b25-9925-b17c550bbc7a', '6db47d6b-6e2e-4886-a262-520a91854f4c', '2026-04-26', 'Nara', 32.2, 'EUR', '36112a16-5035-40ac-b67b-a8e71d0413fd', '2026-04-27 00:49:24.72105+00', '3116ee84-6c9d-4fde-8bcc-49587655c52a', 'b4453d23-4c3d-42fd-9793-9e43c7ea6f8d', 'Logement', 'Guesthouse', '2026-04-27', '2026-04-28'),
	('6edb691a-f23a-4a75-b3d4-d3b76d1f1d80', '6db47d6b-6e2e-4886-a262-520a91854f4c', '2026-04-27', 'Ramen', 2800, 'JPY', '12a19452-da8e-45bf-a344-48e3abbe740d', '2026-04-28 02:27:11.848799+00', '3116ee84-6c9d-4fde-8bcc-49587655c52a', NULL, 'Repas', 'Dîner', '2026-04-27', '2026-04-27'),
	('3a657e1f-d04e-4d78-9eb5-220c594f5be5', '6db47d6b-6e2e-4886-a262-520a91854f4c', '2026-02-21', 'Taxi aller', 60, 'THB', '0b3bef13-792d-4d51-b63d-867facb435bf', '2026-02-21 06:43:41.928684+00', '106e2175-afdb-4a80-b5e0-bebbbaa7dc2e', NULL, NULL, NULL, '2026-02-21', '2026-02-21'),
	('931a3c98-23c8-45df-810f-4bfb4e3d30d5', '6db47d6b-6e2e-4886-a262-520a91854f4c', '2026-02-15', 'Bière', 140, 'THB', '43bfd220-fa8f-4dab-804a-14a3051f6c7c', '2026-02-19 05:12:16.985598+00', '106e2175-afdb-4a80-b5e0-bebbbaa7dc2e', '9c1a5099-9405-40d4-8f59-37db197f98a9', NULL, NULL, '2026-02-15', '2026-02-15'),
	('64aca02c-24fb-4260-99fb-f0924eda87fb', '6db47d6b-6e2e-4886-a262-520a91854f4c', '2026-04-28', 'Fujinomiya', 91, 'EUR', '12a19452-da8e-45bf-a344-48e3abbe740d', '2026-04-28 12:04:36.638647+00', '3116ee84-6c9d-4fde-8bcc-49587655c52a', NULL, 'Logement', 'Guesthouse', '2026-04-29', '2026-05-01'),
	('d98afd12-a4e3-4720-b1ae-87e171089704', '6db47d6b-6e2e-4886-a262-520a91854f4c', '2026-04-30', 'Maman', 1870, 'JPY', '36112a16-5035-40ac-b67b-a8e71d0413fd', '2026-04-30 05:25:07.307758+00', '3116ee84-6c9d-4fde-8bcc-49587655c52a', '560b7b70-5125-42af-9c2f-57a92b66957a', 'Repas', 'Déjeuner', '2026-04-30', '2026-04-30'),
	('a29c0d04-3404-4cdf-a234-5f60aa37e3c7', '6db47d6b-6e2e-4886-a262-520a91854f4c', '2026-05-02', 'Indien', 3600, 'JPY', '36112a16-5035-40ac-b67b-a8e71d0413fd', '2026-05-02 11:29:57.567492+00', '3116ee84-6c9d-4fde-8bcc-49587655c52a', '2e89fd1e-ad40-4c07-bfee-4ae5e9f147ff', 'Repas', 'Dîner', '2026-05-02', '2026-05-02'),
	('90fe6b10-080f-4a2d-8d7a-959671445110', '6db47d6b-6e2e-4886-a262-520a91854f4c', '2026-05-04', 'Beerzzila', 4200, 'JPY', '36112a16-5035-40ac-b67b-a8e71d0413fd', '2026-05-04 09:31:00.299793+00', '3116ee84-6c9d-4fde-8bcc-49587655c52a', 'c57f0f10-2ea3-4f9d-98bc-a740d6615cfd', 'Sorties', 'Fête', '2026-05-04', '2026-05-04'),
	('2f4fc880-3965-4c3f-9d32-8b75d0f48d2e', '6db47d6b-6e2e-4886-a262-520a91854f4c', '2026-05-04', '7/11', 1600, 'JPY', '36112a16-5035-40ac-b67b-a8e71d0413fd', '2026-05-05 04:47:08.851391+00', '3116ee84-6c9d-4fde-8bcc-49587655c52a', '61fc4b5c-9361-432c-bc91-d44170cec77c', 'Sorties', 'Fête', '2026-05-04', '2026-05-04'),
	('eb67e83d-0902-4e6e-8a41-b90dcb91ac33', '6db47d6b-6e2e-4886-a262-520a91854f4c', '2026-05-06', 'Avance', 5000, 'JPY', '36112a16-5035-40ac-b67b-a8e71d0413fd', '2026-05-06 03:02:38.772021+00', '3116ee84-6c9d-4fde-8bcc-49587655c52a', 'e7f9427c-64e9-47bb-b1bd-a6986350e9cd', 'Autre', 'Divers', '2026-05-06', '2026-05-06'),
	('ac5c2cbb-32bd-46eb-9276-39c2f86250df', '6db47d6b-6e2e-4886-a262-520a91854f4c', '2026-04-09', 'Bière', 7495, 'JPY', '12a19452-da8e-45bf-a344-48e3abbe740d', '2026-04-09 05:31:25.949653+00', '3116ee84-6c9d-4fde-8bcc-49587655c52a', NULL, 'Sorties', 'Fête', '2026-04-09', '2026-04-09'),
	('215dc2c7-6b1c-4a21-9d21-dbe8269d6ade', '6db47d6b-6e2e-4886-a262-520a91854f4c', '2026-02-21', 'Taxi retour', 75, 'THB', '43bfd220-fa8f-4dab-804a-14a3051f6c7c', '2026-02-21 07:16:20.351319+00', '106e2175-afdb-4a80-b5e0-bebbbaa7dc2e', '2a006bd4-f18e-4170-88ea-378c2b9e26d9', NULL, NULL, '2026-02-21', '2026-02-21'),
	('a998ae36-67fe-48e1-8b4b-3d503cc7079a', '6db47d6b-6e2e-4886-a262-520a91854f4c', '2026-02-15', 'Course', 697, 'THB', '43bfd220-fa8f-4dab-804a-14a3051f6c7c', '2026-02-19 05:12:50.562048+00', '106e2175-afdb-4a80-b5e0-bebbbaa7dc2e', '25029a59-92a9-43ec-b9dd-992a47698ffe', NULL, NULL, '2026-02-15', '2026-02-15'),
	('e8d835a0-a0ab-43b3-b1ba-1b12030f1380', '6db47d6b-6e2e-4886-a262-520a91854f4c', '2026-02-15', 'Scooter', 600, 'THB', '43bfd220-fa8f-4dab-804a-14a3051f6c7c', '2026-02-19 05:13:08.077837+00', '106e2175-afdb-4a80-b5e0-bebbbaa7dc2e', '15ea4435-129f-4355-8fec-2a053334a8b3', NULL, NULL, '2026-02-15', '2026-02-15'),
	('1c1d59b2-b0f0-40d9-b6ec-a23a0f4e4ee3', '6db47d6b-6e2e-4886-a262-520a91854f4c', '2026-02-15', 'Fuel', 100, 'THB', 'a2848efc-39b2-4409-b6b9-466865a28c21', '2026-02-19 05:13:31.121421+00', '106e2175-afdb-4a80-b5e0-bebbbaa7dc2e', NULL, NULL, NULL, '2026-02-15', '2026-02-15'),
	('66bfbaeb-aae4-4126-ad65-6f91ca090d19', '6db47d6b-6e2e-4886-a262-520a91854f4c', '2026-02-15', 'Restaurant', 600, 'THB', 'a2848efc-39b2-4409-b6b9-466865a28c21', '2026-02-19 05:13:48.369234+00', '106e2175-afdb-4a80-b5e0-bebbbaa7dc2e', NULL, NULL, NULL, '2026-02-15', '2026-02-15'),
	('fb8391de-f7db-4921-8110-88b4352586b1', '6db47d6b-6e2e-4886-a262-520a91854f4c', '2026-02-15', 'Bière', 180, 'THB', 'a2848efc-39b2-4409-b6b9-466865a28c21', '2026-02-19 05:14:03.092776+00', '106e2175-afdb-4a80-b5e0-bebbbaa7dc2e', NULL, NULL, NULL, '2026-02-15', '2026-02-15'),
	('03d5356e-e488-4968-a271-01462e6d40f0', '6db47d6b-6e2e-4886-a262-520a91854f4c', '2026-02-22', 'Cafe', 260, 'THB', '43bfd220-fa8f-4dab-804a-14a3051f6c7c', '2026-02-22 04:23:30.236046+00', '106e2175-afdb-4a80-b5e0-bebbbaa7dc2e', 'c7d6ecc6-8a06-46d8-8ad0-5cebd1c4e1f5', NULL, NULL, '2026-02-22', '2026-02-22'),
	('babf15e4-fec5-434e-b74f-babe7027d304', '6db47d6b-6e2e-4886-a262-520a91854f4c', '2026-02-21', 'Diner', 200, 'THB', '0b3bef13-792d-4d51-b63d-867facb435bf', '2026-02-22 04:25:45.073908+00', '106e2175-afdb-4a80-b5e0-bebbbaa7dc2e', NULL, NULL, NULL, '2026-02-21', '2026-02-21'),
	('10c8883c-cfd7-41e9-b59d-dce651d67020', '6db47d6b-6e2e-4886-a262-520a91854f4c', '2026-02-14', 'Course', 477, 'THB', '43bfd220-fa8f-4dab-804a-14a3051f6c7c', '2026-02-19 05:22:18.068236+00', '106e2175-afdb-4a80-b5e0-bebbbaa7dc2e', '52a87b53-ce20-42d5-b54a-f0a16f509cef', NULL, NULL, '2026-02-14', '2026-02-14'),
	('ef4b6ade-14ce-4a01-9b50-35d0632abe34', '6db47d6b-6e2e-4886-a262-520a91854f4c', '2026-02-14', 'Auberge Ile Phan Gan', 11.02, 'EUR', '43bfd220-fa8f-4dab-804a-14a3051f6c7c', '2026-02-19 05:24:14.128017+00', '106e2175-afdb-4a80-b5e0-bebbbaa7dc2e', '0053814b-73fb-4c4d-8096-91845d6ee82e', NULL, NULL, '2026-02-14', '2026-02-14'),
	('30efe5af-ca47-4126-9d15-113c077cddc9', '6db47d6b-6e2e-4886-a262-520a91854f4c', '2026-04-21', 'Bière', 1000, 'JPY', '36112a16-5035-40ac-b67b-a8e71d0413fd', '2026-04-20 15:55:00.948766+00', '3116ee84-6c9d-4fde-8bcc-49587655c52a', '7a3d019f-0304-41d4-b5fb-8c7eff63ac9f', 'Sorties', 'Fête', '2026-04-20', '2026-04-20'),
	('75850351-f901-4294-b230-df3ecdf82446', '6db47d6b-6e2e-4886-a262-520a91854f4c', '2026-04-21', 'Escalade', 4600, 'JPY', '96b5a75b-a747-4312-92f0-3deaf06b04eb', '2026-04-21 06:06:48.247962+00', '3116ee84-6c9d-4fde-8bcc-49587655c52a', NULL, 'Sorties', 'Sportive', '2026-04-21', '2026-04-21'),
	('b78e221b-a0a9-456b-8802-5b15bbf1ef07', '6db47d6b-6e2e-4886-a262-520a91854f4c', '2026-04-22', 'Restau Nouille', 3900, 'JPY', '96b5a75b-a747-4312-92f0-3deaf06b04eb', '2026-04-22 13:21:56.64527+00', '3116ee84-6c9d-4fde-8bcc-49587655c52a', NULL, 'Repas', 'Dîner', '2026-04-22', '2026-04-22'),
	('6366800d-bac4-4a72-bfde-b94a082be804', '6db47d6b-6e2e-4886-a262-520a91854f4c', '2026-04-11', 'Snack', 963, 'JPY', '12a19452-da8e-45bf-a344-48e3abbe740d', '2026-04-11 09:03:59.846974+00', '3116ee84-6c9d-4fde-8bcc-49587655c52a', NULL, 'Course', 'Snacks', '2026-04-11', '2026-04-11'),
	('0258a784-3c41-4393-bb38-2e064a745232', '6db47d6b-6e2e-4886-a262-520a91854f4c', '2026-04-23', 'Il a screen', 5156, 'JPY', '36112a16-5035-40ac-b67b-a8e71d0413fd', '2026-04-23 06:14:59.15225+00', '3116ee84-6c9d-4fde-8bcc-49587655c52a', 'eb8608f5-f084-4de4-9719-3d7c45022908', 'Repas', 'Déjeuner', '2026-04-23', '2026-04-23'),
	('1591d741-867b-4c24-b48d-ae53f615cf8f', '6db47d6b-6e2e-4886-a262-520a91854f4c', '2026-04-23', 'Bière', 1200, 'JPY', '96b5a75b-a747-4312-92f0-3deaf06b04eb', '2026-04-23 09:45:41.11523+00', '3116ee84-6c9d-4fde-8bcc-49587655c52a', NULL, 'Sorties', 'Fête', '2026-04-23', '2026-04-23'),
	('cd2a77c5-7d07-4b6a-a66a-c9a84de69e60', '6db47d6b-6e2e-4886-a262-520a91854f4c', '2026-04-24', 'EcoPark', 1100, 'JPY', '12a19452-da8e-45bf-a344-48e3abbe740d', '2026-04-24 02:54:32.155587+00', '3116ee84-6c9d-4fde-8bcc-49587655c52a', NULL, 'Transport', 'Parking', '2026-04-23', '2026-04-23'),
	('5fc03a29-64de-46af-9532-d7b9213dbd4e', '6db47d6b-6e2e-4886-a262-520a91854f4c', '2026-04-24', 'Ramen poule5', 4370, 'JPY', '12a19452-da8e-45bf-a344-48e3abbe740d', '2026-04-24 11:17:05.424363+00', '3116ee84-6c9d-4fde-8bcc-49587655c52a', NULL, 'Repas', 'Dîner', '2026-04-24', '2026-04-24'),
	('7c51249b-099a-44ac-82c0-ef540c71dbd6', '6db47d6b-6e2e-4886-a262-520a91854f4c', '2026-04-26', 'Baseball', 2000, 'JPY', '36112a16-5035-40ac-b67b-a8e71d0413fd', '2026-04-26 06:53:36.108046+00', '3116ee84-6c9d-4fde-8bcc-49587655c52a', 'd3991464-b55e-4679-8c7f-80a0aba1edcb', 'Sorties', 'Sportive', '2026-04-26', '2026-04-26'),
	('fa3d857f-66aa-46ba-9f51-c415af8f8272', '6db47d6b-6e2e-4886-a262-520a91854f4c', '2026-04-27', 'Izakaya', 4000, 'JPY', '36112a16-5035-40ac-b67b-a8e71d0413fd', '2026-04-27 05:09:02.444996+00', '3116ee84-6c9d-4fde-8bcc-49587655c52a', '182ba581-b452-4293-90c4-5f0b54513ca8', 'Repas', 'Déjeuner', '2026-04-27', '2026-04-27'),
	('634c612b-d093-46a3-8775-f60063ce851f', '6db47d6b-6e2e-4886-a262-520a91854f4c', '2026-04-28', 'Ramen', 2360, 'JPY', '12a19452-da8e-45bf-a344-48e3abbe740d', '2026-04-28 03:40:02.162322+00', '3116ee84-6c9d-4fde-8bcc-49587655c52a', NULL, 'Repas', 'Déjeuner', '2026-04-28', '2026-04-28'),
	('4b71aba1-56a4-479e-aa5a-40010ad871ff', '6db47d6b-6e2e-4886-a262-520a91854f4c', '2026-04-28', 'Mcdal', 3.22, 'EUR', '36112a16-5035-40ac-b67b-a8e71d0413fd', '2026-04-29 01:53:42.727742+00', '3116ee84-6c9d-4fde-8bcc-49587655c52a', 'a8a3a165-0aeb-4db8-9626-2202480e410b', 'Repas', NULL, '2026-04-28', '2026-04-28'),
	('e8415df7-9703-443f-a898-59907f032afe', '6db47d6b-6e2e-4886-a262-520a91854f4c', '2026-04-30', 'Auberge Tokyo', 270, 'EUR', '12a19452-da8e-45bf-a344-48e3abbe740d', '2026-04-30 06:14:55.776033+00', '3116ee84-6c9d-4fde-8bcc-49587655c52a', NULL, 'Logement', 'Auberge', '2026-05-02', '2026-05-06'),
	('84fc3df5-0aed-41d8-bc0e-d0818fe28c7e', '6db47d6b-6e2e-4886-a262-520a91854f4c', '2026-05-02', 'Onsen', 1640, 'JPY', '36112a16-5035-40ac-b67b-a8e71d0413fd', '2026-05-02 11:30:49.267196+00', '3116ee84-6c9d-4fde-8bcc-49587655c52a', '1211dd6e-fa49-4b69-abe6-205bb66fea7e', 'Sorties', 'Sportive', '2026-05-02', '2026-05-02'),
	('ea96cae3-1b9a-4ada-b8b9-6ae64c76c880', '6db47d6b-6e2e-4886-a262-520a91854f4c', '2026-05-04', 'Biere', 2000, 'JPY', '36112a16-5035-40ac-b67b-a8e71d0413fd', '2026-05-04 11:03:48.910596+00', '3116ee84-6c9d-4fde-8bcc-49587655c52a', '471e9a3c-6ba6-4d74-99f7-e4cb165937b9', 'Sorties', 'Fête', '2026-05-04', '2026-05-04'),
	('92ef7b3f-bdf1-4f27-bebb-60964b3301d0', '6db47d6b-6e2e-4886-a262-520a91854f4c', '2026-05-06', 'Laundry', 300, 'JPY', '36112a16-5035-40ac-b67b-a8e71d0413fd', '2026-05-06 03:09:13.434409+00', '3116ee84-6c9d-4fde-8bcc-49587655c52a', '6994ac5f-36e2-4f31-a5d6-9044b370be5e', 'Laundry', 'Self Laundry', '2026-05-06', '2026-05-06'),
	('ab6dad61-d0fc-4237-b134-da0bec035926', '6db47d6b-6e2e-4886-a262-520a91854f4c', '2026-04-11', 'Parking', 800, 'JPY', '36112a16-5035-40ac-b67b-a8e71d0413fd', '2026-04-11 08:05:44.183428+00', '3116ee84-6c9d-4fde-8bcc-49587655c52a', '4855acce-ff19-4806-854f-40ec001a87db', 'Transport', 'Parking', '2026-04-11', '2026-04-11'),
	('84e98186-b039-44fa-bb42-912fb1542606', '6db47d6b-6e2e-4886-a262-520a91854f4c', '2026-04-21', 'Parking', 1100, 'JPY', '12a19452-da8e-45bf-a344-48e3abbe740d', '2026-04-21 01:48:54.166778+00', '3116ee84-6c9d-4fde-8bcc-49587655c52a', NULL, 'Transport', 'Parking', '2026-04-20', '2026-04-20'),
	('4527f712-cfd4-4ba0-8837-4e9cd5f98dd7', '6db47d6b-6e2e-4886-a262-520a91854f4c', '2026-04-21', 'Course camping', 2500, 'JPY', '96b5a75b-a747-4312-92f0-3deaf06b04eb', '2026-04-21 07:30:45.836517+00', '3116ee84-6c9d-4fde-8bcc-49587655c52a', NULL, 'Course', 'Supermarché', '2026-04-21', '2026-04-21'),
	('4bc07a0e-c772-4943-b08f-46b40b929d30', '6db47d6b-6e2e-4886-a262-520a91854f4c', '2026-04-16', 'Materiel peche', 1614, 'JPY', '36112a16-5035-40ac-b67b-a8e71d0413fd', '2026-04-16 07:17:23.974783+00', '3116ee84-6c9d-4fde-8bcc-49587655c52a', 'bcc25407-8e41-4757-943f-217208744a07', 'Autre', 'Divers', '2026-04-16', '2026-04-16'),
	('df6f5848-6a8f-489d-a4c7-64738eabcd06', '6db47d6b-6e2e-4886-a262-520a91854f4c', '2026-04-27', 'Recharge', 4000, 'JPY', '36112a16-5035-40ac-b67b-a8e71d0413fd', '2026-04-27 06:24:16.495685+00', '3116ee84-6c9d-4fde-8bcc-49587655c52a', '991a676e-c12a-44e6-9cf2-0f2a3a64d030', 'Transport', 'Bus local', '2026-04-27', '2026-04-27'),
	('390b3661-8341-4f8c-9061-f6dbc77fc400', '6db47d6b-6e2e-4886-a262-520a91854f4c', '2026-04-13', 'Materiel peche', 1337, 'JPY', '36112a16-5035-40ac-b67b-a8e71d0413fd', '2026-04-13 09:03:45.248894+00', '3116ee84-6c9d-4fde-8bcc-49587655c52a', 'cf244a7f-64b7-4ac4-afd2-8e482d09e9e7', 'Autre', 'Divers', '2026-04-13', '2026-04-13'),
	('b376c4d6-4ac2-4875-b7f8-571dd63e72d7', '6db47d6b-6e2e-4886-a262-520a91854f4c', '2026-04-23', 'Extra check out et Parking', 1500, 'JPY', '96b5a75b-a747-4312-92f0-3deaf06b04eb', '2026-04-23 02:34:42.912216+00', '3116ee84-6c9d-4fde-8bcc-49587655c52a', NULL, 'Logement', 'Hôtel', '2026-04-22', '2026-04-22'),
	('b0bf28ff-b8aa-47f1-8af7-5d1a53caabf7', '6db47d6b-6e2e-4886-a262-520a91854f4c', '2026-04-21', 'Laundry', 1200, 'JPY', '36112a16-5035-40ac-b67b-a8e71d0413fd', '2026-04-23 06:25:10.944269+00', '3116ee84-6c9d-4fde-8bcc-49587655c52a', 'cb0f0b43-19e4-4bca-816c-c6232e0e4ae0', 'Laundry', NULL, '2026-04-21', '2026-04-21'),
	('ffc070fa-f712-48a6-83a7-9bd20f821a83', '8516d948-4970-453a-912e-e984afabddb9', '2026-04-20', 'test', 50, 'EUR', '0038de03-b416-41fe-8a00-e2ee2602c52e', '2026-04-20 04:28:24.552223+00', '3229bf4c-dde7-41fd-a8de-1ae02a223867', '2da28d81-f5b8-4ca1-a947-9e239062ece1', 'Repas', 'Eau', '2026-04-20', '2026-04-20'),
	('0442ba84-e424-4928-aed8-651c64090aeb', '6db47d6b-6e2e-4886-a262-520a91854f4c', '2026-04-17', 'Parcking', 2000, 'JPY', '12a19452-da8e-45bf-a344-48e3abbe740d', '2026-04-18 01:32:39.121807+00', '3116ee84-6c9d-4fde-8bcc-49587655c52a', NULL, 'Transport', 'Parking', '2026-04-17', '2026-04-17'),
	('0dbb3c0d-9505-436e-84d4-4820a97db0d0', '6db47d6b-6e2e-4886-a262-520a91854f4c', '2026-04-16', 'Sukiya', 3810, 'JPY', '96b5a75b-a747-4312-92f0-3deaf06b04eb', '2026-04-16 04:42:24.288856+00', '3116ee84-6c9d-4fde-8bcc-49587655c52a', NULL, 'Repas', 'Déjeuner', '2026-04-16', '2026-04-16'),
	('0e4e0276-55cc-4907-bba5-9ca66d81528f', '6db47d6b-6e2e-4886-a262-520a91854f4c', '2026-04-14', 'Club', 7920, 'JPY', '36112a16-5035-40ac-b67b-a8e71d0413fd', '2026-04-15 02:15:41.056348+00', '3116ee84-6c9d-4fde-8bcc-49587655c52a', 'fc4a4545-994c-4dbf-8d15-1dc568c9bf8d', 'Logement', 'Auberge', '2026-04-14', '2026-04-14'),
	('25e8058e-3cfe-4554-82f0-cae4032608bf', '6db47d6b-6e2e-4886-a262-520a91854f4c', '2026-04-14', 'Parking', 2700, 'JPY', '96b5a75b-a747-4312-92f0-3deaf06b04eb', '2026-04-14 08:46:47.179183+00', '3116ee84-6c9d-4fde-8bcc-49587655c52a', NULL, 'Transport', 'Parking', '2026-04-14', '2026-04-14'),
	('2c1e6d54-d9c0-4cdc-829c-80486036500c', '6db47d6b-6e2e-4886-a262-520a91854f4c', '2026-04-17', 'Parking', 880, 'JPY', '96b5a75b-a747-4312-92f0-3deaf06b04eb', '2026-04-17 07:09:23.269279+00', '3116ee84-6c9d-4fde-8bcc-49587655c52a', NULL, 'Transport', 'Parking', '2026-04-17', '2026-04-17'),
	('2d2d4a1d-7d08-471c-96c9-7ff55c992365', '6db47d6b-6e2e-4886-a262-520a91854f4c', '2026-04-19', 'Onsen', 2100, 'JPY', '36112a16-5035-40ac-b67b-a8e71d0413fd', '2026-04-19 02:50:00.688793+00', '3116ee84-6c9d-4fde-8bcc-49587655c52a', 'deb35a33-36c4-46e5-b281-5d3eb997e594', 'Sorties', 'Culturel', '2026-04-19', '2026-04-19'),
	('2e90590a-122d-4b1a-926a-e747e26afb01', '6db47d6b-6e2e-4886-a262-520a91854f4c', '2026-04-18', 'Indien', 6720, 'JPY', '12a19452-da8e-45bf-a344-48e3abbe740d', '2026-04-18 13:53:52.408954+00', '3116ee84-6c9d-4fde-8bcc-49587655c52a', NULL, 'Repas', 'Déjeuner', '2026-04-18', '2026-04-18'),
	('33f9fcc5-af73-41cf-8b9a-7b2eced731d2', '6db47d6b-6e2e-4886-a262-520a91854f4c', '2026-04-17', 'Sukiya', 3090, 'JPY', '96b5a75b-a747-4312-92f0-3deaf06b04eb', '2026-04-17 05:11:56.177102+00', '3116ee84-6c9d-4fde-8bcc-49587655c52a', NULL, 'Repas', 'Déjeuner', '2026-04-17', '2026-04-17'),
	('37040fce-c2f6-4b58-8258-4d089363a09e', '6db47d6b-6e2e-4886-a262-520a91854f4c', '2026-04-09', 'Ramen', 5700, 'JPY', '36112a16-5035-40ac-b67b-a8e71d0413fd', '2026-04-09 12:05:39.903736+00', '3116ee84-6c9d-4fde-8bcc-49587655c52a', 'be380fbc-f42a-49dc-8c17-571bd0c7b04a', 'Repas', 'Déjeuner', '2026-04-09', '2026-04-09'),
	('390b97bb-5627-442e-be83-bd1239543b83', '6db47d6b-6e2e-4886-a262-520a91854f4c', '2026-04-10', 'Sushi', 16500, 'JPY', '96b5a75b-a747-4312-92f0-3deaf06b04eb', '2026-04-10 15:05:02.706695+00', '3116ee84-6c9d-4fde-8bcc-49587655c52a', NULL, 'Repas', 'Déjeuner', '2026-04-10', '2026-04-10'),
	('3dd4bc66-0c26-4292-8fdb-49c756fc5caf', '6db47d6b-6e2e-4886-a262-520a91854f4c', '2026-04-15', 'Gym', 8100, 'JPY', '12a19452-da8e-45bf-a344-48e3abbe740d', '2026-04-15 13:43:19.387123+00', '3116ee84-6c9d-4fde-8bcc-49587655c52a', NULL, 'Sorties', 'Sportive', '2026-04-15', '2026-04-15'),
	('6e9f63ba-bac1-4a8c-a80e-d7e9b565819d', '6db47d6b-6e2e-4886-a262-520a91854f4c', '2026-04-28', 'Laundry', 300, 'JPY', '12a19452-da8e-45bf-a344-48e3abbe740d', '2026-04-28 11:44:50.258326+00', '3116ee84-6c9d-4fde-8bcc-49587655c52a', NULL, 'Laundry', NULL, '2026-04-28', '2026-04-28'),
	('4f3d1857-d185-4949-893e-30131bee0e4c', '6db47d6b-6e2e-4886-a262-520a91854f4c', '2026-04-16', 'Diner camping', 5400, 'JPY', '96b5a75b-a747-4312-92f0-3deaf06b04eb', '2026-04-16 10:25:53.527078+00', '3116ee84-6c9d-4fde-8bcc-49587655c52a', NULL, 'Repas', 'Dîner', '2026-04-16', '2026-04-16'),
	('502d6c1e-a2b9-46a4-882d-909309447ecd', '6db47d6b-6e2e-4886-a262-520a91854f4c', '2026-04-17', 'Musér', 600, 'JPY', '96b5a75b-a747-4312-92f0-3deaf06b04eb', '2026-04-17 07:08:26.53363+00', '3116ee84-6c9d-4fde-8bcc-49587655c52a', NULL, 'Sorties', 'Musée', '2026-04-17', '2026-04-17'),
	('506fc9a5-2093-495c-8f91-6524875fe276', '6db47d6b-6e2e-4886-a262-520a91854f4c', '2026-04-02', 'Bar pingpong', 3000, 'JPY', '36112a16-5035-40ac-b67b-a8e71d0413fd', '2026-04-03 02:36:15.269994+00', '3116ee84-6c9d-4fde-8bcc-49587655c52a', 'c44a55e2-9276-4120-bc10-f16ccd3fc43a', 'Sorties', 'Fête', '2026-04-02', '2026-04-02'),
	('533b344e-b51e-4fd8-b04e-e22b1a635572', '6db47d6b-6e2e-4886-a262-520a91854f4c', '2026-04-12', '7/11', 1810, 'JPY', '36112a16-5035-40ac-b67b-a8e71d0413fd', '2026-04-12 11:35:22.660835+00', '3116ee84-6c9d-4fde-8bcc-49587655c52a', '65609db3-4276-46a1-ace4-cd3f57ac9085', 'Course', 'Supermarché', '2026-04-12', '2026-04-12'),
	('534d4b48-d5e0-4c7d-93c1-9bc4bd1f76ed', '6db47d6b-6e2e-4886-a262-520a91854f4c', '2026-04-08', 'Bière', 1400, 'JPY', '12a19452-da8e-45bf-a344-48e3abbe740d', '2026-04-08 11:02:07.864684+00', '3116ee84-6c9d-4fde-8bcc-49587655c52a', NULL, 'Sorties', 'Fête', '2026-04-08', '2026-04-08'),
	('5a93ea7d-4c6e-49d6-a6b6-f85fe444ff14', '6db47d6b-6e2e-4886-a262-520a91854f4c', '2026-04-08', 'Billard', 3015, 'JPY', '12a19452-da8e-45bf-a344-48e3abbe740d', '2026-04-08 09:59:02.82446+00', '3116ee84-6c9d-4fde-8bcc-49587655c52a', NULL, 'Sorties', 'Fête', '2026-04-08', '2026-04-08'),
	('5c0c0663-6bce-4e53-b7ad-363a818a9f49', '6db47d6b-6e2e-4886-a262-520a91854f4c', '2026-04-03', 'Essence', 3000, 'JPY', '96b5a75b-a747-4312-92f0-3deaf06b04eb', '2026-04-03 12:45:44.827274+00', '3116ee84-6c9d-4fde-8bcc-49587655c52a', NULL, 'Transport', 'Essence', '2026-04-03', '2026-04-03'),
	('62792ba2-8938-497a-98e1-49ece33b1f2d', '6db47d6b-6e2e-4886-a262-520a91854f4c', '2026-04-11', 'Bière', 2500, 'JPY', '12a19452-da8e-45bf-a344-48e3abbe740d', '2026-04-12 03:51:34.622804+00', '3116ee84-6c9d-4fde-8bcc-49587655c52a', NULL, 'Sorties', 'Fête', '2026-04-11', '2026-04-11'),
	('635a0216-37a3-4393-86a2-f747f9dd1222', '6db47d6b-6e2e-4886-a262-520a91854f4c', '2026-04-14', 'Déjeuner', 6600, 'JPY', '12a19452-da8e-45bf-a344-48e3abbe740d', '2026-04-14 08:47:37.573995+00', '3116ee84-6c9d-4fde-8bcc-49587655c52a', NULL, 'Repas', 'Déjeuner', '2026-04-14', '2026-04-14'),
	('ea63bf86-a17a-4144-92cd-82e505860da8', '6db47d6b-6e2e-4886-a262-520a91854f4c', '2026-04-24', 'Ramen', 2440, 'JPY', '12a19452-da8e-45bf-a344-48e3abbe740d', '2026-04-24 04:22:02.088965+00', '3116ee84-6c9d-4fde-8bcc-49587655c52a', NULL, 'Repas', 'Déjeuner', '2026-04-24', '2026-04-24'),
	('dbb448bd-0436-4e0b-a269-c30664b1261e', '6db47d6b-6e2e-4886-a262-520a91854f4c', '2026-04-25', 'Ramen', 3780, 'JPY', '12a19452-da8e-45bf-a344-48e3abbe740d', '2026-04-25 06:01:45.079378+00', '3116ee84-6c9d-4fde-8bcc-49587655c52a', NULL, 'Repas', 'Déjeuner', '2026-04-25', '2026-04-25'),
	('9f71ccca-b629-4fd4-b8a4-7697c1a5ad32', '6db47d6b-6e2e-4886-a262-520a91854f4c', '2026-04-26', 'Onsen', 1000, 'JPY', '36112a16-5035-40ac-b67b-a8e71d0413fd', '2026-04-26 12:34:47.456674+00', '3116ee84-6c9d-4fde-8bcc-49587655c52a', 'b322ace8-0e98-4365-8de1-94310337b119', 'Sorties', 'Sportive', '2026-04-26', '2026-04-26'),
	('bf9bf5fd-7b15-44d0-9e44-1051cef5d810', '6db47d6b-6e2e-4886-a262-520a91854f4c', '2026-04-29', 'Restay Masa', 4580, 'JPY', '12a19452-da8e-45bf-a344-48e3abbe740d', '2026-04-29 06:06:20.045896+00', '3116ee84-6c9d-4fde-8bcc-49587655c52a', NULL, 'Repas', 'Déjeuner', '2026-04-29', '2026-04-29'),
	('d08451a1-4377-4ccd-9747-1887aff2db50', '6db47d6b-6e2e-4886-a262-520a91854f4c', '2026-05-01', 'Ra', 3000, 'JPY', '36112a16-5035-40ac-b67b-a8e71d0413fd', '2026-05-01 12:18:35.821696+00', '3116ee84-6c9d-4fde-8bcc-49587655c52a', '0a0ee13b-d528-438b-8a97-f7d42f5f30f5', 'Repas', 'Dîner', '2026-05-01', '2026-05-01'),
	('88204749-78e9-41f7-9eaf-f87163e37427', '6db47d6b-6e2e-4886-a262-520a91854f4c', '2026-05-02', 'Bar', 3160, 'JPY', '36112a16-5035-40ac-b67b-a8e71d0413fd', '2026-05-02 13:38:50.559821+00', '3116ee84-6c9d-4fde-8bcc-49587655c52a', 'ea914916-d06f-4d51-b3ae-e53d87520057', 'Sorties', 'Fête', '2026-05-02', '2026-05-02'),
	('59146840-e959-44ed-a8a5-cdb405619239', '6db47d6b-6e2e-4886-a262-520a91854f4c', '2026-05-05', 'Bière', 622, 'JPY', '36112a16-5035-40ac-b67b-a8e71d0413fd', '2026-05-05 13:34:23.49832+00', '3116ee84-6c9d-4fde-8bcc-49587655c52a', '5f81a882-dcf8-44bf-bef8-24e6850b7976', 'Sorties', 'Fête', '2026-05-05', '2026-05-05'),
	('d88e5078-d0be-4421-852e-b7945d69a533', '6db47d6b-6e2e-4886-a262-520a91854f4c', '2026-05-05', 'Chinois', 2000, 'JPY', '36112a16-5035-40ac-b67b-a8e71d0413fd', '2026-05-06 03:11:18.360078+00', '3116ee84-6c9d-4fde-8bcc-49587655c52a', 'd838fd3e-20e6-4b4f-ba04-dd5af4eab5c8', 'Repas', 'Dîner', '2026-05-05', '2026-05-05'),
	('3f52d580-4a0f-4203-9e63-ab442b27c1e7', '6db47d6b-6e2e-4886-a262-520a91854f4c', '2026-04-05', 'Poppotte', 2500, 'JPY', '12a19452-da8e-45bf-a344-48e3abbe740d', '2026-04-05 09:12:38.807286+00', '3116ee84-6c9d-4fde-8bcc-49587655c52a', NULL, 'Autre', 'Divers', '2026-04-05', '2026-04-05'),
	('5d6030c0-265f-4804-8dc3-8c8d935f9910', '6db47d6b-6e2e-4886-a262-520a91854f4c', '2026-04-03', 'Essence', 7000, 'JPY', '96b5a75b-a747-4312-92f0-3deaf06b04eb', '2026-04-03 03:49:17.141147+00', '3116ee84-6c9d-4fde-8bcc-49587655c52a', NULL, 'Transport', 'Essence', '2026-04-03', '2026-04-03'),
	('f00e79f7-dbb9-452b-9fa0-46bc9bb195be', '6db47d6b-6e2e-4886-a262-520a91854f4c', '2026-04-23', 'BK', 29.63, 'EUR', '36112a16-5035-40ac-b67b-a8e71d0413fd', '2026-04-23 10:44:41.53497+00', '3116ee84-6c9d-4fde-8bcc-49587655c52a', 'e012f175-ecc4-47fe-b36a-7db1c103ff97', 'Repas', 'Dîner', '2026-04-23', '2026-04-23');


--
-- Data for Name: trip_expense_budget_links; Type: TABLE DATA; Schema: public; Owner: postgres
--

INSERT INTO "public"."trip_expense_budget_links" ("id", "user_id", "trip_id", "expense_id", "member_id", "transaction_id", "created_at") VALUES
	('3338934f-4cd1-43f9-abd8-c66de7aabe4d', '6db47d6b-6e2e-4886-a262-520a91854f4c', '3116ee84-6c9d-4fde-8bcc-49587655c52a', 'b070561b-6518-4724-9360-e1515218c15b', '36112a16-5035-40ac-b67b-a8e71d0413fd', '6061dad7-7621-4d44-a8c8-f6036ed31f63', '2026-05-06 03:59:34.59333+00'),
	('d2ad1a55-166d-4631-9a83-3804308665c2', '6db47d6b-6e2e-4886-a262-520a91854f4c', '3116ee84-6c9d-4fde-8bcc-49587655c52a', '5d6030c0-265f-4804-8dc3-8c8d935f9910', '36112a16-5035-40ac-b67b-a8e71d0413fd', 'a7dfab26-284c-4f34-b55b-b2fa7291e98c', '2026-05-06 04:00:58.336475+00'),
	('58706285-3869-458e-b8b5-157b5a9aaa4a', '6db47d6b-6e2e-4886-a262-520a91854f4c', '106e2175-afdb-4a80-b5e0-bebbbaa7dc2e', '112727bb-1dfd-47e3-b362-376730a18161', '43bfd220-fa8f-4dab-804a-14a3051f6c7c', '471830b8-e357-4b4a-93d9-1e54b21eac25', '2026-03-11 03:15:02.025181+00'),
	('e659a485-dfc6-463c-9845-4d87f04f9f1f', '6db47d6b-6e2e-4886-a262-520a91854f4c', '106e2175-afdb-4a80-b5e0-bebbbaa7dc2e', '86b3776f-5c2a-439e-b8fa-f6694c60a4c4', '43bfd220-fa8f-4dab-804a-14a3051f6c7c', '96ebb7ff-15ef-4744-b945-2230f39b617d', '2026-02-18 14:15:23.180477+00'),
	('0a68b032-299d-49b2-957a-c9b68724c324', 'b63f45f3-fc01-4714-8cc4-a09ab49e18c7', '3d014e62-49a2-423c-87c9-0504dd75f4f3', 'cec60b3c-820a-490e-98af-45b06a511c0f', 'be5f3b70-e4ac-46ac-9c4c-30a272b92e87', '335fccd8-6691-4f66-96ba-146cb1794f99', '2026-03-11 08:47:03.368306+00'),
	('dfc692f8-ea4e-4d88-860b-2999283f723d', '6db47d6b-6e2e-4886-a262-520a91854f4c', '106e2175-afdb-4a80-b5e0-bebbbaa7dc2e', 'fae723a4-b5c3-48e2-bf5a-20de1c18915a', '43bfd220-fa8f-4dab-804a-14a3051f6c7c', '79242e93-f026-4643-b6ff-3146ad98be27', '2026-02-18 15:03:10.035418+00'),
	('a4a32ba2-3bf5-4c56-a43e-adfeaaab6448', 'b63f45f3-fc01-4714-8cc4-a09ab49e18c7', '3d014e62-49a2-423c-87c9-0504dd75f4f3', '374e59ef-1f2a-4533-be15-e9f6e77e5325', 'be5f3b70-e4ac-46ac-9c4c-30a272b92e87', 'c39230e9-69b9-40a6-860e-e20120d01516', '2026-03-11 12:55:01.847967+00'),
	('8695afea-2898-42f0-9a5d-73c181ffe06d', '6db47d6b-6e2e-4886-a262-520a91854f4c', '106e2175-afdb-4a80-b5e0-bebbbaa7dc2e', '047d9ef5-2ed6-4d0b-b8af-4daf0c445346', '43bfd220-fa8f-4dab-804a-14a3051f6c7c', 'd501994e-a87a-4aed-8186-3281d3023984', '2026-02-19 04:58:58.24825+00'),
	('df0c8ecc-546c-469f-b267-12c22a49c22c', '6db47d6b-6e2e-4886-a262-520a91854f4c', '106e2175-afdb-4a80-b5e0-bebbbaa7dc2e', '7068eb94-1bca-4e78-93d7-138a6d545e24', '43bfd220-fa8f-4dab-804a-14a3051f6c7c', '283717c3-65a9-49e1-ad4f-87fcfcd98c8c', '2026-02-19 04:59:22.240904+00'),
	('0b5a17a7-d52a-4443-8257-5d3dcd444df3', '6db47d6b-6e2e-4886-a262-520a91854f4c', '106e2175-afdb-4a80-b5e0-bebbbaa7dc2e', '9663e5eb-9e8f-47a9-82ab-0258b5a1566f', '43bfd220-fa8f-4dab-804a-14a3051f6c7c', '8bb5bb86-cd2e-47da-9a21-1d5e2fd47abe', '2026-02-19 05:00:28.579554+00'),
	('b9f9f064-2000-4217-b658-3571c7558bb9', '6db47d6b-6e2e-4886-a262-520a91854f4c', '106e2175-afdb-4a80-b5e0-bebbbaa7dc2e', '09425477-0908-4bda-a4a6-c6b93d03d0ce', '43bfd220-fa8f-4dab-804a-14a3051f6c7c', 'ad1d9627-e242-4b28-bad2-c97b11070c89', '2026-02-19 05:00:52.82918+00'),
	('07ec338b-76e8-4441-8cf2-d3ea1f02db77', '6db47d6b-6e2e-4886-a262-520a91854f4c', '106e2175-afdb-4a80-b5e0-bebbbaa7dc2e', 'cb1c19b1-5f19-4026-b980-1649483207a0', '43bfd220-fa8f-4dab-804a-14a3051f6c7c', 'daf78b10-b40b-4aef-9b52-c6eb4ab991ba', '2026-02-19 05:01:16.267162+00'),
	('f641d074-1acc-42ad-9711-db8880e537ca', '6db47d6b-6e2e-4886-a262-520a91854f4c', '106e2175-afdb-4a80-b5e0-bebbbaa7dc2e', '65182afb-9023-458a-9099-69c4d91c4da6', '43bfd220-fa8f-4dab-804a-14a3051f6c7c', '484bdec5-2734-4c05-b8d8-3f9e926ad571', '2026-02-19 05:01:30.159061+00'),
	('c3b6e743-c2fc-49d2-b771-91fe28c54058', '6db47d6b-6e2e-4886-a262-520a91854f4c', '106e2175-afdb-4a80-b5e0-bebbbaa7dc2e', '931a3c98-23c8-45df-810f-4bfb4e3d30d5', '43bfd220-fa8f-4dab-804a-14a3051f6c7c', '46fbac78-36bf-4d16-949d-ebfadafb4e9f', '2026-02-19 05:12:20.564821+00'),
	('986c23c7-7b35-4f27-9edd-4541837b303c', '6db47d6b-6e2e-4886-a262-520a91854f4c', '106e2175-afdb-4a80-b5e0-bebbbaa7dc2e', 'a998ae36-67fe-48e1-8b4b-3d503cc7079a', '43bfd220-fa8f-4dab-804a-14a3051f6c7c', 'd11364ea-de81-4541-9891-8e4bd128b1f4', '2026-02-19 05:12:54.032349+00'),
	('61222b65-4ca3-4ff9-bd9c-f31a61d45f10', '6db47d6b-6e2e-4886-a262-520a91854f4c', '106e2175-afdb-4a80-b5e0-bebbbaa7dc2e', 'e8d835a0-a0ab-43b3-b1ba-1b12030f1380', '43bfd220-fa8f-4dab-804a-14a3051f6c7c', '8ee0f491-9eea-4f05-b316-cc413fd505eb', '2026-02-19 05:13:11.555093+00'),
	('68b259e6-6c7b-4351-84b5-10a567ea3a03', '6db47d6b-6e2e-4886-a262-520a91854f4c', '106e2175-afdb-4a80-b5e0-bebbbaa7dc2e', '1c1d59b2-b0f0-40d9-b6ec-a23a0f4e4ee3', '43bfd220-fa8f-4dab-804a-14a3051f6c7c', '595e2689-e771-47de-9dfe-2aeb8a50118e', '2026-02-19 05:13:33.061979+00'),
	('784da1fa-813b-4229-b5f6-0ae0935fd74d', '6db47d6b-6e2e-4886-a262-520a91854f4c', '106e2175-afdb-4a80-b5e0-bebbbaa7dc2e', '66bfbaeb-aae4-4126-ad65-6f91ca090d19', '43bfd220-fa8f-4dab-804a-14a3051f6c7c', '5a5fc433-74d1-4c73-a497-8e53ed1d6b73', '2026-02-19 05:13:50.269539+00'),
	('1df7fe9b-68ca-4ad3-af9c-27b7a81379cd', '6db47d6b-6e2e-4886-a262-520a91854f4c', '106e2175-afdb-4a80-b5e0-bebbbaa7dc2e', 'fb8391de-f7db-4921-8110-88b4352586b1', '43bfd220-fa8f-4dab-804a-14a3051f6c7c', '6d354fc8-2edf-4463-b921-25dc5faf8d55', '2026-02-19 05:14:05.020299+00'),
	('d7dc72aa-4c6b-49f8-834c-04a8278458ac', '6db47d6b-6e2e-4886-a262-520a91854f4c', '106e2175-afdb-4a80-b5e0-bebbbaa7dc2e', '10c8883c-cfd7-41e9-b59d-dce651d67020', '43bfd220-fa8f-4dab-804a-14a3051f6c7c', 'ff73d328-6e76-41c0-adf5-b1f622d02524', '2026-02-19 05:22:21.772646+00'),
	('1ba902d8-3260-4e99-8760-1c683f7a0d1c', '6db47d6b-6e2e-4886-a262-520a91854f4c', '106e2175-afdb-4a80-b5e0-bebbbaa7dc2e', 'ef4b6ade-14ce-4a01-9b50-35d0632abe34', '43bfd220-fa8f-4dab-804a-14a3051f6c7c', '1e7f3494-7d71-47ea-b6c6-6355f6ae05ce', '2026-02-19 05:24:18.595623+00'),
	('a8dbcc4a-3d75-406e-a1e6-00d3225e6409', '6db47d6b-6e2e-4886-a262-520a91854f4c', '106e2175-afdb-4a80-b5e0-bebbbaa7dc2e', '294eec39-f9ed-4d4b-8e93-c9db0ca941d8', '43bfd220-fa8f-4dab-804a-14a3051f6c7c', 'c0532f75-8a68-4d96-b431-559690f8e8ed', '2026-02-19 05:25:11.901609+00'),
	('2c246a10-f496-4a20-9bec-8410c1e41f45', '6db47d6b-6e2e-4886-a262-520a91854f4c', '106e2175-afdb-4a80-b5e0-bebbbaa7dc2e', 'a3573dfc-2903-464c-91f9-d1fee6a7a63c', '43bfd220-fa8f-4dab-804a-14a3051f6c7c', 'aea22a00-2812-45ee-af88-89aafe54a351', '2026-02-19 05:25:28.991955+00'),
	('4ac94eb0-d4c6-4061-8157-3c2b39247530', '6db47d6b-6e2e-4886-a262-520a91854f4c', '106e2175-afdb-4a80-b5e0-bebbbaa7dc2e', '7fad6f6a-aaf3-4f46-b8d3-7f4bc86feed0', '43bfd220-fa8f-4dab-804a-14a3051f6c7c', '3688802b-5896-4197-b839-eca163dc8e25', '2026-02-19 05:25:43.813751+00'),
	('f9f9a7d3-7d50-4d16-bdf3-bb3c292f3eb6', 'b63f45f3-fc01-4714-8cc4-a09ab49e18c7', '3d014e62-49a2-423c-87c9-0504dd75f4f3', '612634cb-a915-4c68-ba25-098ba978d9cf', 'be5f3b70-e4ac-46ac-9c4c-30a272b92e87', 'c16ebb63-d2ec-4348-8ead-95ba3d42e511', '2026-03-15 07:23:05.414237+00'),
	('35d4da5a-4acc-4bcc-8ba7-55faf4ba0025', '6db47d6b-6e2e-4886-a262-520a91854f4c', '7d00b35d-e053-49ab-a505-460a89c97e68', 'd79d59e9-63f3-4220-853e-5452421e63ce', '04eb56d7-3dfc-41ee-ba54-193790cd1437', '70bbd644-a81a-4a78-9c02-22f5178bb859', '2026-03-17 04:49:24.381611+00'),
	('d114e882-1b68-48c9-bbbe-5d15482f9d0b', '6db47d6b-6e2e-4886-a262-520a91854f4c', '7d00b35d-e053-49ab-a505-460a89c97e68', '36f77ce1-9a70-454d-a483-4c12ae49a116', '04eb56d7-3dfc-41ee-ba54-193790cd1437', '4a19f121-30ae-449d-b5d9-6558ae258e76', '2026-03-18 07:00:47.283761+00'),
	('e73bee3c-cf57-45b3-98e6-3cd5269d501a', '6db47d6b-6e2e-4886-a262-520a91854f4c', '3116ee84-6c9d-4fde-8bcc-49587655c52a', '704bfcbd-ac77-4a3c-80c1-ad43dabfd8ab', '36112a16-5035-40ac-b67b-a8e71d0413fd', 'bef21e91-f68e-48a8-a973-a64b92e23caf', '2026-03-20 17:35:31.799436+00'),
	('bb8e1f35-98b3-437b-bdf1-99397a4c0c85', '6db47d6b-6e2e-4886-a262-520a91854f4c', '3116ee84-6c9d-4fde-8bcc-49587655c52a', '928e5047-cffc-476d-9af1-6338c4270084', '36112a16-5035-40ac-b67b-a8e71d0413fd', '0e07d60b-29ef-483b-b14b-849a7abb067f', '2026-03-26 04:24:08.16972+00'),
	('c3e75962-d321-410f-b1fe-13d928ab0279', '6db47d6b-6e2e-4886-a262-520a91854f4c', '3116ee84-6c9d-4fde-8bcc-49587655c52a', '8726c45d-f282-45cc-8796-3e94613f9879', '36112a16-5035-40ac-b67b-a8e71d0413fd', '06812eae-c19a-4ca9-a402-5e88912262e9', '2026-03-26 04:53:15.924059+00'),
	('9cd05c79-562a-4f5c-affc-d2c8d881ea0c', '6db47d6b-6e2e-4886-a262-520a91854f4c', '3116ee84-6c9d-4fde-8bcc-49587655c52a', 'a34f7ecd-4a26-4129-9982-3fd9684fef82', '36112a16-5035-40ac-b67b-a8e71d0413fd', 'f36e15a3-3bc2-4628-97b6-d88a0782ec5b', '2026-03-28 07:23:38.131861+00'),
	('d35b54cb-fcb5-47b5-9281-8be4767d1201', '6db47d6b-6e2e-4886-a262-520a91854f4c', '3116ee84-6c9d-4fde-8bcc-49587655c52a', '013d74ae-b69a-4cec-a1ed-165176ff652b', '36112a16-5035-40ac-b67b-a8e71d0413fd', 'a06e1841-f2a4-455b-b02f-6afbd7bf21db', '2026-03-28 09:27:00.455211+00'),
	('1eb914fe-c4c3-4518-b609-55a7762d2d1f', '6db47d6b-6e2e-4886-a262-520a91854f4c', '3116ee84-6c9d-4fde-8bcc-49587655c52a', 'fef9f278-a0d1-42c2-b138-c4d825cc469a', '36112a16-5035-40ac-b67b-a8e71d0413fd', 'f6740f6a-daa5-4537-9f0b-5d2e39516bc7', '2026-03-28 14:15:19.958286+00'),
	('d7fa24bc-9811-4fa4-b810-39c6bc81bdf9', '6db47d6b-6e2e-4886-a262-520a91854f4c', '106e2175-afdb-4a80-b5e0-bebbbaa7dc2e', '3a657e1f-d04e-4d78-9eb5-220c594f5be5', '43bfd220-fa8f-4dab-804a-14a3051f6c7c', '7ea1cac4-c623-49bb-879e-8c280accfd00', '2026-02-21 06:43:44.238842+00'),
	('aba5e64d-ad30-43b9-a1bb-8dccd521beb7', '6db47d6b-6e2e-4886-a262-520a91854f4c', '106e2175-afdb-4a80-b5e0-bebbbaa7dc2e', '215dc2c7-6b1c-4a21-9d21-dbe8269d6ade', '43bfd220-fa8f-4dab-804a-14a3051f6c7c', 'a8dabce7-3b28-44f5-8597-d01c9fd1cc99', '2026-02-21 07:16:24.312599+00'),
	('8d5b02cd-1ccc-40fd-b793-37f2e7214cc1', '6db47d6b-6e2e-4886-a262-520a91854f4c', '106e2175-afdb-4a80-b5e0-bebbbaa7dc2e', '03d5356e-e488-4968-a271-01462e6d40f0', '43bfd220-fa8f-4dab-804a-14a3051f6c7c', 'd8ee6376-3ac6-4862-a398-6c69233c8274', '2026-02-22 04:23:35.369243+00'),
	('f3e2d325-2741-422f-98f0-804c67bfd097', '6db47d6b-6e2e-4886-a262-520a91854f4c', '3116ee84-6c9d-4fde-8bcc-49587655c52a', 'dd7ba121-95ab-4a2f-8aaa-3efc6a14887b', '36112a16-5035-40ac-b67b-a8e71d0413fd', '60adcb4c-3c95-4c42-8b9a-e1289febac4c', '2026-03-28 14:17:13.346786+00'),
	('3ef9d44f-af28-435f-87c8-16be3a810b42', '6db47d6b-6e2e-4886-a262-520a91854f4c', '106e2175-afdb-4a80-b5e0-bebbbaa7dc2e', 'babf15e4-fec5-434e-b74f-babe7027d304', '43bfd220-fa8f-4dab-804a-14a3051f6c7c', '3760a012-bf3e-4483-9a85-b58d56647360', '2026-02-22 04:25:47.687121+00'),
	('51ea2eb2-90f6-4dca-b3c7-f9f9e0cb8633', '6db47d6b-6e2e-4886-a262-520a91854f4c', '3116ee84-6c9d-4fde-8bcc-49587655c52a', 'c169ff44-2d54-414b-bef1-eabfd179baad', '36112a16-5035-40ac-b67b-a8e71d0413fd', 'aaa7c48e-c203-4f42-9b4d-4e938352289b', '2026-03-28 14:18:28.988198+00'),
	('5e4ae094-39c9-4c35-a4a7-62bae0aa05e3', '6db47d6b-6e2e-4886-a262-520a91854f4c', '3116ee84-6c9d-4fde-8bcc-49587655c52a', '25a62dc1-6dec-4f97-b482-6f92c1ded858', '36112a16-5035-40ac-b67b-a8e71d0413fd', 'b6619af9-3c0d-4953-89ed-ef6e95c7136e', '2026-03-29 03:22:14.016817+00'),
	('5effe447-2d39-440f-bc8b-15965723d9d2', '6db47d6b-6e2e-4886-a262-520a91854f4c', '3116ee84-6c9d-4fde-8bcc-49587655c52a', 'a179202d-f86d-4ed1-a9e3-f3d12669b156', '36112a16-5035-40ac-b67b-a8e71d0413fd', 'd1282e54-e795-4ce3-9760-83f41cfcd02a', '2026-03-29 03:23:59.512659+00'),
	('e96fc4f7-64da-4560-8407-4c55cd4f6c7d', '6db47d6b-6e2e-4886-a262-520a91854f4c', '3116ee84-6c9d-4fde-8bcc-49587655c52a', 'a16e38aa-dfa3-4bab-88ee-0ccdc24f9397', '36112a16-5035-40ac-b67b-a8e71d0413fd', '6019ff5b-947a-4303-91fa-0528d5e59353', '2026-03-30 23:07:35.134171+00'),
	('3825f247-249c-49be-95a6-82fab338e3f3', '6db47d6b-6e2e-4886-a262-520a91854f4c', '3116ee84-6c9d-4fde-8bcc-49587655c52a', 'd135e292-f542-4c21-8df0-dc90db113618', '36112a16-5035-40ac-b67b-a8e71d0413fd', 'c16b2fd5-ed86-48ff-bfd8-ea16e7ce692c', '2026-03-31 07:44:08.966663+00'),
	('d04da09a-b16f-4005-843e-f82ad4cc2b02', '6db47d6b-6e2e-4886-a262-520a91854f4c', '3116ee84-6c9d-4fde-8bcc-49587655c52a', '12e2386b-b9b5-4861-9bef-950c22075866', '36112a16-5035-40ac-b67b-a8e71d0413fd', '9a9e5a44-a5dc-4a8c-9a90-f17d11de74dd', '2026-03-31 07:46:19.012901+00'),
	('cd564d73-89c7-4122-a474-14d9d6a4a59d', '6db47d6b-6e2e-4886-a262-520a91854f4c', '3116ee84-6c9d-4fde-8bcc-49587655c52a', 'f7701baa-6f5c-44e8-92a1-e5dbd34b2ecc', '36112a16-5035-40ac-b67b-a8e71d0413fd', '06ea80ec-cb27-4c92-ad6c-1803511cee4f', '2026-03-31 07:47:53.168161+00'),
	('17e62289-e68b-427d-8c4d-9b181ad094bb', '6db47d6b-6e2e-4886-a262-520a91854f4c', '3116ee84-6c9d-4fde-8bcc-49587655c52a', '9a2382fe-418a-45aa-b202-0449292774e4', '36112a16-5035-40ac-b67b-a8e71d0413fd', 'd7f8c36a-8a0c-43e4-948e-337236e1a303', '2026-03-31 13:05:00.262169+00'),
	('019c2548-9f67-4e92-8b88-7a94fa560ff9', '6db47d6b-6e2e-4886-a262-520a91854f4c', '3116ee84-6c9d-4fde-8bcc-49587655c52a', 'fa104fbc-1b1f-40a5-a0f9-db80ee51fc44', '36112a16-5035-40ac-b67b-a8e71d0413fd', '446e5f2e-34b3-43f7-bd71-7227ac9228ba', '2026-04-01 05:46:31.289231+00'),
	('00dc5dc3-7584-4235-833f-125cca2adfdc', '6db47d6b-6e2e-4886-a262-520a91854f4c', '3116ee84-6c9d-4fde-8bcc-49587655c52a', '9290a5e4-8ad9-45ec-b5e3-0963a0f6c209', '36112a16-5035-40ac-b67b-a8e71d0413fd', 'f96dbfb5-0b85-499c-aa91-4779455ce562', '2026-04-02 00:18:53.851278+00'),
	('e42a2d7c-5eed-4934-9bc8-7212f1acf681', '6db47d6b-6e2e-4886-a262-520a91854f4c', '3116ee84-6c9d-4fde-8bcc-49587655c52a', 'dbfcf8af-8c2c-4905-90be-2e10495a7d4f', '36112a16-5035-40ac-b67b-a8e71d0413fd', '669dc66a-dc20-4bf9-b5ae-b857e87c26e7', '2026-04-02 07:04:43.613274+00'),
	('527b48c5-09b1-49eb-8f9b-5db0778b1c3a', '6db47d6b-6e2e-4886-a262-520a91854f4c', '3116ee84-6c9d-4fde-8bcc-49587655c52a', '12f9bed1-3b80-4231-a37f-e9212daa60bc', '36112a16-5035-40ac-b67b-a8e71d0413fd', 'fa1d0072-2177-4174-be64-b67c7ac1acf3', '2026-04-02 07:05:09.955721+00'),
	('22677f63-a911-4836-9b35-4604053e3a90', '6db47d6b-6e2e-4886-a262-520a91854f4c', '3116ee84-6c9d-4fde-8bcc-49587655c52a', '0991edad-fcf6-4882-a3cc-e31b2837318f', '36112a16-5035-40ac-b67b-a8e71d0413fd', 'dfafdec6-5ae5-4e4e-a24c-d6f769ea1564', '2026-04-03 02:37:01.446748+00'),
	('ceeba02f-57b3-4c92-9f83-2327b4128aaa', '6db47d6b-6e2e-4886-a262-520a91854f4c', '3116ee84-6c9d-4fde-8bcc-49587655c52a', '5c0c0663-6bce-4e53-b7ad-363a818a9f49', '36112a16-5035-40ac-b67b-a8e71d0413fd', 'b8b4ae81-081b-478e-8c67-25151fde3a3b', '2026-04-03 12:45:49.46317+00'),
	('dc6a17ba-280a-4a17-88f7-30bf8df1a721', '6db47d6b-6e2e-4886-a262-520a91854f4c', '3116ee84-6c9d-4fde-8bcc-49587655c52a', '94431a17-037b-4740-bdfc-9b54718948bb', '36112a16-5035-40ac-b67b-a8e71d0413fd', 'a42a9e85-38d7-40d2-8dde-3c238db6a772', '2026-04-06 08:46:03.978891+00'),
	('35fd09f3-6416-4089-acd0-dbab8ad365c2', '6db47d6b-6e2e-4886-a262-520a91854f4c', '3116ee84-6c9d-4fde-8bcc-49587655c52a', '7d38e671-7e51-4c5b-a569-cb8b7b3523fd', '36112a16-5035-40ac-b67b-a8e71d0413fd', 'af5e79f9-41e3-448c-acfb-d9e69ce149c6', '2026-04-07 12:40:19.109823+00'),
	('53ad970b-339b-4864-ba8d-14ade4976b43', '6db47d6b-6e2e-4886-a262-520a91854f4c', '3116ee84-6c9d-4fde-8bcc-49587655c52a', '8d9dac74-e968-4a7a-bed4-c8b9ecffe733', '36112a16-5035-40ac-b67b-a8e71d0413fd', 'f188dc6b-c543-40b3-a737-dac6e5d660f7', '2026-04-07 13:19:37.760653+00'),
	('62d511a1-86c4-4fe3-a67d-e3ac097e8ef0', '6db47d6b-6e2e-4886-a262-520a91854f4c', '3116ee84-6c9d-4fde-8bcc-49587655c52a', '18c652aa-5f16-48ba-8019-f48f1b878348', '36112a16-5035-40ac-b67b-a8e71d0413fd', 'f6f4f569-7ceb-4314-8449-d38f57e44f53', '2026-04-08 09:12:15.087344+00'),
	('106769b9-552d-4f99-9332-de1908fec723', '6db47d6b-6e2e-4886-a262-520a91854f4c', '3116ee84-6c9d-4fde-8bcc-49587655c52a', '5a93ea7d-4c6e-49d6-a6b6-f85fe444ff14', '36112a16-5035-40ac-b67b-a8e71d0413fd', '375df23c-1217-4f02-822e-079af8a20db1', '2026-04-08 09:59:06.440323+00'),
	('7ebc9620-e7a2-484b-a0db-58b2477854e2', '6db47d6b-6e2e-4886-a262-520a91854f4c', '3116ee84-6c9d-4fde-8bcc-49587655c52a', '534d4b48-d5e0-4c7d-93c1-9bc4bd1f76ed', '36112a16-5035-40ac-b67b-a8e71d0413fd', 'b5f02e16-5d9f-4062-a161-23a2dd66ae89', '2026-04-08 11:02:10.855639+00'),
	('0b1438ec-735c-4813-9906-0df88faac877', '6db47d6b-6e2e-4886-a262-520a91854f4c', '3116ee84-6c9d-4fde-8bcc-49587655c52a', '71809fa7-abda-4896-aa6f-074ff4089369', '36112a16-5035-40ac-b67b-a8e71d0413fd', 'a3213e4b-16e9-427f-9ed0-e9e63517d1ab', '2026-04-08 11:02:58.275012+00'),
	('b0d7df39-44a1-41e6-81be-ea468d4a57b4', '6db47d6b-6e2e-4886-a262-520a91854f4c', '3116ee84-6c9d-4fde-8bcc-49587655c52a', 'ab6dad61-d0fc-4237-b134-da0bec035926', '36112a16-5035-40ac-b67b-a8e71d0413fd', '41557191-9c90-48e4-8cdb-7597a01897f7', '2026-05-06 04:00:05.83206+00'),
	('592c8b31-801b-4b29-a433-ca84fa666c38', '6db47d6b-6e2e-4886-a262-520a91854f4c', '3116ee84-6c9d-4fde-8bcc-49587655c52a', '37040fce-c2f6-4b58-8258-4d089363a09e', '36112a16-5035-40ac-b67b-a8e71d0413fd', '1b9b92e0-b8e7-48e7-a81a-8937952d780e', '2026-04-09 12:05:45.606434+00'),
	('e871ce39-6dfe-4d8a-98a8-9312ec5e14f7', '6db47d6b-6e2e-4886-a262-520a91854f4c', '3116ee84-6c9d-4fde-8bcc-49587655c52a', '8504a400-14d3-4f0e-b4db-d47a1bd9b582', '36112a16-5035-40ac-b67b-a8e71d0413fd', '4b6634a0-81e1-4c03-aa16-c69f107ae221', '2026-04-10 02:52:51.367878+00'),
	('b0fb5772-cb39-4147-830d-ad1d46fb2002', '6db47d6b-6e2e-4886-a262-520a91854f4c', '3116ee84-6c9d-4fde-8bcc-49587655c52a', 'bed43895-749a-4a70-9a25-c333e76ee31c', '36112a16-5035-40ac-b67b-a8e71d0413fd', '52e83a6d-66c4-44d9-a8fb-a757a72d382d', '2026-04-10 11:10:41.003348+00'),
	('2311fcbd-c5bc-4fd8-8807-fbbe13a5340c', '6db47d6b-6e2e-4886-a262-520a91854f4c', '3116ee84-6c9d-4fde-8bcc-49587655c52a', '390b97bb-5627-442e-be83-bd1239543b83', '36112a16-5035-40ac-b67b-a8e71d0413fd', '0dfdfffd-11c3-4e48-8887-c1157fad0bea', '2026-04-10 15:05:47.619587+00'),
	('8472e5cf-c0c9-4a2d-a314-b81fa466132a', '6db47d6b-6e2e-4886-a262-520a91854f4c', '3116ee84-6c9d-4fde-8bcc-49587655c52a', '1a4173ff-5ae4-4913-9f5d-b24098549c29', '36112a16-5035-40ac-b67b-a8e71d0413fd', '91ccfe66-4d13-4816-809a-864ee1f22314', '2026-04-11 04:56:04.576952+00'),
	('c42f8fb1-58f2-4bc2-82de-ecd21161b513', '6db47d6b-6e2e-4886-a262-520a91854f4c', '3116ee84-6c9d-4fde-8bcc-49587655c52a', '689d4e5d-5906-4ef7-949d-50b5cd2218df', '36112a16-5035-40ac-b67b-a8e71d0413fd', '65ad1b41-8810-4226-a5a2-bddc330bc1ff', '2026-04-11 07:49:06.922732+00'),
	('47be4b46-d4fd-4e33-9f98-9b05c31fb4a2', '6db47d6b-6e2e-4886-a262-520a91854f4c', '3116ee84-6c9d-4fde-8bcc-49587655c52a', 'a884846b-1296-486a-ade8-e13c8df4fdab', '36112a16-5035-40ac-b67b-a8e71d0413fd', 'e1280e8c-5c24-4996-a4a3-ac7149e21182', '2026-04-11 07:49:58.455016+00'),
	('7ef46f8a-4a05-491f-85e0-71b2caf3b404', '6db47d6b-6e2e-4886-a262-520a91854f4c', '3116ee84-6c9d-4fde-8bcc-49587655c52a', 'e4c05f55-0662-471f-83f3-9a86e2a7b12f', '36112a16-5035-40ac-b67b-a8e71d0413fd', 'fca2f596-df4a-4d72-b73d-bf0db48f73f9', '2026-04-11 08:38:41.427928+00'),
	('0da2fa8c-9951-4b3f-9005-7bc56abbda7c', '6db47d6b-6e2e-4886-a262-520a91854f4c', '3116ee84-6c9d-4fde-8bcc-49587655c52a', 'fe31fbde-beb6-40b9-926a-af87e9cb7423', '36112a16-5035-40ac-b67b-a8e71d0413fd', '1c2528ce-4173-4b85-953e-d7d9c12fb751', '2026-04-11 09:02:27.688239+00'),
	('c2ae2a5c-f6b1-4029-8e40-f6ba3bb2eb2d', '6db47d6b-6e2e-4886-a262-520a91854f4c', '3116ee84-6c9d-4fde-8bcc-49587655c52a', '7166b021-81bf-4721-8258-45327e042072', '36112a16-5035-40ac-b67b-a8e71d0413fd', '680c9889-fa5d-4e02-a3df-63831fbc6545', '2026-04-12 03:49:59.106897+00'),
	('a952b989-6a4d-4f25-8d78-a11c68e868ea', '6db47d6b-6e2e-4886-a262-520a91854f4c', '3116ee84-6c9d-4fde-8bcc-49587655c52a', '821075d9-6ad5-4080-8a25-a61ec7b1226c', '36112a16-5035-40ac-b67b-a8e71d0413fd', '54998d6c-0492-4476-80d2-dc171920d663', '2026-04-12 03:52:42.440117+00'),
	('5fa17911-7451-486f-b0dc-bb400ef30cb4', '6db47d6b-6e2e-4886-a262-520a91854f4c', '3116ee84-6c9d-4fde-8bcc-49587655c52a', '62792ba2-8938-497a-98e1-49ece33b1f2d', '36112a16-5035-40ac-b67b-a8e71d0413fd', 'cbe4c4ee-e320-4af5-b6c0-8c8991486901', '2026-04-12 03:53:46.55045+00'),
	('9ac81397-9d79-4dc2-9bc7-e497d465f897', '6db47d6b-6e2e-4886-a262-520a91854f4c', '3116ee84-6c9d-4fde-8bcc-49587655c52a', 'd1036843-5092-4a86-9cc2-d7606d385425', '36112a16-5035-40ac-b67b-a8e71d0413fd', '52a8d930-4bb4-4ccd-b95f-dba40ea6358f', '2026-04-12 03:55:16.989642+00'),
	('757cb64b-c472-4a10-b8b7-d8dc59a64669', '6db47d6b-6e2e-4886-a262-520a91854f4c', '3116ee84-6c9d-4fde-8bcc-49587655c52a', '533b344e-b51e-4fd8-b04e-e22b1a635572', '36112a16-5035-40ac-b67b-a8e71d0413fd', '2ffc8caf-8a78-40a9-afae-61dc3a4874ae', '2026-04-12 11:35:29.861817+00'),
	('d6035c5f-37fd-42fc-adba-978bffba832a', '6db47d6b-6e2e-4886-a262-520a91854f4c', '3116ee84-6c9d-4fde-8bcc-49587655c52a', 'c045a0f3-5af7-4aef-bc98-c95ddca9b7e5', '36112a16-5035-40ac-b67b-a8e71d0413fd', '4c5f6063-ed23-4a96-8795-9aff963086c5', '2026-04-12 11:37:37.287624+00'),
	('ce9c37e2-8f61-4eab-9f40-da01153d47e3', '6db47d6b-6e2e-4886-a262-520a91854f4c', '3116ee84-6c9d-4fde-8bcc-49587655c52a', 'ae17bb83-7a9b-432d-8073-aa810d4c2a95', '36112a16-5035-40ac-b67b-a8e71d0413fd', '5343f627-fcd6-41b0-a65e-2292d8fd9309', '2026-04-12 11:51:37.526788+00'),
	('b6124b2b-1606-47ac-ba0b-2dba5f2e631f', '6db47d6b-6e2e-4886-a262-520a91854f4c', '3116ee84-6c9d-4fde-8bcc-49587655c52a', 'c07fb5e2-70a0-49b4-adba-66d6f37c5398', '36112a16-5035-40ac-b67b-a8e71d0413fd', '27355660-f68b-4ef2-b6cd-488ecd9bfb51', '2026-04-12 11:53:16.459381+00'),
	('ed86b93d-99fc-4f05-b5eb-bc618efcf251', '6db47d6b-6e2e-4886-a262-520a91854f4c', '3116ee84-6c9d-4fde-8bcc-49587655c52a', 'f34652a1-3ffc-4ef1-897a-1ed13c5df570', '36112a16-5035-40ac-b67b-a8e71d0413fd', '60096db5-f1a4-4e69-9987-26b154524598', '2026-04-13 08:50:04.349351+00'),
	('988a65f0-e8b6-4431-bddd-0df6118d57e2', '6db47d6b-6e2e-4886-a262-520a91854f4c', '3116ee84-6c9d-4fde-8bcc-49587655c52a', 'd4a11b82-fb15-43c3-8a04-11bc581f0fc4', '36112a16-5035-40ac-b67b-a8e71d0413fd', '624be382-452e-40fd-bdf1-38b2d88dbb73', '2026-04-13 09:22:41.001038+00'),
	('380e2c60-347d-4220-bde8-9c84413fbd92', '6db47d6b-6e2e-4886-a262-520a91854f4c', '3116ee84-6c9d-4fde-8bcc-49587655c52a', '25e8058e-3cfe-4554-82f0-cae4032608bf', '36112a16-5035-40ac-b67b-a8e71d0413fd', '27cbb714-5fc2-47e8-b202-cef4cce48149', '2026-04-14 08:46:53.035371+00'),
	('7d58d49c-c67a-42aa-9e80-41589438e7b3', '6db47d6b-6e2e-4886-a262-520a91854f4c', '3116ee84-6c9d-4fde-8bcc-49587655c52a', '635a0216-37a3-4393-86a2-f747f9dd1222', '36112a16-5035-40ac-b67b-a8e71d0413fd', '2e3f0c3f-3dd4-4982-b15f-09fb800eb955', '2026-04-14 08:47:42.873901+00'),
	('145e212f-d349-4c24-8076-d77f681010ea', '6db47d6b-6e2e-4886-a262-520a91854f4c', '3116ee84-6c9d-4fde-8bcc-49587655c52a', '0e4e0276-55cc-4907-bba5-9ca66d81528f', '36112a16-5035-40ac-b67b-a8e71d0413fd', '636a5c75-5204-4c03-8264-07a74385c960', '2026-04-15 02:15:46.928853+00'),
	('bf3c8291-dd6e-42a5-9dd2-13dfdf1fd0fa', '6db47d6b-6e2e-4886-a262-520a91854f4c', '3116ee84-6c9d-4fde-8bcc-49587655c52a', '9fd62365-1398-45dc-a928-63eca4eeb098', '36112a16-5035-40ac-b67b-a8e71d0413fd', '87bfc003-2c28-4e29-a33e-96be0a10e627', '2026-04-15 02:34:16.895349+00'),
	('0c899955-4dc5-43fb-a906-192e790eeeda', '6db47d6b-6e2e-4886-a262-520a91854f4c', '3116ee84-6c9d-4fde-8bcc-49587655c52a', 'c66fe349-d979-4393-be59-baff42395d40', '36112a16-5035-40ac-b67b-a8e71d0413fd', 'c343cb7c-3a4e-430b-94ba-abccf00cddf6', '2026-04-15 08:22:27.94488+00'),
	('e07e3979-f654-4103-a777-49511b442ebd', '6db47d6b-6e2e-4886-a262-520a91854f4c', '3116ee84-6c9d-4fde-8bcc-49587655c52a', '9c06452a-52d7-437a-aedf-ab926bdb7723', '36112a16-5035-40ac-b67b-a8e71d0413fd', 'dbf04c83-aca6-4b77-8457-a7c6b8d54073', '2026-04-15 08:24:55.368923+00'),
	('a2bbbc7d-67d5-4087-a208-47eb6337efef', '6db47d6b-6e2e-4886-a262-520a91854f4c', '3116ee84-6c9d-4fde-8bcc-49587655c52a', '3dd4bc66-0c26-4292-8fdb-49c756fc5caf', '36112a16-5035-40ac-b67b-a8e71d0413fd', '82643382-1b31-44c4-9f48-6e624f2256e5', '2026-04-15 13:43:22.562903+00'),
	('ef47ff44-640f-442a-9d61-8dac30c51f82', '6db47d6b-6e2e-4886-a262-520a91854f4c', '3116ee84-6c9d-4fde-8bcc-49587655c52a', 'd65ec6cd-6c63-45c0-8955-02444adf6719', '36112a16-5035-40ac-b67b-a8e71d0413fd', 'c1be4865-fcbf-4eb1-8a5e-85ee1fe9ae8a', '2026-04-15 13:45:01.437815+00'),
	('e2789cdb-99a2-49d7-bb4e-74c4ee3e978f', '6db47d6b-6e2e-4886-a262-520a91854f4c', '3116ee84-6c9d-4fde-8bcc-49587655c52a', 'a3165ef3-330d-4149-ba07-0ec573a363d8', '36112a16-5035-40ac-b67b-a8e71d0413fd', 'a63ba98f-71da-43b6-be82-a79bae548c8a', '2026-04-16 04:41:22.344497+00'),
	('b53c42fd-d3a9-44a6-9a11-02ea9af1428a', '6db47d6b-6e2e-4886-a262-520a91854f4c', '3116ee84-6c9d-4fde-8bcc-49587655c52a', '0dbb3c0d-9505-436e-84d4-4820a97db0d0', '36112a16-5035-40ac-b67b-a8e71d0413fd', '6089d684-1cc5-41d0-8f57-0406f7554092', '2026-04-16 04:42:27.00581+00'),
	('f56c47db-9402-46b9-aecc-815fbef0f978', '6db47d6b-6e2e-4886-a262-520a91854f4c', '3116ee84-6c9d-4fde-8bcc-49587655c52a', '6f809318-317d-4ae5-8044-44180d68deb3', '36112a16-5035-40ac-b67b-a8e71d0413fd', 'a2f84ea1-d683-4e4e-a586-daae092efd2d', '2026-04-16 10:03:12.171689+00'),
	('789cb72e-602d-42c9-9089-88e51eec8c5b', '6db47d6b-6e2e-4886-a262-520a91854f4c', '3116ee84-6c9d-4fde-8bcc-49587655c52a', 'd6a8ea50-9e5f-4361-ad52-2fdb3f840cfe', '36112a16-5035-40ac-b67b-a8e71d0413fd', 'caa2bc96-a94e-4c61-9bb4-7d245e135577', '2026-04-16 10:24:59.388978+00'),
	('755a8a99-50a3-4b3a-9e9b-5976b85a5fc1', '6db47d6b-6e2e-4886-a262-520a91854f4c', '3116ee84-6c9d-4fde-8bcc-49587655c52a', '4f3d1857-d185-4949-893e-30131bee0e4c', '36112a16-5035-40ac-b67b-a8e71d0413fd', 'e780369f-5365-4cbb-bb51-b1e0a4eadad7', '2026-04-16 10:25:56.272865+00'),
	('e619fa03-a25f-4785-977a-34a67ad46e86', '6db47d6b-6e2e-4886-a262-520a91854f4c', '3116ee84-6c9d-4fde-8bcc-49587655c52a', '82957107-910a-4481-a021-0dc1de41c0e7', '36112a16-5035-40ac-b67b-a8e71d0413fd', 'd1dd2831-b5e7-42aa-9391-433b163fcc0f', '2026-04-17 04:36:29.160008+00'),
	('51e59cad-b3e1-4610-9810-e901a203ac07', '6db47d6b-6e2e-4886-a262-520a91854f4c', '3116ee84-6c9d-4fde-8bcc-49587655c52a', '33f9fcc5-af73-41cf-8b9a-7b2eced731d2', '36112a16-5035-40ac-b67b-a8e71d0413fd', '936f61a4-934d-4468-b8d4-796226c4b894', '2026-04-17 05:11:59.303228+00'),
	('78f7cbcb-ff5f-45ca-88b5-cc9d7a502ca7', '6db47d6b-6e2e-4886-a262-520a91854f4c', '3116ee84-6c9d-4fde-8bcc-49587655c52a', '502d6c1e-a2b9-46a4-882d-909309447ecd', '36112a16-5035-40ac-b67b-a8e71d0413fd', 'abaf5493-e8a8-42cd-af86-c5b36816594b', '2026-04-17 07:08:29.74331+00'),
	('10223b02-8735-4bee-bebb-2b5adde6bc45', '6db47d6b-6e2e-4886-a262-520a91854f4c', '3116ee84-6c9d-4fde-8bcc-49587655c52a', '2c1e6d54-d9c0-4cdc-829c-80486036500c', '36112a16-5035-40ac-b67b-a8e71d0413fd', '4afdb683-26d9-4133-9688-4c0625b95fbe', '2026-04-17 07:09:25.753802+00'),
	('5aefd7fa-97fa-4ffa-abbf-4db47ccf484b', '6db47d6b-6e2e-4886-a262-520a91854f4c', '3116ee84-6c9d-4fde-8bcc-49587655c52a', 'e6d5a9e7-2b69-4814-80d7-58118683b555', '36112a16-5035-40ac-b67b-a8e71d0413fd', '2ff65314-1625-4dbf-bcb1-8e3b8519832e', '2026-04-17 10:53:08.689378+00'),
	('d21253af-c227-4015-b995-7af8566fe561', '6db47d6b-6e2e-4886-a262-520a91854f4c', '3116ee84-6c9d-4fde-8bcc-49587655c52a', '0442ba84-e424-4928-aed8-651c64090aeb', '36112a16-5035-40ac-b67b-a8e71d0413fd', 'c3a66c26-5acc-438d-b3ba-637676a7e77a', '2026-04-18 01:35:26.672081+00'),
	('2bd3ddc5-e1fc-4f16-ae33-712190bc82fd', '6db47d6b-6e2e-4886-a262-520a91854f4c', '3116ee84-6c9d-4fde-8bcc-49587655c52a', 'd52f86b4-601d-4861-a3e2-9eaf85b1972d', '36112a16-5035-40ac-b67b-a8e71d0413fd', 'a92e1fa6-0279-424e-ae90-26ab692336eb', '2026-04-18 03:42:18.1906+00'),
	('f6354bd9-5198-4533-bd95-841682eacaa0', '6db47d6b-6e2e-4886-a262-520a91854f4c', '3116ee84-6c9d-4fde-8bcc-49587655c52a', '7ae53c19-501b-4045-89b9-9bf905435205', '36112a16-5035-40ac-b67b-a8e71d0413fd', 'dd2ee3f9-4435-419d-b648-2eef822e6857', '2026-04-18 04:19:59.386596+00'),
	('d4f10130-54b1-48b0-bdc3-62e226333c53', '6db47d6b-6e2e-4886-a262-520a91854f4c', '3116ee84-6c9d-4fde-8bcc-49587655c52a', '08b67582-bd83-4a7e-9ce3-1a664b05284d', '36112a16-5035-40ac-b67b-a8e71d0413fd', '404bc0df-9255-4537-bb33-cd531a8f620f', '2026-04-18 06:19:53.096054+00'),
	('0e8d152a-007c-414e-94a7-5808cfff7f40', '6db47d6b-6e2e-4886-a262-520a91854f4c', '3116ee84-6c9d-4fde-8bcc-49587655c52a', '286664de-982b-4a07-b5d4-76894b8d5bb1', '36112a16-5035-40ac-b67b-a8e71d0413fd', '69f46f5b-d409-4494-9ba6-ba5b765c3d17', '2026-04-18 11:02:46.448414+00'),
	('837fe43b-e2a0-4924-a41a-f840f28b50f1', '6db47d6b-6e2e-4886-a262-520a91854f4c', '3116ee84-6c9d-4fde-8bcc-49587655c52a', '2e90590a-122d-4b1a-926a-e747e26afb01', '36112a16-5035-40ac-b67b-a8e71d0413fd', '341c93e3-c305-4a7a-8936-7295cae7adb0', '2026-04-18 13:53:57.010415+00'),
	('a04512e3-9c38-422b-8907-a30858fe8aa5', '6db47d6b-6e2e-4886-a262-520a91854f4c', '3116ee84-6c9d-4fde-8bcc-49587655c52a', '8022338d-53cd-43b3-b4b2-e925a44ea3ff', '36112a16-5035-40ac-b67b-a8e71d0413fd', 'bf11afc1-0f85-4d6e-b1af-64e6e93bd890', '2026-04-18 13:56:12.7151+00'),
	('db9da2e1-c1ce-4c0a-9ddb-a08169a4a8be', '6db47d6b-6e2e-4886-a262-520a91854f4c', '3116ee84-6c9d-4fde-8bcc-49587655c52a', 'e962bc13-8852-4547-b07e-dfa533d4203d', '36112a16-5035-40ac-b67b-a8e71d0413fd', '31b69e2c-9b73-4448-b5fc-ee32c20ed511', '2026-04-18 23:12:44.84064+00'),
	('55e62f23-a59d-43c6-bb6b-ca37b3871f0f', '6db47d6b-6e2e-4886-a262-520a91854f4c', '3116ee84-6c9d-4fde-8bcc-49587655c52a', 'ec035ce9-96e0-4855-b225-211c65783565', '36112a16-5035-40ac-b67b-a8e71d0413fd', 'a254ebaa-03b0-44ed-bb45-d9415bea81fd', '2026-04-18 23:16:13.717465+00'),
	('653f383b-5389-416f-a039-8f242eb47f75', '6db47d6b-6e2e-4886-a262-520a91854f4c', '3116ee84-6c9d-4fde-8bcc-49587655c52a', '2d2d4a1d-7d08-471c-96c9-7ff55c992365', '36112a16-5035-40ac-b67b-a8e71d0413fd', '8a5443b4-13db-4be4-9f78-8b005f41da8d', '2026-04-19 02:50:16.451385+00'),
	('320e8e7f-e9b2-438b-9a37-bfc2754359fd', '6db47d6b-6e2e-4886-a262-520a91854f4c', '3116ee84-6c9d-4fde-8bcc-49587655c52a', '928788a2-cccc-469d-b347-731cf41b3709', '36112a16-5035-40ac-b67b-a8e71d0413fd', 'bb207fcb-bb82-44ce-8b3d-533a19ffad85', '2026-04-19 02:52:06.67039+00'),
	('5efc803f-e584-489a-a528-f403049eb4f8', '6db47d6b-6e2e-4886-a262-520a91854f4c', '3116ee84-6c9d-4fde-8bcc-49587655c52a', '6eb7d3f3-af97-421e-bffe-48f88acb4d75', '36112a16-5035-40ac-b67b-a8e71d0413fd', '47191116-13c5-45ad-9b1a-2ef462e7f1fc', '2026-04-19 05:27:27.904601+00'),
	('2bf3d18d-74fb-4faf-a4cc-021fcb42c3b1', '6db47d6b-6e2e-4886-a262-520a91854f4c', '3116ee84-6c9d-4fde-8bcc-49587655c52a', 'aa67373e-5398-4b56-a1e9-ef9b824f1013', '36112a16-5035-40ac-b67b-a8e71d0413fd', '5601195c-1d26-4eb0-b275-5e2b267fb556', '2026-04-19 05:27:59.217689+00'),
	('66dcb809-08bc-4d96-8b74-e541beeb08ed', '6db47d6b-6e2e-4886-a262-520a91854f4c', '3116ee84-6c9d-4fde-8bcc-49587655c52a', 'acb041ce-5e41-4c6b-9725-83b968ab4ca6', '36112a16-5035-40ac-b67b-a8e71d0413fd', 'd1a71575-3b5a-4dfb-b8d0-6593b2ce77dd', '2026-04-20 02:11:00.77887+00'),
	('4e991672-79d7-413c-9843-1b1cf2e7bca6', '8516d948-4970-453a-912e-e984afabddb9', '3229bf4c-dde7-41fd-a8de-1ae02a223867', 'ffc070fa-f712-48a6-83a7-9bd20f821a83', '0038de03-b416-41fe-8a00-e2ee2602c52e', '95161d30-6a70-4ee7-a751-a45fa255e270', '2026-04-20 04:28:28.668261+00'),
	('a0798ab1-c50e-4d22-aa30-711862e93a93', '8516d948-4970-453a-912e-e984afabddb9', '3229bf4c-dde7-41fd-a8de-1ae02a223867', 'fe362830-1b22-454b-bcc9-55d592109d6f', '0038de03-b416-41fe-8a00-e2ee2602c52e', 'e9598840-1d17-4ec0-8319-386a06aa9d87', '2026-04-20 04:29:05.828047+00'),
	('8cfcbcb5-cc90-4124-be1e-87368f12b26b', '8516d948-4970-453a-912e-e984afabddb9', '3229bf4c-dde7-41fd-a8de-1ae02a223867', '54504449-179b-440e-a36d-aed2bcec3ed9', '0038de03-b416-41fe-8a00-e2ee2602c52e', 'cda6d541-ccad-413d-bd68-811fc5d64dd2', '2026-04-20 04:29:54.079871+00'),
	('4797c79a-8259-42c1-b5fc-0942afdc88fd', '6db47d6b-6e2e-4886-a262-520a91854f4c', '3116ee84-6c9d-4fde-8bcc-49587655c52a', '2750d935-8a11-4598-ae07-9b98a0a9dc87', '36112a16-5035-40ac-b67b-a8e71d0413fd', 'c018ea77-59fa-40fb-bff2-bdbf675bbca0', '2026-04-20 07:13:14.864717+00'),
	('ec421901-5d45-4a4d-a490-896583e35fcc', '6db47d6b-6e2e-4886-a262-520a91854f4c', '3116ee84-6c9d-4fde-8bcc-49587655c52a', 'fe43c6de-d6d4-4a4b-bc2f-b37374a7c532', '36112a16-5035-40ac-b67b-a8e71d0413fd', '0c12f730-1333-4366-b7d5-a8ececa7d5df', '2026-04-20 11:49:59.133773+00'),
	('e66a3f98-b27f-42ce-8436-fcfdfe6ee70e', '6db47d6b-6e2e-4886-a262-520a91854f4c', '3116ee84-6c9d-4fde-8bcc-49587655c52a', 'b861eda9-c883-4144-8baa-968737238b2d', '36112a16-5035-40ac-b67b-a8e71d0413fd', '9a91c0e6-0939-4fa5-9bca-6ff9fe4be39f', '2026-04-20 12:38:54.678434+00'),
	('5172dabe-1f6d-4ad9-b970-a3db1ce643c2', '6db47d6b-6e2e-4886-a262-520a91854f4c', '3116ee84-6c9d-4fde-8bcc-49587655c52a', 'a0f4d282-f0c0-42f7-b2e4-1e2cf9bdf8cd', '36112a16-5035-40ac-b67b-a8e71d0413fd', 'f667f151-b1cb-408b-b3d6-8b7cf1263dab', '2026-05-06 04:00:26.58016+00'),
	('033ee346-fca2-4d9f-8a21-2cd01e75a675', '6db47d6b-6e2e-4886-a262-520a91854f4c', '3116ee84-6c9d-4fde-8bcc-49587655c52a', '84e98186-b039-44fa-bb42-912fb1542606', '36112a16-5035-40ac-b67b-a8e71d0413fd', '52e3024f-dc88-4a1a-968a-5a46eeb79652', '2026-04-21 01:48:58.759982+00'),
	('696c46b1-e2b7-4d7b-bba4-765bf8a632ce', '6db47d6b-6e2e-4886-a262-520a91854f4c', '3116ee84-6c9d-4fde-8bcc-49587655c52a', '30efe5af-ca47-4126-9d15-113c077cddc9', '36112a16-5035-40ac-b67b-a8e71d0413fd', '2e425dc2-fba5-4edd-8a4c-0f826974c39a', '2026-04-21 01:50:53.181123+00'),
	('2693b79d-70dc-4283-b829-b4711b03066c', '6db47d6b-6e2e-4886-a262-520a91854f4c', '3116ee84-6c9d-4fde-8bcc-49587655c52a', '7789ca04-4471-4526-8aaf-913c8979a34a', '36112a16-5035-40ac-b67b-a8e71d0413fd', 'ab9e8eb5-bc94-491e-a55e-9978e5272e80', '2026-04-21 03:21:32.03059+00'),
	('7addb736-81b7-43e5-8e1a-6fb2cde426fc', '6db47d6b-6e2e-4886-a262-520a91854f4c', '3116ee84-6c9d-4fde-8bcc-49587655c52a', '989a55a8-cfa0-4bea-a48b-e4f302a7b620', '36112a16-5035-40ac-b67b-a8e71d0413fd', 'b137f08b-6318-481d-9003-a2775b1268ca', '2026-04-21 04:49:01.534256+00'),
	('9b795449-e47f-400d-8f49-3afc2eab7552', '6db47d6b-6e2e-4886-a262-520a91854f4c', '3116ee84-6c9d-4fde-8bcc-49587655c52a', '75850351-f901-4294-b230-df3ecdf82446', '36112a16-5035-40ac-b67b-a8e71d0413fd', 'dd6e8071-1cbc-49de-90c8-a24896f37588', '2026-04-21 06:06:52.359864+00'),
	('1e9a65e6-b42f-4f68-9aee-87aaa29b3201', '6db47d6b-6e2e-4886-a262-520a91854f4c', '3116ee84-6c9d-4fde-8bcc-49587655c52a', 'f7e5041f-c130-4277-8942-3eae85188392', '36112a16-5035-40ac-b67b-a8e71d0413fd', '9a95f81b-a1ed-4f9a-b318-3f883b848070', '2026-04-22 12:26:10.454809+00'),
	('b8463bb1-6449-4cbd-a0b0-3f5f44a84ac3', '6db47d6b-6e2e-4886-a262-520a91854f4c', '3116ee84-6c9d-4fde-8bcc-49587655c52a', '7b95f1ce-3b38-4ad1-bf61-40b17d019c1b', '36112a16-5035-40ac-b67b-a8e71d0413fd', '5f03124b-fd58-4457-b2ab-89038b32d86c', '2026-04-22 12:27:31.166841+00'),
	('663a391f-965f-432a-9ddb-bbb8ad61f1c9', '6db47d6b-6e2e-4886-a262-520a91854f4c', '3116ee84-6c9d-4fde-8bcc-49587655c52a', 'b78e221b-a0a9-456b-8802-5b15bbf1ef07', '36112a16-5035-40ac-b67b-a8e71d0413fd', 'e5713974-2df0-4fe3-a959-25d64a2abdc0', '2026-04-22 13:22:01.375941+00'),
	('1f5b9e58-fdfe-400e-abed-8f7a27deb852', '6db47d6b-6e2e-4886-a262-520a91854f4c', '3116ee84-6c9d-4fde-8bcc-49587655c52a', '4bc07a0e-c772-4943-b08f-46b40b929d30', '36112a16-5035-40ac-b67b-a8e71d0413fd', '1785077d-ea58-4506-96e0-f5a230ca1618', '2026-04-22 15:41:01.944731+00'),
	('0105e61c-10c0-4269-981e-0e9e84a7ee77', '6db47d6b-6e2e-4886-a262-520a91854f4c', '3116ee84-6c9d-4fde-8bcc-49587655c52a', '229c763c-52e5-42a5-a7d0-1fb482690321', '36112a16-5035-40ac-b67b-a8e71d0413fd', '6f4c03b6-2ee9-4ec8-88e9-71296df6390f', '2026-04-22 15:41:35.781123+00'),
	('91cc35ff-98d1-4712-81df-1eae1cdf2a86', '6db47d6b-6e2e-4886-a262-520a91854f4c', '3116ee84-6c9d-4fde-8bcc-49587655c52a', '390b3661-8341-4f8c-9061-f6dbc77fc400', '36112a16-5035-40ac-b67b-a8e71d0413fd', 'ec0a29a6-139a-4ed0-aa93-5d7e0497f6c3', '2026-04-22 15:42:56.738465+00'),
	('dae920f4-d173-4d31-bc88-8505cb4328d4', '6db47d6b-6e2e-4886-a262-520a91854f4c', '3116ee84-6c9d-4fde-8bcc-49587655c52a', 'b376c4d6-4ac2-4875-b7f8-571dd63e72d7', '36112a16-5035-40ac-b67b-a8e71d0413fd', 'e2431dc9-a100-4809-b746-2ea9fe820c69', '2026-04-23 02:34:47.715559+00'),
	('b671e5c9-5522-41b8-bf20-81d1392d86fd', '6db47d6b-6e2e-4886-a262-520a91854f4c', '3116ee84-6c9d-4fde-8bcc-49587655c52a', '3e3befd9-60d5-4c43-acf5-ffee30a01003', '36112a16-5035-40ac-b67b-a8e71d0413fd', '2cd52094-3012-42be-8677-7db198f157b8', '2026-04-23 02:37:42.34109+00'),
	('772bf27b-422e-43e1-864f-eee98a846a90', '6db47d6b-6e2e-4886-a262-520a91854f4c', '3116ee84-6c9d-4fde-8bcc-49587655c52a', 'eacbb91a-b6c2-4628-aac1-51dd308d72df', '36112a16-5035-40ac-b67b-a8e71d0413fd', '2e05b299-1ac2-4bae-9863-685ad1b3e511', '2026-04-23 04:16:25.202355+00'),
	('762352b3-37b1-4cfd-b3ad-71ab7d2b35a7', '6db47d6b-6e2e-4886-a262-520a91854f4c', '3116ee84-6c9d-4fde-8bcc-49587655c52a', '0258a784-3c41-4393-bb38-2e064a745232', '36112a16-5035-40ac-b67b-a8e71d0413fd', '4a687c56-6099-452a-a6ec-4ff01a3684a2', '2026-04-23 06:15:10.465079+00'),
	('18c2c4ac-0db7-4dd8-9842-6e1e56546dd4', '6db47d6b-6e2e-4886-a262-520a91854f4c', '3116ee84-6c9d-4fde-8bcc-49587655c52a', 'b0bf28ff-b8aa-47f1-8af7-5d1a53caabf7', '36112a16-5035-40ac-b67b-a8e71d0413fd', '7d8a4b50-96a8-46bd-bf52-98ed0281a1f5', '2026-04-23 06:25:56.697324+00'),
	('0621bf16-1140-441a-9aba-c541b978fc21', '6db47d6b-6e2e-4886-a262-520a91854f4c', '3116ee84-6c9d-4fde-8bcc-49587655c52a', 'd67764e9-089b-459c-85f5-c979c13d09d5', '36112a16-5035-40ac-b67b-a8e71d0413fd', '3d9ff059-2e0f-4686-8b9d-6e2d9c16930b', '2026-04-23 07:48:11.272275+00'),
	('614cff9c-fc67-4a90-bd5c-5467cc744bbb', '6db47d6b-6e2e-4886-a262-520a91854f4c', '3116ee84-6c9d-4fde-8bcc-49587655c52a', '1b27518d-d7f4-48ec-97a9-8fa4e9119071', '36112a16-5035-40ac-b67b-a8e71d0413fd', 'b35d19b3-0987-43d0-a0c3-056ff3e78a31', '2026-04-23 09:44:47.612457+00'),
	('f128425a-76c9-4498-a7d9-34b7e7dbaf64', '6db47d6b-6e2e-4886-a262-520a91854f4c', '3116ee84-6c9d-4fde-8bcc-49587655c52a', '1591d741-867b-4c24-b48d-ae53f615cf8f', '36112a16-5035-40ac-b67b-a8e71d0413fd', '86c3b396-c4b1-4e35-8b03-851128aeef13', '2026-04-23 09:45:54.813868+00'),
	('a3da6a18-df94-4024-96f7-7ccfcfd1f8a9', '6db47d6b-6e2e-4886-a262-520a91854f4c', '3116ee84-6c9d-4fde-8bcc-49587655c52a', 'b9d01b4c-7947-4e77-b54e-27b64a9ad586', '36112a16-5035-40ac-b67b-a8e71d0413fd', '44b7fce4-1cbb-493e-b13b-a3f468576c3a', '2026-04-24 02:45:49.606483+00'),
	('75e372f1-1620-444b-9119-abce825a5b23', '6db47d6b-6e2e-4886-a262-520a91854f4c', '3116ee84-6c9d-4fde-8bcc-49587655c52a', '399b6e34-4a18-446e-9b85-93a700531c98', '36112a16-5035-40ac-b67b-a8e71d0413fd', '21ae9921-f0b5-4741-874a-f4c85cce546f', '2026-04-24 02:46:50.030704+00'),
	('ab365b85-7994-40ed-8cf4-3aa8a6f9a516', '6db47d6b-6e2e-4886-a262-520a91854f4c', '3116ee84-6c9d-4fde-8bcc-49587655c52a', 'cd2a77c5-7d07-4b6a-a66a-c9a84de69e60', '36112a16-5035-40ac-b67b-a8e71d0413fd', '8263ad53-1f03-430d-86a6-7aeb570d4a68', '2026-04-24 02:54:35.636744+00'),
	('b8cca0bf-1d54-4735-9a4e-cc1a586a3862', '6db47d6b-6e2e-4886-a262-520a91854f4c', '3116ee84-6c9d-4fde-8bcc-49587655c52a', 'ea63bf86-a17a-4144-92cd-82e505860da8', '36112a16-5035-40ac-b67b-a8e71d0413fd', '2fc1fdad-e83c-4339-bb65-7d03ab9cb1f3', '2026-04-24 04:22:06.072737+00'),
	('b3c95dd5-cbf8-41c0-9f2c-92e166ff6730', '6db47d6b-6e2e-4886-a262-520a91854f4c', '3116ee84-6c9d-4fde-8bcc-49587655c52a', 'eb9d0e1e-5da1-4da7-955d-b5e4f01c7f53', '36112a16-5035-40ac-b67b-a8e71d0413fd', '9b103bd9-467f-49e6-befb-1c46399d8ca0', '2026-04-24 04:52:26.974385+00'),
	('d1b0c700-20c2-4b46-aab0-9ff075b2e570', '6db47d6b-6e2e-4886-a262-520a91854f4c', '3116ee84-6c9d-4fde-8bcc-49587655c52a', '7face886-9b11-4377-9d48-9d8bef87cde8', '36112a16-5035-40ac-b67b-a8e71d0413fd', 'aa15ffd3-2ce0-4410-92ae-bb7860cf4e50', '2026-04-24 05:43:18.641353+00'),
	('880c06be-b967-4f66-bfe5-5233a626c3b6', '6db47d6b-6e2e-4886-a262-520a91854f4c', '3116ee84-6c9d-4fde-8bcc-49587655c52a', '5fc03a29-64de-46af-9532-d7b9213dbd4e', '36112a16-5035-40ac-b67b-a8e71d0413fd', 'd29e91a9-3ae1-410e-8149-3aa8ff1cf377', '2026-04-24 11:17:08.319714+00'),
	('5efad2d5-4da0-4639-a774-c59f59756b8f', '6db47d6b-6e2e-4886-a262-520a91854f4c', '3116ee84-6c9d-4fde-8bcc-49587655c52a', 'dbb448bd-0436-4e0b-a269-c30664b1261e', '36112a16-5035-40ac-b67b-a8e71d0413fd', '5345b915-15e0-4dd2-a0dc-a96e9635c38e', '2026-04-25 06:01:48.441017+00'),
	('ebecaa80-8684-4fb9-b430-21ae55cb4d4b', '6db47d6b-6e2e-4886-a262-520a91854f4c', '3116ee84-6c9d-4fde-8bcc-49587655c52a', 'f56a2acd-981f-4176-9478-1b6ec5d3d94d', '36112a16-5035-40ac-b67b-a8e71d0413fd', '3ed138a0-74d0-4c82-91a9-32b65925540f', '2026-04-25 07:19:42.541394+00'),
	('d242b8a7-e6bb-4c04-88bd-bf759a50882c', '6db47d6b-6e2e-4886-a262-520a91854f4c', '3116ee84-6c9d-4fde-8bcc-49587655c52a', '7208f962-b35b-4002-b893-74ebc4b3686a', '36112a16-5035-40ac-b67b-a8e71d0413fd', '646ffc5f-561e-4583-8619-3995c8dc13b4', '2026-04-25 11:48:34.280083+00'),
	('a8f06bae-0b34-445d-b365-ee96e780766d', '6db47d6b-6e2e-4886-a262-520a91854f4c', '3116ee84-6c9d-4fde-8bcc-49587655c52a', '7c51249b-099a-44ac-82c0-ef540c71dbd6', '36112a16-5035-40ac-b67b-a8e71d0413fd', '5715e920-2bf2-45b6-8f67-77c0cb31668a', '2026-04-26 06:53:44.989079+00'),
	('9bd74ed4-2cb5-406a-8927-aec996bef392', '6db47d6b-6e2e-4886-a262-520a91854f4c', '3116ee84-6c9d-4fde-8bcc-49587655c52a', '9f71ccca-b629-4fd4-b8a4-7697c1a5ad32', '36112a16-5035-40ac-b67b-a8e71d0413fd', '212bde1f-c78c-4dbc-a5c0-07ac803d69a0', '2026-04-26 12:34:56.700914+00'),
	('ff14e8c9-d2fa-416d-b701-32cfd287f7be', '6db47d6b-6e2e-4886-a262-520a91854f4c', '3116ee84-6c9d-4fde-8bcc-49587655c52a', 'ae48a35a-4204-4e74-8dd3-1f3bfe0be4de', '36112a16-5035-40ac-b67b-a8e71d0413fd', '4825dfeb-ea0d-43f5-be5f-da944178464d', '2026-04-26 12:56:28.129048+00'),
	('2ea75b69-9e22-4967-9e40-147fba95a0c7', '6db47d6b-6e2e-4886-a262-520a91854f4c', '3116ee84-6c9d-4fde-8bcc-49587655c52a', 'b7f0a99f-59b9-4b25-9925-b17c550bbc7a', '36112a16-5035-40ac-b67b-a8e71d0413fd', 'e7de4e80-c9fe-4603-8512-c2ed9fc5d225', '2026-04-27 01:50:35.012381+00'),
	('ce801a5a-b587-4ce5-ae45-8640df8108ce', '6db47d6b-6e2e-4886-a262-520a91854f4c', '3116ee84-6c9d-4fde-8bcc-49587655c52a', 'fa3d857f-66aa-46ba-9f51-c415af8f8272', '36112a16-5035-40ac-b67b-a8e71d0413fd', '41a63d63-0fda-415f-8977-9bf71ac8a552', '2026-04-27 05:09:11.421785+00'),
	('2e1c1628-2b2d-4cd3-a008-8766fbac89a0', '6db47d6b-6e2e-4886-a262-520a91854f4c', '3116ee84-6c9d-4fde-8bcc-49587655c52a', 'df6f5848-6a8f-489d-a4c7-64738eabcd06', '36112a16-5035-40ac-b67b-a8e71d0413fd', 'fb7177ba-fd7c-4d0e-9846-a59801aecea0', '2026-04-27 06:24:26.094203+00'),
	('77de475b-3767-417f-842d-9286f13ce1cd', '6db47d6b-6e2e-4886-a262-520a91854f4c', '3116ee84-6c9d-4fde-8bcc-49587655c52a', 'f72c1cbe-ef76-4029-a295-879b13991193', '36112a16-5035-40ac-b67b-a8e71d0413fd', '6aff85e2-37b9-49ee-b4cf-375b5a676c5e', '2026-04-28 02:26:12.087573+00'),
	('8db1b546-2c4b-4c1e-b609-6a7b82928705', '6db47d6b-6e2e-4886-a262-520a91854f4c', '3116ee84-6c9d-4fde-8bcc-49587655c52a', '6edb691a-f23a-4a75-b3d4-d3b76d1f1d80', '36112a16-5035-40ac-b67b-a8e71d0413fd', '91e2f347-f18b-4567-9227-8ac8d6599d7f', '2026-04-28 02:27:15.551504+00'),
	('2e56bd15-6192-45e6-afba-063f61325bd2', '6db47d6b-6e2e-4886-a262-520a91854f4c', '3116ee84-6c9d-4fde-8bcc-49587655c52a', '634c612b-d093-46a3-8775-f60063ce851f', '36112a16-5035-40ac-b67b-a8e71d0413fd', '91ba86c3-d652-4e1f-9118-291ee3e7ef13', '2026-04-28 03:40:05.966525+00'),
	('a6c1d00f-21c0-4d70-a660-3ee981cbaeea', '6db47d6b-6e2e-4886-a262-520a91854f4c', '3116ee84-6c9d-4fde-8bcc-49587655c52a', '6e9f63ba-bac1-4a8c-a80e-d7e9b565819d', '36112a16-5035-40ac-b67b-a8e71d0413fd', '69951496-537e-4fa5-b3a5-6a762b4fa9cc', '2026-04-28 11:44:54.130674+00'),
	('8095bc50-07ef-4ab3-9f75-42e16f1be12f', '6db47d6b-6e2e-4886-a262-520a91854f4c', '3116ee84-6c9d-4fde-8bcc-49587655c52a', 'cda7917f-d261-4a7c-8826-7e431b597847', '36112a16-5035-40ac-b67b-a8e71d0413fd', '47da4ade-43dc-46f7-9f35-f82731bd4881', '2026-04-28 11:45:34.530915+00'),
	('1912691b-ef06-44b5-995f-23c03248104e', '6db47d6b-6e2e-4886-a262-520a91854f4c', '3116ee84-6c9d-4fde-8bcc-49587655c52a', '4b71aba1-56a4-479e-aa5a-40010ad871ff', '36112a16-5035-40ac-b67b-a8e71d0413fd', '93cf5765-40fb-4699-b926-3685821df8dc', '2026-04-29 01:54:00.869174+00'),
	('b893f7e2-d548-4ee3-ba2f-791b1a26d1b9', '6db47d6b-6e2e-4886-a262-520a91854f4c', '3116ee84-6c9d-4fde-8bcc-49587655c52a', '64aca02c-24fb-4260-99fb-f0924eda87fb', '36112a16-5035-40ac-b67b-a8e71d0413fd', '07c400f2-2fe6-4fce-afe1-1684f574c08b', '2026-04-29 01:55:12.388701+00'),
	('1cc7a284-ba5a-4d5f-b914-7c63ee4433ac', '6db47d6b-6e2e-4886-a262-520a91854f4c', '3116ee84-6c9d-4fde-8bcc-49587655c52a', 'bf9bf5fd-7b15-44d0-9e44-1051cef5d810', '36112a16-5035-40ac-b67b-a8e71d0413fd', '92eb4e3d-4d46-4fa7-8b4f-707655507893', '2026-04-29 06:06:24.044584+00'),
	('0255a457-14b6-4e8e-b53c-b50259b91f14', '6db47d6b-6e2e-4886-a262-520a91854f4c', '3116ee84-6c9d-4fde-8bcc-49587655c52a', 'b96216ef-a6a4-4c67-9879-e48b6bb02841', '36112a16-5035-40ac-b67b-a8e71d0413fd', 'c2bb5feb-33d7-4cc2-bb80-4cb326f6f43d', '2026-04-30 01:15:12.208664+00'),
	('473b4139-242a-4d43-bbd8-fa28e3ddea33', '6db47d6b-6e2e-4886-a262-520a91854f4c', '3116ee84-6c9d-4fde-8bcc-49587655c52a', 'd98afd12-a4e3-4720-b1ae-87e171089704', '36112a16-5035-40ac-b67b-a8e71d0413fd', '5d7745bc-804c-438f-a5a1-0bb004483c25', '2026-04-30 05:25:16.528777+00'),
	('898149f9-4916-463d-811e-76268117c5e5', '6db47d6b-6e2e-4886-a262-520a91854f4c', '3116ee84-6c9d-4fde-8bcc-49587655c52a', 'e8415df7-9703-443f-a898-59907f032afe', '36112a16-5035-40ac-b67b-a8e71d0413fd', 'e9de9e78-4d0b-404d-a2cc-b31beaf685ec', '2026-04-30 06:14:59.689107+00'),
	('22bd6971-50a6-4123-8738-e52df5ba7edb', '6db47d6b-6e2e-4886-a262-520a91854f4c', '3116ee84-6c9d-4fde-8bcc-49587655c52a', 'd08451a1-4377-4ccd-9747-1887aff2db50', '36112a16-5035-40ac-b67b-a8e71d0413fd', '415f9726-2262-45d5-a370-dae901f2d419', '2026-05-01 12:18:41.780634+00'),
	('556e2d3a-4c27-469e-83dd-25427faa41c1', '6db47d6b-6e2e-4886-a262-520a91854f4c', '3116ee84-6c9d-4fde-8bcc-49587655c52a', 'a29c0d04-3404-4cdf-a234-5f60aa37e3c7', '36112a16-5035-40ac-b67b-a8e71d0413fd', 'c50b94b2-2af3-41b2-9e1a-58e80e6f55b2', '2026-05-02 11:30:03.470382+00'),
	('244d327d-7c6b-4e8f-9348-52f5f4a82d8a', '6db47d6b-6e2e-4886-a262-520a91854f4c', '3116ee84-6c9d-4fde-8bcc-49587655c52a', '84fc3df5-0aed-41d8-bc0e-d0818fe28c7e', '36112a16-5035-40ac-b67b-a8e71d0413fd', '4832b84d-719d-4f98-b4a6-4e9663d2e08c', '2026-05-02 11:30:55.807565+00'),
	('ca5616de-88d8-4ddd-af3b-64e6105cadc1', '6db47d6b-6e2e-4886-a262-520a91854f4c', '3116ee84-6c9d-4fde-8bcc-49587655c52a', '88204749-78e9-41f7-9eaf-f87163e37427', '36112a16-5035-40ac-b67b-a8e71d0413fd', 'f2ecfba0-37f5-4a78-83c9-9513457f7822', '2026-05-02 13:38:57.056235+00'),
	('bfcf4f8e-e070-4f4a-857b-41332449130a', '6db47d6b-6e2e-4886-a262-520a91854f4c', '3116ee84-6c9d-4fde-8bcc-49587655c52a', '10ab99df-2a9c-4f99-9dad-ce1ec4246f12', '36112a16-5035-40ac-b67b-a8e71d0413fd', '496bb10c-00ff-4370-9fd7-ed67fb041d06', '2026-05-02 13:39:37.473903+00'),
	('510e429a-54cf-44f1-9e6a-302f69b03ac7', '6db47d6b-6e2e-4886-a262-520a91854f4c', '3116ee84-6c9d-4fde-8bcc-49587655c52a', '90fe6b10-080f-4a2d-8d7a-959671445110', '36112a16-5035-40ac-b67b-a8e71d0413fd', 'ea45ea61-cd9c-4ef1-8aa5-78f4e9d774b3', '2026-05-04 09:34:21.121026+00'),
	('54080c0a-f450-4672-82c9-1285b992b544', '6db47d6b-6e2e-4886-a262-520a91854f4c', '3116ee84-6c9d-4fde-8bcc-49587655c52a', '2f4fc880-3965-4c3f-9d32-8b75d0f48d2e', '36112a16-5035-40ac-b67b-a8e71d0413fd', '265e488e-bb05-48d2-adf7-dc4e2f56f5bb', '2026-05-05 04:47:22.153014+00'),
	('5324f981-be2e-47fd-9162-f9959f5838b9', '6db47d6b-6e2e-4886-a262-520a91854f4c', '3116ee84-6c9d-4fde-8bcc-49587655c52a', '6b26548d-8856-4505-b970-fa092dbe77d9', '36112a16-5035-40ac-b67b-a8e71d0413fd', '9748cc91-2c27-4e7f-9e7d-28682c56e267', '2026-05-05 04:48:34.551624+00'),
	('25784bc0-e5f3-4093-8c44-5a0b59fefd00', '6db47d6b-6e2e-4886-a262-520a91854f4c', '3116ee84-6c9d-4fde-8bcc-49587655c52a', '59146840-e959-44ed-a8a5-cdb405619239', '36112a16-5035-40ac-b67b-a8e71d0413fd', 'e246fcbb-a327-4090-bfab-6cf6638d0314', '2026-05-05 13:34:31.973935+00'),
	('4cd608bb-451b-4753-bc63-5695618b76f9', '6db47d6b-6e2e-4886-a262-520a91854f4c', '3116ee84-6c9d-4fde-8bcc-49587655c52a', '1e3132c4-c4f2-45ba-9b08-811fe66673bb', '36112a16-5035-40ac-b67b-a8e71d0413fd', 'd81c69a2-06d4-4fd1-ad28-f20086797640', '2026-05-05 15:57:29.659142+00'),
	('f49d2f3e-c0a4-49be-be56-c4cb7eb8de78', '6db47d6b-6e2e-4886-a262-520a91854f4c', '3116ee84-6c9d-4fde-8bcc-49587655c52a', '92ef7b3f-bdf1-4f27-bebb-60964b3301d0', '36112a16-5035-40ac-b67b-a8e71d0413fd', '5095acc7-afab-4925-b79a-3954194251df', '2026-05-06 03:09:19.951539+00'),
	('a5bdd8b3-237c-4858-9110-dbf1f0d17068', '6db47d6b-6e2e-4886-a262-520a91854f4c', '3116ee84-6c9d-4fde-8bcc-49587655c52a', 'fc8dcd0d-b760-4b31-af47-39aed88686e9', '36112a16-5035-40ac-b67b-a8e71d0413fd', 'c9598a56-0b94-4c92-ab09-c5a7c1ccf4da', '2026-05-06 03:49:25.510902+00'),
	('2f1ae9bd-3970-474a-9246-6060d6ac31c5', '6db47d6b-6e2e-4886-a262-520a91854f4c', '3116ee84-6c9d-4fde-8bcc-49587655c52a', 'ac5c2cbb-32bd-46eb-9276-39c2f86250df', '36112a16-5035-40ac-b67b-a8e71d0413fd', '370b70bd-4557-4b41-944b-b9ef42f91a04', '2026-05-06 03:50:05.876341+00'),
	('345cbcb6-6a22-4e83-a175-999b4037cf58', '6db47d6b-6e2e-4886-a262-520a91854f4c', '3116ee84-6c9d-4fde-8bcc-49587655c52a', '3f52d580-4a0f-4203-9e63-ab442b27c1e7', '36112a16-5035-40ac-b67b-a8e71d0413fd', 'ab07338b-dc3f-448f-93cd-134ec730e324', '2026-05-06 03:58:52.936422+00'),
	('cd17165d-afb6-46f0-b12d-deeb42ceb705', '6db47d6b-6e2e-4886-a262-520a91854f4c', '3116ee84-6c9d-4fde-8bcc-49587655c52a', 'f00e79f7-dbb9-452b-9fa0-46bc9bb195be', '36112a16-5035-40ac-b67b-a8e71d0413fd', '0739026a-0a44-482c-8e9c-dd3dd5f055ff', '2026-05-06 03:59:15.273275+00'),
	('fcc36060-08af-4f89-ac7c-f04dd9582888', '6db47d6b-6e2e-4886-a262-520a91854f4c', '3116ee84-6c9d-4fde-8bcc-49587655c52a', 'acd738a5-1863-4ce0-9a41-0c3fd32d10a0', '36112a16-5035-40ac-b67b-a8e71d0413fd', '0d75991f-9ca5-4608-add7-7f7b2b015f46', '2026-05-06 04:00:44.14925+00');


--
-- Data for Name: trip_expense_shares; Type: TABLE DATA; Schema: public; Owner: postgres
--

INSERT INTO "public"."trip_expense_shares" ("id", "user_id", "expense_id", "member_id", "share_amount", "created_at", "trip_id") VALUES
	('a202063f-3f5b-4edc-b14c-02b8d23bf84d', '6db47d6b-6e2e-4886-a262-520a91854f4c', '86b3776f-5c2a-439e-b8fa-f6694c60a4c4', '43bfd220-fa8f-4dab-804a-14a3051f6c7c', 155, '2026-02-18 14:15:19.309121+00', '106e2175-afdb-4a80-b5e0-bebbbaa7dc2e'),
	('7dbe3073-68af-4d94-953b-709f8639f39e', '6db47d6b-6e2e-4886-a262-520a91854f4c', '86b3776f-5c2a-439e-b8fa-f6694c60a4c4', 'a2848efc-39b2-4409-b6b9-466865a28c21', 20, '2026-02-18 14:15:19.309121+00', '106e2175-afdb-4a80-b5e0-bebbbaa7dc2e'),
	('5df7c9af-dc2f-46fc-ad97-aa8b3ca5fa09', '6db47d6b-6e2e-4886-a262-520a91854f4c', '8d9dac74-e968-4a7a-bed4-c8b9ecffe733', '36112a16-5035-40ac-b67b-a8e71d0413fd', 550, '2026-04-07 13:19:34.910325+00', '3116ee84-6c9d-4fde-8bcc-49587655c52a'),
	('6709d9e4-575c-4d2a-a742-2b2c83b6b356', '6db47d6b-6e2e-4886-a262-520a91854f4c', '8d9dac74-e968-4a7a-bed4-c8b9ecffe733', '12a19452-da8e-45bf-a344-48e3abbe740d', 550, '2026-04-07 13:19:34.910325+00', '3116ee84-6c9d-4fde-8bcc-49587655c52a'),
	('b5f56656-c6e8-4c0b-a652-73e9fe083379', '6db47d6b-6e2e-4886-a262-520a91854f4c', 'fae723a4-b5c3-48e2-bf5a-20de1c18915a', '43bfd220-fa8f-4dab-804a-14a3051f6c7c', 310, '2026-02-18 15:03:05.596281+00', '106e2175-afdb-4a80-b5e0-bebbbaa7dc2e'),
	('31ad4b86-376c-45fe-90dd-afc6a5f016ca', '6db47d6b-6e2e-4886-a262-520a91854f4c', 'fae723a4-b5c3-48e2-bf5a-20de1c18915a', 'a2848efc-39b2-4409-b6b9-466865a28c21', 600, '2026-02-18 15:03:05.596281+00', '106e2175-afdb-4a80-b5e0-bebbbaa7dc2e'),
	('467d9834-cd71-41a4-b49c-186db5c4c764', '6db47d6b-6e2e-4886-a262-520a91854f4c', '047d9ef5-2ed6-4d0b-b8af-4daf0c445346', '43bfd220-fa8f-4dab-804a-14a3051f6c7c', 166.5, '2026-02-19 04:58:56.62392+00', '106e2175-afdb-4a80-b5e0-bebbbaa7dc2e'),
	('a51fcbdd-f761-4961-9806-5f3b144c3689', '6db47d6b-6e2e-4886-a262-520a91854f4c', '047d9ef5-2ed6-4d0b-b8af-4daf0c445346', 'a2848efc-39b2-4409-b6b9-466865a28c21', 166.5, '2026-02-19 04:58:56.62392+00', '106e2175-afdb-4a80-b5e0-bebbbaa7dc2e'),
	('f4102945-85f7-47eb-8eaf-97b070808e53', '6db47d6b-6e2e-4886-a262-520a91854f4c', '7068eb94-1bca-4e78-93d7-138a6d545e24', '43bfd220-fa8f-4dab-804a-14a3051f6c7c', 255, '2026-02-19 04:59:20.789899+00', '106e2175-afdb-4a80-b5e0-bebbbaa7dc2e'),
	('e11b9db3-e90c-4d93-976f-79f15950f6c7', '6db47d6b-6e2e-4886-a262-520a91854f4c', '7068eb94-1bca-4e78-93d7-138a6d545e24', 'a2848efc-39b2-4409-b6b9-466865a28c21', 255, '2026-02-19 04:59:20.789899+00', '106e2175-afdb-4a80-b5e0-bebbbaa7dc2e'),
	('6cd92d1f-63c9-4ae0-9f19-624242cee7b1', '6db47d6b-6e2e-4886-a262-520a91854f4c', '9663e5eb-9e8f-47a9-82ab-0258b5a1566f', '43bfd220-fa8f-4dab-804a-14a3051f6c7c', 70, '2026-02-19 05:00:26.990091+00', '106e2175-afdb-4a80-b5e0-bebbbaa7dc2e'),
	('964d5d76-cc32-4546-b685-d86a6e78c5f8', '6db47d6b-6e2e-4886-a262-520a91854f4c', '9663e5eb-9e8f-47a9-82ab-0258b5a1566f', 'a2848efc-39b2-4409-b6b9-466865a28c21', 70, '2026-02-19 05:00:26.990091+00', '106e2175-afdb-4a80-b5e0-bebbbaa7dc2e'),
	('59fffc62-c816-4249-b8c7-ea004f382ca6', '6db47d6b-6e2e-4886-a262-520a91854f4c', '09425477-0908-4bda-a4a6-c6b93d03d0ce', '43bfd220-fa8f-4dab-804a-14a3051f6c7c', 200, '2026-02-19 05:00:51.320759+00', '106e2175-afdb-4a80-b5e0-bebbbaa7dc2e'),
	('d39dd93d-e33c-4e5d-99f3-56e2838c8f69', '6db47d6b-6e2e-4886-a262-520a91854f4c', '09425477-0908-4bda-a4a6-c6b93d03d0ce', 'a2848efc-39b2-4409-b6b9-466865a28c21', 200, '2026-02-19 05:00:51.320759+00', '106e2175-afdb-4a80-b5e0-bebbbaa7dc2e'),
	('2f8d5771-ba83-4010-ae9b-a68ba8e79151', '6db47d6b-6e2e-4886-a262-520a91854f4c', 'cb1c19b1-5f19-4026-b980-1649483207a0', '43bfd220-fa8f-4dab-804a-14a3051f6c7c', 70, '2026-02-19 05:01:14.682051+00', '106e2175-afdb-4a80-b5e0-bebbbaa7dc2e'),
	('011d74fd-85f1-45ae-addf-f0c58a754829', '6db47d6b-6e2e-4886-a262-520a91854f4c', 'cb1c19b1-5f19-4026-b980-1649483207a0', 'a2848efc-39b2-4409-b6b9-466865a28c21', 70, '2026-02-19 05:01:14.682051+00', '106e2175-afdb-4a80-b5e0-bebbbaa7dc2e'),
	('c1d7b182-853e-4954-880c-f4ce7c940390', '6db47d6b-6e2e-4886-a262-520a91854f4c', '65182afb-9023-458a-9099-69c4d91c4da6', '43bfd220-fa8f-4dab-804a-14a3051f6c7c', 70, '2026-02-19 05:01:28.474792+00', '106e2175-afdb-4a80-b5e0-bebbbaa7dc2e'),
	('9b361487-b708-4d18-afa5-56314cd46640', '6db47d6b-6e2e-4886-a262-520a91854f4c', '65182afb-9023-458a-9099-69c4d91c4da6', 'a2848efc-39b2-4409-b6b9-466865a28c21', 70, '2026-02-19 05:01:28.474792+00', '106e2175-afdb-4a80-b5e0-bebbbaa7dc2e'),
	('de09f5e2-ddb8-4c23-b5a9-2ada174841fb', '6db47d6b-6e2e-4886-a262-520a91854f4c', '931a3c98-23c8-45df-810f-4bfb4e3d30d5', '43bfd220-fa8f-4dab-804a-14a3051f6c7c', 70, '2026-02-19 05:12:17.294032+00', '106e2175-afdb-4a80-b5e0-bebbbaa7dc2e'),
	('4924fa27-e9dd-4c9f-a089-3710eb960e70', '6db47d6b-6e2e-4886-a262-520a91854f4c', '931a3c98-23c8-45df-810f-4bfb4e3d30d5', 'a2848efc-39b2-4409-b6b9-466865a28c21', 70, '2026-02-19 05:12:17.294032+00', '106e2175-afdb-4a80-b5e0-bebbbaa7dc2e'),
	('9f922c7f-2f0d-4e3f-b328-aec0d87b8021', '6db47d6b-6e2e-4886-a262-520a91854f4c', 'a998ae36-67fe-48e1-8b4b-3d503cc7079a', '43bfd220-fa8f-4dab-804a-14a3051f6c7c', 397, '2026-02-19 05:12:50.979805+00', '106e2175-afdb-4a80-b5e0-bebbbaa7dc2e'),
	('5fc83497-89ad-4939-b873-75ac5fb2fd2f', '6db47d6b-6e2e-4886-a262-520a91854f4c', 'a998ae36-67fe-48e1-8b4b-3d503cc7079a', 'a2848efc-39b2-4409-b6b9-466865a28c21', 300, '2026-02-19 05:12:50.979805+00', '106e2175-afdb-4a80-b5e0-bebbbaa7dc2e'),
	('6a67c069-b313-4247-820e-4da59c9830e0', '6db47d6b-6e2e-4886-a262-520a91854f4c', 'e8d835a0-a0ab-43b3-b1ba-1b12030f1380', '43bfd220-fa8f-4dab-804a-14a3051f6c7c', 300, '2026-02-19 05:13:08.388349+00', '106e2175-afdb-4a80-b5e0-bebbbaa7dc2e'),
	('87711578-cb29-43e7-8216-c7e07f250f4c', '6db47d6b-6e2e-4886-a262-520a91854f4c', 'e8d835a0-a0ab-43b3-b1ba-1b12030f1380', 'a2848efc-39b2-4409-b6b9-466865a28c21', 300, '2026-02-19 05:13:08.388349+00', '106e2175-afdb-4a80-b5e0-bebbbaa7dc2e'),
	('8c834812-f9b1-4002-acb4-3b775ef00fe1', '6db47d6b-6e2e-4886-a262-520a91854f4c', '1c1d59b2-b0f0-40d9-b6ec-a23a0f4e4ee3', '43bfd220-fa8f-4dab-804a-14a3051f6c7c', 50, '2026-02-19 05:13:31.546837+00', '106e2175-afdb-4a80-b5e0-bebbbaa7dc2e'),
	('591e331c-4cb1-4c51-a073-36fc028bedbd', '6db47d6b-6e2e-4886-a262-520a91854f4c', '1c1d59b2-b0f0-40d9-b6ec-a23a0f4e4ee3', 'a2848efc-39b2-4409-b6b9-466865a28c21', 50, '2026-02-19 05:13:31.546837+00', '106e2175-afdb-4a80-b5e0-bebbbaa7dc2e'),
	('5d951b2c-c782-40aa-9971-a699b515cbd4', '6db47d6b-6e2e-4886-a262-520a91854f4c', '66bfbaeb-aae4-4126-ad65-6f91ca090d19', '43bfd220-fa8f-4dab-804a-14a3051f6c7c', 300, '2026-02-19 05:13:48.733471+00', '106e2175-afdb-4a80-b5e0-bebbbaa7dc2e'),
	('2e0891e8-061e-496d-b73c-856c98d97010', '6db47d6b-6e2e-4886-a262-520a91854f4c', '66bfbaeb-aae4-4126-ad65-6f91ca090d19', 'a2848efc-39b2-4409-b6b9-466865a28c21', 300, '2026-02-19 05:13:48.733471+00', '106e2175-afdb-4a80-b5e0-bebbbaa7dc2e'),
	('e5f38979-0ebd-427a-adfc-0b88fa6ed4cf', '6db47d6b-6e2e-4886-a262-520a91854f4c', 'fb8391de-f7db-4921-8110-88b4352586b1', '43bfd220-fa8f-4dab-804a-14a3051f6c7c', 90, '2026-02-19 05:14:03.486653+00', '106e2175-afdb-4a80-b5e0-bebbbaa7dc2e'),
	('aca3ea21-a57e-49dc-9f62-0516e60e7de6', '6db47d6b-6e2e-4886-a262-520a91854f4c', 'fb8391de-f7db-4921-8110-88b4352586b1', 'a2848efc-39b2-4409-b6b9-466865a28c21', 90, '2026-02-19 05:14:03.486653+00', '106e2175-afdb-4a80-b5e0-bebbbaa7dc2e'),
	('5e37e385-4956-4a35-99dd-bbae1dce7606', '6db47d6b-6e2e-4886-a262-520a91854f4c', '10c8883c-cfd7-41e9-b59d-dce651d67020', '43bfd220-fa8f-4dab-804a-14a3051f6c7c', 238.5, '2026-02-19 05:22:18.494993+00', '106e2175-afdb-4a80-b5e0-bebbbaa7dc2e'),
	('a598c63e-bade-4f47-9fcf-0c17944e90aa', '6db47d6b-6e2e-4886-a262-520a91854f4c', '10c8883c-cfd7-41e9-b59d-dce651d67020', 'a2848efc-39b2-4409-b6b9-466865a28c21', 238.5, '2026-02-19 05:22:18.494993+00', '106e2175-afdb-4a80-b5e0-bebbbaa7dc2e'),
	('fab5a14b-33ca-4aaa-9e5c-c0d0bdce13cc', '6db47d6b-6e2e-4886-a262-520a91854f4c', 'ef4b6ade-14ce-4a01-9b50-35d0632abe34', '43bfd220-fa8f-4dab-804a-14a3051f6c7c', 5.51, '2026-02-19 05:24:14.576473+00', '106e2175-afdb-4a80-b5e0-bebbbaa7dc2e'),
	('6fb3c6e2-b64b-4bfc-9693-50d30ca92d58', '6db47d6b-6e2e-4886-a262-520a91854f4c', 'ef4b6ade-14ce-4a01-9b50-35d0632abe34', 'a2848efc-39b2-4409-b6b9-466865a28c21', 5.51, '2026-02-19 05:24:14.576473+00', '106e2175-afdb-4a80-b5e0-bebbbaa7dc2e'),
	('4bd9481a-67f1-48a7-a706-08ca4f3ae485', '6db47d6b-6e2e-4886-a262-520a91854f4c', '294eec39-f9ed-4d4b-8e93-c9db0ca941d8', '43bfd220-fa8f-4dab-804a-14a3051f6c7c', 190, '2026-02-19 05:25:09.823554+00', '106e2175-afdb-4a80-b5e0-bebbbaa7dc2e'),
	('87b5fc21-fef4-49c5-86e3-40c197fd39f9', '6db47d6b-6e2e-4886-a262-520a91854f4c', '294eec39-f9ed-4d4b-8e93-c9db0ca941d8', 'a2848efc-39b2-4409-b6b9-466865a28c21', 190, '2026-02-19 05:25:09.823554+00', '106e2175-afdb-4a80-b5e0-bebbbaa7dc2e'),
	('06eaddeb-7060-47c6-8d71-eaf8d76f43da', '6db47d6b-6e2e-4886-a262-520a91854f4c', 'a3573dfc-2903-464c-91f9-d1fee6a7a63c', '43bfd220-fa8f-4dab-804a-14a3051f6c7c', 200, '2026-02-19 05:25:27.033279+00', '106e2175-afdb-4a80-b5e0-bebbbaa7dc2e'),
	('e603a812-e7a5-4072-91b8-f2beb1c11373', '6db47d6b-6e2e-4886-a262-520a91854f4c', 'a3573dfc-2903-464c-91f9-d1fee6a7a63c', 'a2848efc-39b2-4409-b6b9-466865a28c21', 200, '2026-02-19 05:25:27.033279+00', '106e2175-afdb-4a80-b5e0-bebbbaa7dc2e'),
	('051ccc26-a53c-435b-b18c-e3407f0351fb', '6db47d6b-6e2e-4886-a262-520a91854f4c', '7fad6f6a-aaf3-4f46-b8d3-7f4bc86feed0', '43bfd220-fa8f-4dab-804a-14a3051f6c7c', 200, '2026-02-19 05:25:42.226752+00', '106e2175-afdb-4a80-b5e0-bebbbaa7dc2e'),
	('5a5ff54f-1f5c-40a0-bb09-49f836b33c43', '6db47d6b-6e2e-4886-a262-520a91854f4c', '7fad6f6a-aaf3-4f46-b8d3-7f4bc86feed0', 'a2848efc-39b2-4409-b6b9-466865a28c21', 200, '2026-02-19 05:25:42.226752+00', '106e2175-afdb-4a80-b5e0-bebbbaa7dc2e'),
	('0ebb392b-4629-4373-bc12-71f32abaee1b', '6db47d6b-6e2e-4886-a262-520a91854f4c', '3a657e1f-d04e-4d78-9eb5-220c594f5be5', '43bfd220-fa8f-4dab-804a-14a3051f6c7c', 30, '2026-02-21 06:43:42.366642+00', '106e2175-afdb-4a80-b5e0-bebbbaa7dc2e'),
	('a5533df5-dec4-460c-aff4-5b7dc39f0f9f', '6db47d6b-6e2e-4886-a262-520a91854f4c', '3a657e1f-d04e-4d78-9eb5-220c594f5be5', 'a2848efc-39b2-4409-b6b9-466865a28c21', 0, '2026-02-21 06:43:42.366642+00', '106e2175-afdb-4a80-b5e0-bebbbaa7dc2e'),
	('270435b4-9afe-4aad-ab32-330782f8031e', '6db47d6b-6e2e-4886-a262-520a91854f4c', '3a657e1f-d04e-4d78-9eb5-220c594f5be5', '0b3bef13-792d-4d51-b63d-867facb435bf', 30, '2026-02-21 06:43:42.366642+00', '106e2175-afdb-4a80-b5e0-bebbbaa7dc2e'),
	('b5937719-4ad3-42b9-9aa7-733514385d32', '6db47d6b-6e2e-4886-a262-520a91854f4c', '215dc2c7-6b1c-4a21-9d21-dbe8269d6ade', '43bfd220-fa8f-4dab-804a-14a3051f6c7c', 37.5, '2026-02-21 07:16:20.750415+00', '106e2175-afdb-4a80-b5e0-bebbbaa7dc2e'),
	('2344fa31-5217-413f-aec9-918d0a4a9383', '6db47d6b-6e2e-4886-a262-520a91854f4c', '215dc2c7-6b1c-4a21-9d21-dbe8269d6ade', 'a2848efc-39b2-4409-b6b9-466865a28c21', 0, '2026-02-21 07:16:20.750415+00', '106e2175-afdb-4a80-b5e0-bebbbaa7dc2e'),
	('30943eb6-138c-4791-82a9-9a0cbeaeb73e', '6db47d6b-6e2e-4886-a262-520a91854f4c', '215dc2c7-6b1c-4a21-9d21-dbe8269d6ade', '0b3bef13-792d-4d51-b63d-867facb435bf', 37.5, '2026-02-21 07:16:20.750415+00', '106e2175-afdb-4a80-b5e0-bebbbaa7dc2e'),
	('3318b6b1-01bf-4286-8ac1-7bb6e4fa1253', '6db47d6b-6e2e-4886-a262-520a91854f4c', '03d5356e-e488-4968-a271-01462e6d40f0', '43bfd220-fa8f-4dab-804a-14a3051f6c7c', 100, '2026-02-22 04:23:30.673038+00', '106e2175-afdb-4a80-b5e0-bebbbaa7dc2e'),
	('cc57ac1f-bec1-4037-b5b8-c1933e484c5c', '6db47d6b-6e2e-4886-a262-520a91854f4c', '03d5356e-e488-4968-a271-01462e6d40f0', 'a2848efc-39b2-4409-b6b9-466865a28c21', 0, '2026-02-22 04:23:30.673038+00', '106e2175-afdb-4a80-b5e0-bebbbaa7dc2e'),
	('d3258432-fe76-4e8b-a3b9-1497369945ca', '6db47d6b-6e2e-4886-a262-520a91854f4c', '03d5356e-e488-4968-a271-01462e6d40f0', '0b3bef13-792d-4d51-b63d-867facb435bf', 160, '2026-02-22 04:23:30.673038+00', '106e2175-afdb-4a80-b5e0-bebbbaa7dc2e'),
	('070d7048-9d57-4f29-b9ec-3b7bd49a4e5f', '6db47d6b-6e2e-4886-a262-520a91854f4c', 'babf15e4-fec5-434e-b74f-babe7027d304', '43bfd220-fa8f-4dab-804a-14a3051f6c7c', 200, '2026-02-22 04:25:45.423894+00', '106e2175-afdb-4a80-b5e0-bebbbaa7dc2e'),
	('b9535fa1-9c3f-4a1b-8954-dabcae468242', '6db47d6b-6e2e-4886-a262-520a91854f4c', 'babf15e4-fec5-434e-b74f-babe7027d304', 'a2848efc-39b2-4409-b6b9-466865a28c21', 0, '2026-02-22 04:25:45.423894+00', '106e2175-afdb-4a80-b5e0-bebbbaa7dc2e'),
	('a47be3ff-ed31-444f-96bf-a9983c8816a0', '6db47d6b-6e2e-4886-a262-520a91854f4c', 'babf15e4-fec5-434e-b74f-babe7027d304', '0b3bef13-792d-4d51-b63d-867facb435bf', 0, '2026-02-22 04:25:45.423894+00', '106e2175-afdb-4a80-b5e0-bebbbaa7dc2e'),
	('141a2b42-18bd-47dc-a9be-8716facc3fc6', '6db47d6b-6e2e-4886-a262-520a91854f4c', '15965ddc-5ad8-48c8-8f9a-de566e324a65', '43bfd220-fa8f-4dab-804a-14a3051f6c7c', 0, '2026-03-11 03:14:02.206862+00', '106e2175-afdb-4a80-b5e0-bebbbaa7dc2e'),
	('a9bf0cb1-ef8a-4dda-83f9-7cf433a578dc', '6db47d6b-6e2e-4886-a262-520a91854f4c', '15965ddc-5ad8-48c8-8f9a-de566e324a65', 'a2848efc-39b2-4409-b6b9-466865a28c21', 20, '2026-03-11 03:14:02.206862+00', '106e2175-afdb-4a80-b5e0-bebbbaa7dc2e'),
	('fc3df7ef-f4a1-4951-a7b6-72909d757c9a', '6db47d6b-6e2e-4886-a262-520a91854f4c', '15965ddc-5ad8-48c8-8f9a-de566e324a65', '0b3bef13-792d-4d51-b63d-867facb435bf', 0, '2026-03-11 03:14:02.206862+00', '106e2175-afdb-4a80-b5e0-bebbbaa7dc2e'),
	('b015c97f-5c89-439f-a90b-c95689ade6ef', '6db47d6b-6e2e-4886-a262-520a91854f4c', '35ad831d-5f66-4fcf-840c-78724e95605b', '43bfd220-fa8f-4dab-804a-14a3051f6c7c', 0, '2026-03-11 03:14:32.830609+00', '106e2175-afdb-4a80-b5e0-bebbbaa7dc2e'),
	('508c389c-8a67-43c9-b87b-a581d299c58b', '6db47d6b-6e2e-4886-a262-520a91854f4c', '35ad831d-5f66-4fcf-840c-78724e95605b', 'a2848efc-39b2-4409-b6b9-466865a28c21', 30, '2026-03-11 03:14:32.830609+00', '106e2175-afdb-4a80-b5e0-bebbbaa7dc2e'),
	('ee805bc8-3b3c-497f-95af-b00879b73ec7', '6db47d6b-6e2e-4886-a262-520a91854f4c', '35ad831d-5f66-4fcf-840c-78724e95605b', '0b3bef13-792d-4d51-b63d-867facb435bf', 0, '2026-03-11 03:14:32.830609+00', '106e2175-afdb-4a80-b5e0-bebbbaa7dc2e'),
	('b9d190b5-72e2-4a21-ab88-a158203fc663', '6db47d6b-6e2e-4886-a262-520a91854f4c', '112727bb-1dfd-47e3-b362-376730a18161', '43bfd220-fa8f-4dab-804a-14a3051f6c7c', 80, '2026-03-11 03:14:54.94639+00', '106e2175-afdb-4a80-b5e0-bebbbaa7dc2e'),
	('d15f2c29-8514-4836-b7aa-e38571555644', '6db47d6b-6e2e-4886-a262-520a91854f4c', '112727bb-1dfd-47e3-b362-376730a18161', 'a2848efc-39b2-4409-b6b9-466865a28c21', 80, '2026-03-11 03:14:54.94639+00', '106e2175-afdb-4a80-b5e0-bebbbaa7dc2e'),
	('69d2ac90-da5c-4885-8b16-0ebf9613fbc8', '6db47d6b-6e2e-4886-a262-520a91854f4c', '112727bb-1dfd-47e3-b362-376730a18161', '0b3bef13-792d-4d51-b63d-867facb435bf', 0, '2026-03-11 03:14:54.94639+00', '106e2175-afdb-4a80-b5e0-bebbbaa7dc2e'),
	('6616ea1f-ec23-46ac-ac17-6afbae6b82b8', '6db47d6b-6e2e-4886-a262-520a91854f4c', '32910f7e-0667-4590-ad18-06d0c94db66e', '43bfd220-fa8f-4dab-804a-14a3051f6c7c', 0, '2026-03-11 03:16:51.786771+00', '106e2175-afdb-4a80-b5e0-bebbbaa7dc2e'),
	('0e7a2f48-aef6-4991-ba4d-cb824a9df4ad', '6db47d6b-6e2e-4886-a262-520a91854f4c', '32910f7e-0667-4590-ad18-06d0c94db66e', 'a2848efc-39b2-4409-b6b9-466865a28c21', 70, '2026-03-11 03:16:51.786771+00', '106e2175-afdb-4a80-b5e0-bebbbaa7dc2e'),
	('0e1dee5b-b4bf-40e7-875c-8ac98311f8b9', '6db47d6b-6e2e-4886-a262-520a91854f4c', '32910f7e-0667-4590-ad18-06d0c94db66e', '0b3bef13-792d-4d51-b63d-867facb435bf', 0, '2026-03-11 03:16:51.786771+00', '106e2175-afdb-4a80-b5e0-bebbbaa7dc2e'),
	('67897772-6d24-4d44-8df6-ef2dc6376fa8', 'b63f45f3-fc01-4714-8cc4-a09ab49e18c7', 'cec60b3c-820a-490e-98af-45b06a511c0f', 'be5f3b70-e4ac-46ac-9c4c-30a272b92e87', 5, '2026-03-11 08:46:56.722978+00', '3d014e62-49a2-423c-87c9-0504dd75f4f3'),
	('a5275a22-8c16-43a8-b063-38e88a4f29ca', 'b63f45f3-fc01-4714-8cc4-a09ab49e18c7', 'cec60b3c-820a-490e-98af-45b06a511c0f', 'c38a992f-2051-4c6a-b670-488175652ba0', 5, '2026-03-11 08:46:56.722978+00', '3d014e62-49a2-423c-87c9-0504dd75f4f3'),
	('9fa961d2-3983-4d85-a2b5-51e9933fd54a', 'b63f45f3-fc01-4714-8cc4-a09ab49e18c7', '374e59ef-1f2a-4533-be15-e9f6e77e5325', 'be5f3b70-e4ac-46ac-9c4c-30a272b92e87', 25, '2026-03-11 12:54:54.312988+00', '3d014e62-49a2-423c-87c9-0504dd75f4f3'),
	('421dac5d-3bb8-418d-a036-61c10d046ee5', 'b63f45f3-fc01-4714-8cc4-a09ab49e18c7', '374e59ef-1f2a-4533-be15-e9f6e77e5325', 'c38a992f-2051-4c6a-b670-488175652ba0', 25, '2026-03-11 12:54:54.312988+00', '3d014e62-49a2-423c-87c9-0504dd75f4f3'),
	('d40aa7d2-89a6-4c37-9362-0d5dc944d42e', 'b63f45f3-fc01-4714-8cc4-a09ab49e18c7', '612634cb-a915-4c68-ba25-098ba978d9cf', 'be5f3b70-e4ac-46ac-9c4c-30a272b92e87', 50, '2026-03-15 07:22:58.38711+00', '3d014e62-49a2-423c-87c9-0504dd75f4f3'),
	('6bbb6f1c-2813-42c3-a5ac-8524afaa4ba7', 'b63f45f3-fc01-4714-8cc4-a09ab49e18c7', '612634cb-a915-4c68-ba25-098ba978d9cf', 'c38a992f-2051-4c6a-b670-488175652ba0', 50, '2026-03-15 07:22:58.38711+00', '3d014e62-49a2-423c-87c9-0504dd75f4f3'),
	('5f248511-6fea-4257-bac2-f0afdaa9a5c9', '6db47d6b-6e2e-4886-a262-520a91854f4c', 'd79d59e9-63f3-4220-853e-5452421e63ce', '04eb56d7-3dfc-41ee-ba54-193790cd1437', 0.3, '2026-03-17 04:49:17.33523+00', '7d00b35d-e053-49ab-a505-460a89c97e68'),
	('2f0b1903-3fff-4462-b6f2-c1db463b28d8', '6db47d6b-6e2e-4886-a262-520a91854f4c', 'd79d59e9-63f3-4220-853e-5452421e63ce', '8d38a415-4dda-4f4d-8dad-ef05227902ad', 0.3, '2026-03-17 04:49:17.33523+00', '7d00b35d-e053-49ab-a505-460a89c97e68'),
	('abcd002a-8c86-4250-8183-4c3c4b523886', '6db47d6b-6e2e-4886-a262-520a91854f4c', 'd79d59e9-63f3-4220-853e-5452421e63ce', '62f77c18-d894-4129-922b-1cf10da9d5f5', 0.3, '2026-03-17 04:49:17.33523+00', '7d00b35d-e053-49ab-a505-460a89c97e68'),
	('203aefd5-d954-4054-9598-fc47658897e4', '6db47d6b-6e2e-4886-a262-520a91854f4c', 'd79d59e9-63f3-4220-853e-5452421e63ce', 'a299b0aa-2982-474c-afb7-700017afb8e6', 0.3, '2026-03-17 04:49:17.33523+00', '7d00b35d-e053-49ab-a505-460a89c97e68'),
	('51dfad0f-34de-4699-8d99-cc9d9ea9e50e', '6db47d6b-6e2e-4886-a262-520a91854f4c', 'd79d59e9-63f3-4220-853e-5452421e63ce', 'd52d5787-71ee-457c-8967-d0638c5e4a15', 0.3, '2026-03-17 04:49:17.33523+00', '7d00b35d-e053-49ab-a505-460a89c97e68'),
	('5655b733-47cf-406f-9911-4d8dbd098b5f', '6db47d6b-6e2e-4886-a262-520a91854f4c', 'd79d59e9-63f3-4220-853e-5452421e63ce', 'a8d5f0e7-8c2a-4a5e-b793-cac0c435c0a0', 0.3, '2026-03-17 04:49:17.33523+00', '7d00b35d-e053-49ab-a505-460a89c97e68'),
	('b0ae0423-7597-461e-8868-6158da9f2832', '6db47d6b-6e2e-4886-a262-520a91854f4c', '36f77ce1-9a70-454d-a483-4c12ae49a116', '04eb56d7-3dfc-41ee-ba54-193790cd1437', 13333.34, '2026-03-18 07:00:45.547475+00', '7d00b35d-e053-49ab-a505-460a89c97e68'),
	('19b751e3-3e4c-46d3-857b-6d79f4fc34b5', '6db47d6b-6e2e-4886-a262-520a91854f4c', '36f77ce1-9a70-454d-a483-4c12ae49a116', '8d38a415-4dda-4f4d-8dad-ef05227902ad', 13333.34, '2026-03-18 07:00:45.547475+00', '7d00b35d-e053-49ab-a505-460a89c97e68'),
	('930e9ebe-f59a-4d32-a5d2-68a229e1e043', '6db47d6b-6e2e-4886-a262-520a91854f4c', '36f77ce1-9a70-454d-a483-4c12ae49a116', '62f77c18-d894-4129-922b-1cf10da9d5f5', 13333.33, '2026-03-18 07:00:45.547475+00', '7d00b35d-e053-49ab-a505-460a89c97e68'),
	('5a1863fa-e79e-473b-89ce-759b1a8ad5d1', '6db47d6b-6e2e-4886-a262-520a91854f4c', '36f77ce1-9a70-454d-a483-4c12ae49a116', 'a299b0aa-2982-474c-afb7-700017afb8e6', 13333.33, '2026-03-18 07:00:45.547475+00', '7d00b35d-e053-49ab-a505-460a89c97e68'),
	('bd70a363-1611-446d-9715-2fceba9ead70', '6db47d6b-6e2e-4886-a262-520a91854f4c', '36f77ce1-9a70-454d-a483-4c12ae49a116', 'd52d5787-71ee-457c-8967-d0638c5e4a15', 13333.33, '2026-03-18 07:00:45.547475+00', '7d00b35d-e053-49ab-a505-460a89c97e68'),
	('5cf12831-3a2d-4341-a811-b6eadb1ac236', '6db47d6b-6e2e-4886-a262-520a91854f4c', '36f77ce1-9a70-454d-a483-4c12ae49a116', 'a8d5f0e7-8c2a-4a5e-b793-cac0c435c0a0', 13333.33, '2026-03-18 07:00:45.547475+00', '7d00b35d-e053-49ab-a505-460a89c97e68'),
	('ffe2156b-3104-4d55-bf32-98bd2942a340', '6db47d6b-6e2e-4886-a262-520a91854f4c', '704bfcbd-ac77-4a3c-80c1-ad43dabfd8ab', '36112a16-5035-40ac-b67b-a8e71d0413fd', 100, '2026-03-20 17:35:25.54128+00', '3116ee84-6c9d-4fde-8bcc-49587655c52a'),
	('f77b1735-36db-40be-9f6e-adeb9b47a104', '6db47d6b-6e2e-4886-a262-520a91854f4c', '704bfcbd-ac77-4a3c-80c1-ad43dabfd8ab', '12a19452-da8e-45bf-a344-48e3abbe740d', 100, '2026-03-20 17:35:25.54128+00', '3116ee84-6c9d-4fde-8bcc-49587655c52a'),
	('7f387429-3b88-4700-bef2-069a8d5941a5', '6db47d6b-6e2e-4886-a262-520a91854f4c', '928e5047-cffc-476d-9af1-6338c4270084', '36112a16-5035-40ac-b67b-a8e71d0413fd', 4.4, '2026-03-26 04:23:57.879875+00', '3116ee84-6c9d-4fde-8bcc-49587655c52a'),
	('2fb5cce4-745f-4299-a9e9-7a80b01473dc', '6db47d6b-6e2e-4886-a262-520a91854f4c', '928e5047-cffc-476d-9af1-6338c4270084', '12a19452-da8e-45bf-a344-48e3abbe740d', 4.39, '2026-03-26 04:23:57.879875+00', '3116ee84-6c9d-4fde-8bcc-49587655c52a'),
	('1a8c2e6c-06d4-4660-a9fa-2992215b2c0a', '6db47d6b-6e2e-4886-a262-520a91854f4c', '6558fbe3-14c0-4e5a-ae12-313752e92dd6', '36112a16-5035-40ac-b67b-a8e71d0413fd', 0, '2026-03-26 04:25:03.842886+00', '3116ee84-6c9d-4fde-8bcc-49587655c52a'),
	('c423e4f9-7b33-4cc5-9881-0fbbe4bafc87', '6db47d6b-6e2e-4886-a262-520a91854f4c', '6558fbe3-14c0-4e5a-ae12-313752e92dd6', '12a19452-da8e-45bf-a344-48e3abbe740d', 2000, '2026-03-26 04:25:03.842886+00', '3116ee84-6c9d-4fde-8bcc-49587655c52a'),
	('cd8c28c1-66b9-49d7-a3ee-5f2dce9680ed', '6db47d6b-6e2e-4886-a262-520a91854f4c', '8726c45d-f282-45cc-8796-3e94613f9879', '36112a16-5035-40ac-b67b-a8e71d0413fd', 1690, '2026-03-26 04:53:09.762944+00', '3116ee84-6c9d-4fde-8bcc-49587655c52a'),
	('8e889837-99d9-4c18-b26f-4d281524f196', '6db47d6b-6e2e-4886-a262-520a91854f4c', '8726c45d-f282-45cc-8796-3e94613f9879', '12a19452-da8e-45bf-a344-48e3abbe740d', 1690, '2026-03-26 04:53:09.762944+00', '3116ee84-6c9d-4fde-8bcc-49587655c52a'),
	('a696e275-a253-4825-834a-dd183964276b', '6db47d6b-6e2e-4886-a262-520a91854f4c', 'a34f7ecd-4a26-4129-9982-3fd9684fef82', '36112a16-5035-40ac-b67b-a8e71d0413fd', 650, '2026-03-28 07:23:29.780979+00', '3116ee84-6c9d-4fde-8bcc-49587655c52a'),
	('a810eab0-94ca-4adf-bfda-158e381d7ba2', '6db47d6b-6e2e-4886-a262-520a91854f4c', 'a34f7ecd-4a26-4129-9982-3fd9684fef82', '12a19452-da8e-45bf-a344-48e3abbe740d', 650, '2026-03-28 07:23:29.780979+00', '3116ee84-6c9d-4fde-8bcc-49587655c52a'),
	('8272bb2d-09a8-4204-bf99-27f8d5f9ee3e', '6db47d6b-6e2e-4886-a262-520a91854f4c', '013d74ae-b69a-4cec-a1ed-165176ff652b', '36112a16-5035-40ac-b67b-a8e71d0413fd', 900, '2026-03-28 09:26:51.734118+00', '3116ee84-6c9d-4fde-8bcc-49587655c52a'),
	('1bba8fac-2ce5-47b0-9083-f8910f911de6', '6db47d6b-6e2e-4886-a262-520a91854f4c', '013d74ae-b69a-4cec-a1ed-165176ff652b', '12a19452-da8e-45bf-a344-48e3abbe740d', 900, '2026-03-28 09:26:51.734118+00', '3116ee84-6c9d-4fde-8bcc-49587655c52a'),
	('142b5cab-74fa-4911-a96a-cf43581aa3cc', '6db47d6b-6e2e-4886-a262-520a91854f4c', 'fef9f278-a0d1-42c2-b138-c4d825cc469a', '36112a16-5035-40ac-b67b-a8e71d0413fd', 4000, '2026-03-28 14:15:17.618685+00', '3116ee84-6c9d-4fde-8bcc-49587655c52a'),
	('0b57a46c-ba29-4cf5-806b-82f807a5fcd4', '6db47d6b-6e2e-4886-a262-520a91854f4c', 'fef9f278-a0d1-42c2-b138-c4d825cc469a', '12a19452-da8e-45bf-a344-48e3abbe740d', 4000, '2026-03-28 14:15:17.618685+00', '3116ee84-6c9d-4fde-8bcc-49587655c52a'),
	('c72cac86-0e55-4b0b-a714-c0a0e4108d24', '6db47d6b-6e2e-4886-a262-520a91854f4c', 'fef9f278-a0d1-42c2-b138-c4d825cc469a', '96b5a75b-a747-4312-92f0-3deaf06b04eb', 0, '2026-03-28 14:15:17.618685+00', '3116ee84-6c9d-4fde-8bcc-49587655c52a'),
	('653962c1-9e63-47c0-9fe9-d85c28f68782', '6db47d6b-6e2e-4886-a262-520a91854f4c', 'dd7ba121-95ab-4a2f-8aaa-3efc6a14887b', '36112a16-5035-40ac-b67b-a8e71d0413fd', 1500, '2026-03-28 14:17:10.691108+00', '3116ee84-6c9d-4fde-8bcc-49587655c52a'),
	('0ba07ca7-17df-4c8d-95f7-a911ed3dde19', '6db47d6b-6e2e-4886-a262-520a91854f4c', 'dd7ba121-95ab-4a2f-8aaa-3efc6a14887b', '12a19452-da8e-45bf-a344-48e3abbe740d', 1500, '2026-03-28 14:17:10.691108+00', '3116ee84-6c9d-4fde-8bcc-49587655c52a'),
	('d265ffc3-eda2-4610-9ee4-9d05b64dcf08', '6db47d6b-6e2e-4886-a262-520a91854f4c', 'dd7ba121-95ab-4a2f-8aaa-3efc6a14887b', '96b5a75b-a747-4312-92f0-3deaf06b04eb', 1500, '2026-03-28 14:17:10.691108+00', '3116ee84-6c9d-4fde-8bcc-49587655c52a'),
	('0e2b2225-71f2-4475-a884-229e17eef27d', '6db47d6b-6e2e-4886-a262-520a91854f4c', 'c169ff44-2d54-414b-bef1-eabfd179baad', '36112a16-5035-40ac-b67b-a8e71d0413fd', 1500, '2026-03-28 14:18:20.560941+00', '3116ee84-6c9d-4fde-8bcc-49587655c52a'),
	('c17876b9-fc95-4e63-8698-d86b0e630b58', '6db47d6b-6e2e-4886-a262-520a91854f4c', 'c169ff44-2d54-414b-bef1-eabfd179baad', '12a19452-da8e-45bf-a344-48e3abbe740d', 1500, '2026-03-28 14:18:20.560941+00', '3116ee84-6c9d-4fde-8bcc-49587655c52a'),
	('408a3d8e-8bb8-4447-bc4c-b98e54322453', '6db47d6b-6e2e-4886-a262-520a91854f4c', 'c169ff44-2d54-414b-bef1-eabfd179baad', '96b5a75b-a747-4312-92f0-3deaf06b04eb', 0, '2026-03-28 14:18:20.560941+00', '3116ee84-6c9d-4fde-8bcc-49587655c52a'),
	('120fee8b-8065-4122-a7da-d1cdf958d1b3', '6db47d6b-6e2e-4886-a262-520a91854f4c', '25a62dc1-6dec-4f97-b482-6f92c1ded858', '36112a16-5035-40ac-b67b-a8e71d0413fd', 1633.34, '2026-03-29 03:21:52.128038+00', '3116ee84-6c9d-4fde-8bcc-49587655c52a'),
	('4bac2d65-db1f-4885-b0bd-601aa614b565', '6db47d6b-6e2e-4886-a262-520a91854f4c', '25a62dc1-6dec-4f97-b482-6f92c1ded858', '12a19452-da8e-45bf-a344-48e3abbe740d', 1633.33, '2026-03-29 03:21:52.128038+00', '3116ee84-6c9d-4fde-8bcc-49587655c52a'),
	('18a3b998-ed6a-4209-ac3f-485506de2d90', '6db47d6b-6e2e-4886-a262-520a91854f4c', '25a62dc1-6dec-4f97-b482-6f92c1ded858', '96b5a75b-a747-4312-92f0-3deaf06b04eb', 1633.33, '2026-03-29 03:21:52.128038+00', '3116ee84-6c9d-4fde-8bcc-49587655c52a'),
	('bda54ea6-d917-4134-8312-3e7b79b0d395', '6db47d6b-6e2e-4886-a262-520a91854f4c', 'a179202d-f86d-4ed1-a9e3-f3d12669b156', '36112a16-5035-40ac-b67b-a8e71d0413fd', 950, '2026-03-29 03:23:56.988501+00', '3116ee84-6c9d-4fde-8bcc-49587655c52a'),
	('f0c0ae8b-fdf5-481d-97ba-f7a7b6212016', '6db47d6b-6e2e-4886-a262-520a91854f4c', 'a179202d-f86d-4ed1-a9e3-f3d12669b156', '12a19452-da8e-45bf-a344-48e3abbe740d', 950, '2026-03-29 03:23:56.988501+00', '3116ee84-6c9d-4fde-8bcc-49587655c52a'),
	('6977d8d2-ead8-4e0c-ac8d-59a90c63b66e', '6db47d6b-6e2e-4886-a262-520a91854f4c', 'a179202d-f86d-4ed1-a9e3-f3d12669b156', '96b5a75b-a747-4312-92f0-3deaf06b04eb', 950, '2026-03-29 03:23:56.988501+00', '3116ee84-6c9d-4fde-8bcc-49587655c52a'),
	('fdfddfed-56d4-47e4-95f0-1e95e1cf704c', '6db47d6b-6e2e-4886-a262-520a91854f4c', 'a16e38aa-dfa3-4bab-88ee-0ccdc24f9397', '36112a16-5035-40ac-b67b-a8e71d0413fd', 700, '2026-03-30 23:07:28.646226+00', '3116ee84-6c9d-4fde-8bcc-49587655c52a'),
	('d6df01b4-ed30-4075-bc3f-5bae63755a64', '6db47d6b-6e2e-4886-a262-520a91854f4c', 'a16e38aa-dfa3-4bab-88ee-0ccdc24f9397', '12a19452-da8e-45bf-a344-48e3abbe740d', 700, '2026-03-30 23:07:28.646226+00', '3116ee84-6c9d-4fde-8bcc-49587655c52a'),
	('9e42df1d-feb6-4315-927b-dcf1e0481db4', '6db47d6b-6e2e-4886-a262-520a91854f4c', 'a16e38aa-dfa3-4bab-88ee-0ccdc24f9397', '96b5a75b-a747-4312-92f0-3deaf06b04eb', 0, '2026-03-30 23:07:28.646226+00', '3116ee84-6c9d-4fde-8bcc-49587655c52a'),
	('0d76cf0b-9e4c-47cb-913f-449a0a56f746', '6db47d6b-6e2e-4886-a262-520a91854f4c', 'd135e292-f542-4c21-8df0-dc90db113618', '36112a16-5035-40ac-b67b-a8e71d0413fd', 600, '2026-03-31 07:43:59.620371+00', '3116ee84-6c9d-4fde-8bcc-49587655c52a'),
	('7395168c-1b25-4b1b-8179-9dc488ab977d', '6db47d6b-6e2e-4886-a262-520a91854f4c', 'd135e292-f542-4c21-8df0-dc90db113618', '12a19452-da8e-45bf-a344-48e3abbe740d', 600, '2026-03-31 07:43:59.620371+00', '3116ee84-6c9d-4fde-8bcc-49587655c52a'),
	('7966540b-fc3e-4fcc-9b19-f38c77fdfe7d', '6db47d6b-6e2e-4886-a262-520a91854f4c', 'd135e292-f542-4c21-8df0-dc90db113618', '96b5a75b-a747-4312-92f0-3deaf06b04eb', 600, '2026-03-31 07:43:59.620371+00', '3116ee84-6c9d-4fde-8bcc-49587655c52a'),
	('c2412e15-f3e9-4e08-9d93-b251fb500d52', '6db47d6b-6e2e-4886-a262-520a91854f4c', '12e2386b-b9b5-4861-9bef-950c22075866', '36112a16-5035-40ac-b67b-a8e71d0413fd', 250, '2026-03-31 07:46:11.115011+00', '3116ee84-6c9d-4fde-8bcc-49587655c52a'),
	('61c14d97-3e10-4c10-b9f0-e1859a094ceb', '6db47d6b-6e2e-4886-a262-520a91854f4c', '12e2386b-b9b5-4861-9bef-950c22075866', '12a19452-da8e-45bf-a344-48e3abbe740d', 250, '2026-03-31 07:46:11.115011+00', '3116ee84-6c9d-4fde-8bcc-49587655c52a'),
	('ad8a07f7-c8ed-4fa5-9db7-feef4e0e70a6', '6db47d6b-6e2e-4886-a262-520a91854f4c', '12e2386b-b9b5-4861-9bef-950c22075866', '96b5a75b-a747-4312-92f0-3deaf06b04eb', 0, '2026-03-31 07:46:11.115011+00', '3116ee84-6c9d-4fde-8bcc-49587655c52a'),
	('4aa8c9d5-d1a7-4525-aa38-639ecaee49a0', '6db47d6b-6e2e-4886-a262-520a91854f4c', '0991edad-fcf6-4882-a3cc-e31b2837318f', '36112a16-5035-40ac-b67b-a8e71d0413fd', 2000, '2026-04-03 02:36:55.078799+00', '3116ee84-6c9d-4fde-8bcc-49587655c52a'),
	('f56d9aa4-2cb5-4bc5-aecd-6853b6994ab7', '6db47d6b-6e2e-4886-a262-520a91854f4c', '0991edad-fcf6-4882-a3cc-e31b2837318f', '12a19452-da8e-45bf-a344-48e3abbe740d', 2000, '2026-04-03 02:36:55.078799+00', '3116ee84-6c9d-4fde-8bcc-49587655c52a'),
	('41c42bb0-d139-491e-94ba-83f07239e3c6', '6db47d6b-6e2e-4886-a262-520a91854f4c', 'f7701baa-6f5c-44e8-92a1-e5dbd34b2ecc', '36112a16-5035-40ac-b67b-a8e71d0413fd', 750, '2026-03-31 07:47:50.595813+00', '3116ee84-6c9d-4fde-8bcc-49587655c52a'),
	('87b6195e-3edc-412b-b530-8a0e7fc856e4', '6db47d6b-6e2e-4886-a262-520a91854f4c', 'f7701baa-6f5c-44e8-92a1-e5dbd34b2ecc', '12a19452-da8e-45bf-a344-48e3abbe740d', 750, '2026-03-31 07:47:50.595813+00', '3116ee84-6c9d-4fde-8bcc-49587655c52a'),
	('75e1999f-693c-474b-bb5d-fa8f1ef1d363', '6db47d6b-6e2e-4886-a262-520a91854f4c', 'f7701baa-6f5c-44e8-92a1-e5dbd34b2ecc', '96b5a75b-a747-4312-92f0-3deaf06b04eb', 0, '2026-03-31 07:47:50.595813+00', '3116ee84-6c9d-4fde-8bcc-49587655c52a'),
	('f6725aee-78de-4f06-954f-e76f596fa588', '6db47d6b-6e2e-4886-a262-520a91854f4c', '9a2382fe-418a-45aa-b202-0449292774e4', '36112a16-5035-40ac-b67b-a8e71d0413fd', 600, '2026-03-31 13:04:52.09269+00', '3116ee84-6c9d-4fde-8bcc-49587655c52a'),
	('0055ace1-0f6d-4541-a3aa-d531a8ad3aca', '6db47d6b-6e2e-4886-a262-520a91854f4c', '9a2382fe-418a-45aa-b202-0449292774e4', '12a19452-da8e-45bf-a344-48e3abbe740d', 600, '2026-03-31 13:04:52.09269+00', '3116ee84-6c9d-4fde-8bcc-49587655c52a'),
	('6d02ed2a-450a-4fe6-8c9d-44b38abda4ad', '6db47d6b-6e2e-4886-a262-520a91854f4c', '9a2382fe-418a-45aa-b202-0449292774e4', '96b5a75b-a747-4312-92f0-3deaf06b04eb', 0, '2026-03-31 13:04:52.09269+00', '3116ee84-6c9d-4fde-8bcc-49587655c52a'),
	('6988cfdf-cec1-48a8-a927-04ef2a056756', '6db47d6b-6e2e-4886-a262-520a91854f4c', 'fa104fbc-1b1f-40a5-a0f9-db80ee51fc44', '36112a16-5035-40ac-b67b-a8e71d0413fd', 5.48, '2026-04-01 05:46:15.846599+00', '3116ee84-6c9d-4fde-8bcc-49587655c52a'),
	('cadfddd9-9557-4043-b701-00eb7521e536', '6db47d6b-6e2e-4886-a262-520a91854f4c', 'fa104fbc-1b1f-40a5-a0f9-db80ee51fc44', '12a19452-da8e-45bf-a344-48e3abbe740d', 5.48, '2026-04-01 05:46:15.846599+00', '3116ee84-6c9d-4fde-8bcc-49587655c52a'),
	('e2e22f23-1aa7-4930-a5ba-00d9ac4492d7', '6db47d6b-6e2e-4886-a262-520a91854f4c', 'fa104fbc-1b1f-40a5-a0f9-db80ee51fc44', '96b5a75b-a747-4312-92f0-3deaf06b04eb', 5.47, '2026-04-01 05:46:15.846599+00', '3116ee84-6c9d-4fde-8bcc-49587655c52a'),
	('aaebf55b-8c33-4745-bb4d-c958919f5054', '6db47d6b-6e2e-4886-a262-520a91854f4c', '0991edad-fcf6-4882-a3cc-e31b2837318f', '96b5a75b-a747-4312-92f0-3deaf06b04eb', 0, '2026-04-03 02:36:55.078799+00', '3116ee84-6c9d-4fde-8bcc-49587655c52a'),
	('3f3537f3-c817-4d55-90e6-c457a6c5ed9e', '6db47d6b-6e2e-4886-a262-520a91854f4c', '0991edad-fcf6-4882-a3cc-e31b2837318f', 'c918713f-4b34-45ca-ac33-5d2d2028a837', 0, '2026-04-03 02:36:55.078799+00', '3116ee84-6c9d-4fde-8bcc-49587655c52a'),
	('425243f5-f302-4e2e-bf8c-c36df76c765a', '6db47d6b-6e2e-4886-a262-520a91854f4c', '506fc9a5-2093-495c-8f91-6524875fe276', '36112a16-5035-40ac-b67b-a8e71d0413fd', 0, '2026-04-03 02:37:37.751165+00', '3116ee84-6c9d-4fde-8bcc-49587655c52a'),
	('1cd92c43-897e-4ffc-beb4-3a38499a0cba', '6db47d6b-6e2e-4886-a262-520a91854f4c', '506fc9a5-2093-495c-8f91-6524875fe276', '12a19452-da8e-45bf-a344-48e3abbe740d', 3000, '2026-04-03 02:37:37.751165+00', '3116ee84-6c9d-4fde-8bcc-49587655c52a'),
	('f046ce9b-4c0e-49f1-af42-534c751292c3', '6db47d6b-6e2e-4886-a262-520a91854f4c', '506fc9a5-2093-495c-8f91-6524875fe276', '96b5a75b-a747-4312-92f0-3deaf06b04eb', 0, '2026-04-03 02:37:37.751165+00', '3116ee84-6c9d-4fde-8bcc-49587655c52a'),
	('ff7642c0-5ecd-4b55-84ed-9be54691ab0f', '6db47d6b-6e2e-4886-a262-520a91854f4c', '506fc9a5-2093-495c-8f91-6524875fe276', 'c918713f-4b34-45ca-ac33-5d2d2028a837', 0, '2026-04-03 02:37:37.751165+00', '3116ee84-6c9d-4fde-8bcc-49587655c52a'),
	('637404b5-df07-4557-918f-a69d39de3741', '6db47d6b-6e2e-4886-a262-520a91854f4c', '5c0c0663-6bce-4e53-b7ad-363a818a9f49', '36112a16-5035-40ac-b67b-a8e71d0413fd', 1000, '2026-04-03 12:45:44.827274+00', '3116ee84-6c9d-4fde-8bcc-49587655c52a'),
	('37a57b16-a3d6-4670-8a65-6a837c60e356', '6db47d6b-6e2e-4886-a262-520a91854f4c', '5c0c0663-6bce-4e53-b7ad-363a818a9f49', '12a19452-da8e-45bf-a344-48e3abbe740d', 1000, '2026-04-03 12:45:44.827274+00', '3116ee84-6c9d-4fde-8bcc-49587655c52a'),
	('aafd89d3-1eef-472f-8157-c57e1a676562', '6db47d6b-6e2e-4886-a262-520a91854f4c', '5c0c0663-6bce-4e53-b7ad-363a818a9f49', '96b5a75b-a747-4312-92f0-3deaf06b04eb', 1000, '2026-04-03 12:45:44.827274+00', '3116ee84-6c9d-4fde-8bcc-49587655c52a'),
	('ad165fa6-f053-4a63-999d-179642b1ea81', '6db47d6b-6e2e-4886-a262-520a91854f4c', '5c0c0663-6bce-4e53-b7ad-363a818a9f49', 'c918713f-4b34-45ca-ac33-5d2d2028a837', 0, '2026-04-03 12:45:44.827274+00', '3116ee84-6c9d-4fde-8bcc-49587655c52a'),
	('bc482bbc-11e2-46b4-bfa5-0a0910fb60fb', '6db47d6b-6e2e-4886-a262-520a91854f4c', '94431a17-037b-4740-bdfc-9b54718948bb', '36112a16-5035-40ac-b67b-a8e71d0413fd', 3.2, '2026-04-06 08:45:58.027413+00', '3116ee84-6c9d-4fde-8bcc-49587655c52a'),
	('83a1772c-3825-4050-be06-6c3186f32ab8', '6db47d6b-6e2e-4886-a262-520a91854f4c', '9290a5e4-8ad9-45ec-b5e3-0963a0f6c209', '36112a16-5035-40ac-b67b-a8e71d0413fd', 1600, '2026-04-02 00:18:46.782709+00', '3116ee84-6c9d-4fde-8bcc-49587655c52a'),
	('538dacea-3e63-481e-a16c-67c18876d351', '6db47d6b-6e2e-4886-a262-520a91854f4c', '9290a5e4-8ad9-45ec-b5e3-0963a0f6c209', '12a19452-da8e-45bf-a344-48e3abbe740d', 2640, '2026-04-02 00:18:46.782709+00', '3116ee84-6c9d-4fde-8bcc-49587655c52a'),
	('66b7cbfd-6cdc-492f-9e66-334c81d1acf2', '6db47d6b-6e2e-4886-a262-520a91854f4c', '9290a5e4-8ad9-45ec-b5e3-0963a0f6c209', '96b5a75b-a747-4312-92f0-3deaf06b04eb', 0, '2026-04-02 00:18:46.782709+00', '3116ee84-6c9d-4fde-8bcc-49587655c52a'),
	('d9aecccb-3469-45e2-bb52-780154c6b31e', '6db47d6b-6e2e-4886-a262-520a91854f4c', '9290a5e4-8ad9-45ec-b5e3-0963a0f6c209', 'c918713f-4b34-45ca-ac33-5d2d2028a837', 0, '2026-04-02 00:18:46.782709+00', '3116ee84-6c9d-4fde-8bcc-49587655c52a'),
	('fc48e3b6-bec0-4915-8263-ea79618144ce', '6db47d6b-6e2e-4886-a262-520a91854f4c', '94431a17-037b-4740-bdfc-9b54718948bb', '12a19452-da8e-45bf-a344-48e3abbe740d', 3.2, '2026-04-06 08:45:58.027413+00', '3116ee84-6c9d-4fde-8bcc-49587655c52a'),
	('e567d5ca-e43a-4cc1-a45b-1ceb5e818190', '6db47d6b-6e2e-4886-a262-520a91854f4c', '94431a17-037b-4740-bdfc-9b54718948bb', '96b5a75b-a747-4312-92f0-3deaf06b04eb', 3.19, '2026-04-06 08:45:58.027413+00', '3116ee84-6c9d-4fde-8bcc-49587655c52a'),
	('db668811-74b0-41fc-a28e-9cb9c538d0a8', '6db47d6b-6e2e-4886-a262-520a91854f4c', '94431a17-037b-4740-bdfc-9b54718948bb', 'c918713f-4b34-45ca-ac33-5d2d2028a837', 0, '2026-04-06 08:45:58.027413+00', '3116ee84-6c9d-4fde-8bcc-49587655c52a'),
	('6781c4bd-9c13-499c-8395-62033a93dc1c', '6db47d6b-6e2e-4886-a262-520a91854f4c', '7d38e671-7e51-4c5b-a569-cb8b7b3523fd', '36112a16-5035-40ac-b67b-a8e71d0413fd', 1666.67, '2026-04-07 12:40:16.206637+00', '3116ee84-6c9d-4fde-8bcc-49587655c52a'),
	('d349e39a-805e-428a-af91-81576b82bd6b', '6db47d6b-6e2e-4886-a262-520a91854f4c', '7d38e671-7e51-4c5b-a569-cb8b7b3523fd', '12a19452-da8e-45bf-a344-48e3abbe740d', 1666.67, '2026-04-07 12:40:16.206637+00', '3116ee84-6c9d-4fde-8bcc-49587655c52a'),
	('4925389b-83fb-4741-b765-7779f3664998', '6db47d6b-6e2e-4886-a262-520a91854f4c', '7d38e671-7e51-4c5b-a569-cb8b7b3523fd', '96b5a75b-a747-4312-92f0-3deaf06b04eb', 1666.66, '2026-04-07 12:40:16.206637+00', '3116ee84-6c9d-4fde-8bcc-49587655c52a'),
	('f159b267-a8a9-4308-9bd3-3ea067898d8c', '6db47d6b-6e2e-4886-a262-520a91854f4c', '7d38e671-7e51-4c5b-a569-cb8b7b3523fd', 'c918713f-4b34-45ca-ac33-5d2d2028a837', 0, '2026-04-07 12:40:16.206637+00', '3116ee84-6c9d-4fde-8bcc-49587655c52a'),
	('c175fd60-1474-4467-9f45-0d4bd6a0047a', '6db47d6b-6e2e-4886-a262-520a91854f4c', '8d9dac74-e968-4a7a-bed4-c8b9ecffe733', '96b5a75b-a747-4312-92f0-3deaf06b04eb', 550, '2026-04-07 13:19:34.910325+00', '3116ee84-6c9d-4fde-8bcc-49587655c52a'),
	('6ea97965-dda6-42c8-9bb2-8b02067a06e7', '6db47d6b-6e2e-4886-a262-520a91854f4c', '8d9dac74-e968-4a7a-bed4-c8b9ecffe733', 'c918713f-4b34-45ca-ac33-5d2d2028a837', 0, '2026-04-07 13:19:34.910325+00', '3116ee84-6c9d-4fde-8bcc-49587655c52a'),
	('0e252ea9-74c7-4ef1-b8f6-ca8fa74d3577', '6db47d6b-6e2e-4886-a262-520a91854f4c', '18c652aa-5f16-48ba-8019-f48f1b878348', '36112a16-5035-40ac-b67b-a8e71d0413fd', 800, '2026-04-08 09:12:09.061277+00', '3116ee84-6c9d-4fde-8bcc-49587655c52a'),
	('90820739-aafc-484e-8a84-ab11b6f4bc17', '6db47d6b-6e2e-4886-a262-520a91854f4c', '18c652aa-5f16-48ba-8019-f48f1b878348', '12a19452-da8e-45bf-a344-48e3abbe740d', 800, '2026-04-08 09:12:09.061277+00', '3116ee84-6c9d-4fde-8bcc-49587655c52a'),
	('b52b1dbe-b22f-4ace-b17a-3fdecda5a213', '6db47d6b-6e2e-4886-a262-520a91854f4c', '18c652aa-5f16-48ba-8019-f48f1b878348', '96b5a75b-a747-4312-92f0-3deaf06b04eb', 800, '2026-04-08 09:12:09.061277+00', '3116ee84-6c9d-4fde-8bcc-49587655c52a'),
	('3a9511d7-6a39-489b-98a8-3f1adef9aec3', '6db47d6b-6e2e-4886-a262-520a91854f4c', '18c652aa-5f16-48ba-8019-f48f1b878348', 'c918713f-4b34-45ca-ac33-5d2d2028a837', 0, '2026-04-08 09:12:09.061277+00', '3116ee84-6c9d-4fde-8bcc-49587655c52a'),
	('64f76d3d-a757-4cb1-9dbc-7981cee72706', '6db47d6b-6e2e-4886-a262-520a91854f4c', '5a93ea7d-4c6e-49d6-a6b6-f85fe444ff14', '36112a16-5035-40ac-b67b-a8e71d0413fd', 1005, '2026-04-08 09:59:02.82446+00', '3116ee84-6c9d-4fde-8bcc-49587655c52a'),
	('01f612ae-09a1-449c-b51e-186f52dcfbf0', '6db47d6b-6e2e-4886-a262-520a91854f4c', '5a93ea7d-4c6e-49d6-a6b6-f85fe444ff14', '12a19452-da8e-45bf-a344-48e3abbe740d', 1005, '2026-04-08 09:59:02.82446+00', '3116ee84-6c9d-4fde-8bcc-49587655c52a'),
	('b1553dbc-4cb1-49cd-81ee-4d78fd54e846', '6db47d6b-6e2e-4886-a262-520a91854f4c', '5a93ea7d-4c6e-49d6-a6b6-f85fe444ff14', '96b5a75b-a747-4312-92f0-3deaf06b04eb', 1005, '2026-04-08 09:59:02.82446+00', '3116ee84-6c9d-4fde-8bcc-49587655c52a'),
	('58829639-91ff-41eb-97b1-4a447ad30037', '6db47d6b-6e2e-4886-a262-520a91854f4c', '5a93ea7d-4c6e-49d6-a6b6-f85fe444ff14', 'c918713f-4b34-45ca-ac33-5d2d2028a837', 0, '2026-04-08 09:59:02.82446+00', '3116ee84-6c9d-4fde-8bcc-49587655c52a'),
	('8507f161-91ca-4725-98bb-9718bea838ec', '6db47d6b-6e2e-4886-a262-520a91854f4c', '534d4b48-d5e0-4c7d-93c1-9bc4bd1f76ed', '36112a16-5035-40ac-b67b-a8e71d0413fd', 466.66, '2026-04-08 11:02:07.864684+00', '3116ee84-6c9d-4fde-8bcc-49587655c52a'),
	('d265bc61-63d7-40bc-8808-139ff6ac66d6', '6db47d6b-6e2e-4886-a262-520a91854f4c', '534d4b48-d5e0-4c7d-93c1-9bc4bd1f76ed', '12a19452-da8e-45bf-a344-48e3abbe740d', 466.67, '2026-04-08 11:02:07.864684+00', '3116ee84-6c9d-4fde-8bcc-49587655c52a'),
	('adf4c658-8ef2-4b43-848f-f8bc5f3c2824', '6db47d6b-6e2e-4886-a262-520a91854f4c', '534d4b48-d5e0-4c7d-93c1-9bc4bd1f76ed', '96b5a75b-a747-4312-92f0-3deaf06b04eb', 466.67, '2026-04-08 11:02:07.864684+00', '3116ee84-6c9d-4fde-8bcc-49587655c52a'),
	('ed437fe1-04ea-46b9-8a1a-c50133a123c5', '6db47d6b-6e2e-4886-a262-520a91854f4c', 'dbfcf8af-8c2c-4905-90be-2e10495a7d4f', '36112a16-5035-40ac-b67b-a8e71d0413fd', 3150, '2026-04-02 07:04:37.068677+00', '3116ee84-6c9d-4fde-8bcc-49587655c52a'),
	('e0cd8e57-3604-42e6-b52f-475821f9b277', '6db47d6b-6e2e-4886-a262-520a91854f4c', 'dbfcf8af-8c2c-4905-90be-2e10495a7d4f', '12a19452-da8e-45bf-a344-48e3abbe740d', 3150, '2026-04-02 07:04:37.068677+00', '3116ee84-6c9d-4fde-8bcc-49587655c52a'),
	('7ea82bdd-95b3-418b-ad3e-f9d7e30c0ea3', '6db47d6b-6e2e-4886-a262-520a91854f4c', 'dbfcf8af-8c2c-4905-90be-2e10495a7d4f', '96b5a75b-a747-4312-92f0-3deaf06b04eb', 0, '2026-04-02 07:04:37.068677+00', '3116ee84-6c9d-4fde-8bcc-49587655c52a'),
	('c08f93ec-2c76-42b4-88bb-85bdcf3e11fa', '6db47d6b-6e2e-4886-a262-520a91854f4c', 'dbfcf8af-8c2c-4905-90be-2e10495a7d4f', 'c918713f-4b34-45ca-ac33-5d2d2028a837', 0, '2026-04-02 07:04:37.068677+00', '3116ee84-6c9d-4fde-8bcc-49587655c52a'),
	('4d32ae04-8898-4987-8d05-95048e6bc400', '6db47d6b-6e2e-4886-a262-520a91854f4c', '12f9bed1-3b80-4231-a37f-e9212daa60bc', '36112a16-5035-40ac-b67b-a8e71d0413fd', 1000, '2026-04-02 07:05:03.518786+00', '3116ee84-6c9d-4fde-8bcc-49587655c52a'),
	('01834396-84ea-424a-9eb1-0df6ce3f98f9', '6db47d6b-6e2e-4886-a262-520a91854f4c', '12f9bed1-3b80-4231-a37f-e9212daa60bc', '12a19452-da8e-45bf-a344-48e3abbe740d', 1000, '2026-04-02 07:05:03.518786+00', '3116ee84-6c9d-4fde-8bcc-49587655c52a'),
	('64c03d25-6e16-424a-91b4-6bac62b58971', '6db47d6b-6e2e-4886-a262-520a91854f4c', '12f9bed1-3b80-4231-a37f-e9212daa60bc', '96b5a75b-a747-4312-92f0-3deaf06b04eb', 0, '2026-04-02 07:05:03.518786+00', '3116ee84-6c9d-4fde-8bcc-49587655c52a'),
	('6687fa2d-a6be-4069-b24d-93d435ca448e', '6db47d6b-6e2e-4886-a262-520a91854f4c', '12f9bed1-3b80-4231-a37f-e9212daa60bc', 'c918713f-4b34-45ca-ac33-5d2d2028a837', 0, '2026-04-02 07:05:03.518786+00', '3116ee84-6c9d-4fde-8bcc-49587655c52a'),
	('a7ded1d6-d0fd-458e-9bd2-72684bd8c947', '6db47d6b-6e2e-4886-a262-520a91854f4c', '534d4b48-d5e0-4c7d-93c1-9bc4bd1f76ed', 'c918713f-4b34-45ca-ac33-5d2d2028a837', 0, '2026-04-08 11:02:07.864684+00', '3116ee84-6c9d-4fde-8bcc-49587655c52a'),
	('2a5afa5b-9118-42ca-aceb-bf2e6bd43717', '6db47d6b-6e2e-4886-a262-520a91854f4c', '71809fa7-abda-4896-aa6f-074ff4089369', '36112a16-5035-40ac-b67b-a8e71d0413fd', 666.67, '2026-04-08 11:02:54.981195+00', '3116ee84-6c9d-4fde-8bcc-49587655c52a'),
	('89eb9a45-e12e-432b-a159-42b56eaa1658', '6db47d6b-6e2e-4886-a262-520a91854f4c', '71809fa7-abda-4896-aa6f-074ff4089369', '12a19452-da8e-45bf-a344-48e3abbe740d', 666.67, '2026-04-08 11:02:54.981195+00', '3116ee84-6c9d-4fde-8bcc-49587655c52a'),
	('3a82ea23-f7d7-4325-99da-37806c3cc1e6', '6db47d6b-6e2e-4886-a262-520a91854f4c', '71809fa7-abda-4896-aa6f-074ff4089369', '96b5a75b-a747-4312-92f0-3deaf06b04eb', 666.66, '2026-04-08 11:02:54.981195+00', '3116ee84-6c9d-4fde-8bcc-49587655c52a'),
	('1493c0e6-53f5-44f8-9627-f2ce30e660bd', '6db47d6b-6e2e-4886-a262-520a91854f4c', '71809fa7-abda-4896-aa6f-074ff4089369', 'c918713f-4b34-45ca-ac33-5d2d2028a837', 0, '2026-04-08 11:02:54.981195+00', '3116ee84-6c9d-4fde-8bcc-49587655c52a'),
	('19f78dfa-a3d6-4526-b1ae-26e21d4dedbc', '6db47d6b-6e2e-4886-a262-520a91854f4c', '37040fce-c2f6-4b58-8258-4d089363a09e', '36112a16-5035-40ac-b67b-a8e71d0413fd', 1900, '2026-04-09 12:05:39.903736+00', '3116ee84-6c9d-4fde-8bcc-49587655c52a'),
	('1601b035-cc25-4237-923d-bf9b4bb56ac3', '6db47d6b-6e2e-4886-a262-520a91854f4c', '37040fce-c2f6-4b58-8258-4d089363a09e', '12a19452-da8e-45bf-a344-48e3abbe740d', 1900, '2026-04-09 12:05:39.903736+00', '3116ee84-6c9d-4fde-8bcc-49587655c52a'),
	('22a1a108-e6b7-407e-9906-ed6397b79645', '6db47d6b-6e2e-4886-a262-520a91854f4c', '37040fce-c2f6-4b58-8258-4d089363a09e', '96b5a75b-a747-4312-92f0-3deaf06b04eb', 1900, '2026-04-09 12:05:39.903736+00', '3116ee84-6c9d-4fde-8bcc-49587655c52a'),
	('6a673379-3344-4f2d-8d0f-c88f8a243634', '6db47d6b-6e2e-4886-a262-520a91854f4c', '37040fce-c2f6-4b58-8258-4d089363a09e', 'c918713f-4b34-45ca-ac33-5d2d2028a837', 0, '2026-04-09 12:05:39.903736+00', '3116ee84-6c9d-4fde-8bcc-49587655c52a'),
	('47b12fc4-db0e-40d3-b792-e32ceed5c94b', '6db47d6b-6e2e-4886-a262-520a91854f4c', '8504a400-14d3-4f0e-b4db-d47a1bd9b582', '36112a16-5035-40ac-b67b-a8e71d0413fd', 14.13, '2026-04-10 02:52:42.262522+00', '3116ee84-6c9d-4fde-8bcc-49587655c52a'),
	('5f83d0ba-c999-41b4-beb6-d90d3a1b4029', '6db47d6b-6e2e-4886-a262-520a91854f4c', '8504a400-14d3-4f0e-b4db-d47a1bd9b582', '12a19452-da8e-45bf-a344-48e3abbe740d', 14.12, '2026-04-10 02:52:42.262522+00', '3116ee84-6c9d-4fde-8bcc-49587655c52a'),
	('e6bf38e4-f609-4065-aa69-0d8555f4ee0a', '6db47d6b-6e2e-4886-a262-520a91854f4c', '8504a400-14d3-4f0e-b4db-d47a1bd9b582', '96b5a75b-a747-4312-92f0-3deaf06b04eb', 14.12, '2026-04-10 02:52:42.262522+00', '3116ee84-6c9d-4fde-8bcc-49587655c52a'),
	('610d7e4a-d814-4873-a4c8-bc4bbe9d7cd3', '6db47d6b-6e2e-4886-a262-520a91854f4c', '8504a400-14d3-4f0e-b4db-d47a1bd9b582', 'c918713f-4b34-45ca-ac33-5d2d2028a837', 0, '2026-04-10 02:52:42.262522+00', '3116ee84-6c9d-4fde-8bcc-49587655c52a'),
	('62e1341a-2e7e-4ee8-a5f7-f61b1279c1ab', '6db47d6b-6e2e-4886-a262-520a91854f4c', 'bed43895-749a-4a70-9a25-c333e76ee31c', '36112a16-5035-40ac-b67b-a8e71d0413fd', 2200, '2026-04-10 11:10:36.143+00', '3116ee84-6c9d-4fde-8bcc-49587655c52a'),
	('2cdc0ea0-298a-442c-9e21-3855416b7b75', '6db47d6b-6e2e-4886-a262-520a91854f4c', 'bed43895-749a-4a70-9a25-c333e76ee31c', '12a19452-da8e-45bf-a344-48e3abbe740d', 2200, '2026-04-10 11:10:36.143+00', '3116ee84-6c9d-4fde-8bcc-49587655c52a'),
	('13b781b0-88d3-4978-b84b-4c385b02ee98', '6db47d6b-6e2e-4886-a262-520a91854f4c', 'bed43895-749a-4a70-9a25-c333e76ee31c', '96b5a75b-a747-4312-92f0-3deaf06b04eb', 0, '2026-04-10 11:10:36.143+00', '3116ee84-6c9d-4fde-8bcc-49587655c52a'),
	('e5010482-255f-4909-8236-2c5025b0f10e', '6db47d6b-6e2e-4886-a262-520a91854f4c', 'bed43895-749a-4a70-9a25-c333e76ee31c', 'c918713f-4b34-45ca-ac33-5d2d2028a837', 0, '2026-04-10 11:10:36.143+00', '3116ee84-6c9d-4fde-8bcc-49587655c52a'),
	('cfdc4eca-54bc-404a-b72e-9498473a7633', '6db47d6b-6e2e-4886-a262-520a91854f4c', '390b97bb-5627-442e-be83-bd1239543b83', '36112a16-5035-40ac-b67b-a8e71d0413fd', 5500, '2026-04-10 15:05:44.820867+00', '3116ee84-6c9d-4fde-8bcc-49587655c52a'),
	('ccc4e3b5-9809-47cf-b42c-d3f2b5fef79a', '6db47d6b-6e2e-4886-a262-520a91854f4c', '390b97bb-5627-442e-be83-bd1239543b83', '12a19452-da8e-45bf-a344-48e3abbe740d', 5500, '2026-04-10 15:05:44.820867+00', '3116ee84-6c9d-4fde-8bcc-49587655c52a'),
	('f3311d25-e939-4fc1-987c-41f59c381bd9', '6db47d6b-6e2e-4886-a262-520a91854f4c', '390b97bb-5627-442e-be83-bd1239543b83', '96b5a75b-a747-4312-92f0-3deaf06b04eb', 5500, '2026-04-10 15:05:44.820867+00', '3116ee84-6c9d-4fde-8bcc-49587655c52a'),
	('dc34dc82-5908-4460-b677-f9c682d80164', '6db47d6b-6e2e-4886-a262-520a91854f4c', '390b97bb-5627-442e-be83-bd1239543b83', 'c918713f-4b34-45ca-ac33-5d2d2028a837', 0, '2026-04-10 15:05:44.820867+00', '3116ee84-6c9d-4fde-8bcc-49587655c52a'),
	('11a60534-e799-4e22-8926-0e554a6c9e29', '6db47d6b-6e2e-4886-a262-520a91854f4c', '1a4173ff-5ae4-4913-9f5d-b24098549c29', '36112a16-5035-40ac-b67b-a8e71d0413fd', 2600, '2026-04-11 04:55:56.87849+00', '3116ee84-6c9d-4fde-8bcc-49587655c52a'),
	('eeefd89c-69e2-4828-807c-4dbaccca6b5f', '6db47d6b-6e2e-4886-a262-520a91854f4c', '1a4173ff-5ae4-4913-9f5d-b24098549c29', '12a19452-da8e-45bf-a344-48e3abbe740d', 2600, '2026-04-11 04:55:56.87849+00', '3116ee84-6c9d-4fde-8bcc-49587655c52a'),
	('a345752c-9249-4d40-b3f3-eec1d8aaba1a', '6db47d6b-6e2e-4886-a262-520a91854f4c', '1a4173ff-5ae4-4913-9f5d-b24098549c29', '96b5a75b-a747-4312-92f0-3deaf06b04eb', 1300, '2026-04-11 04:55:56.87849+00', '3116ee84-6c9d-4fde-8bcc-49587655c52a'),
	('d97332d8-f697-480d-b9d1-d4aceeed2370', '6db47d6b-6e2e-4886-a262-520a91854f4c', '1a4173ff-5ae4-4913-9f5d-b24098549c29', 'c918713f-4b34-45ca-ac33-5d2d2028a837', 0, '2026-04-11 04:55:56.87849+00', '3116ee84-6c9d-4fde-8bcc-49587655c52a'),
	('bbb833c2-bfae-4ddd-8381-2f5a1bad1b04', '6db47d6b-6e2e-4886-a262-520a91854f4c', '689d4e5d-5906-4ef7-949d-50b5cd2218df', '36112a16-5035-40ac-b67b-a8e71d0413fd', 170, '2026-04-11 07:48:59.46911+00', '3116ee84-6c9d-4fde-8bcc-49587655c52a'),
	('ed416d4b-953d-46b2-946c-0e28ded6a016', '6db47d6b-6e2e-4886-a262-520a91854f4c', '689d4e5d-5906-4ef7-949d-50b5cd2218df', '12a19452-da8e-45bf-a344-48e3abbe740d', 170, '2026-04-11 07:48:59.46911+00', '3116ee84-6c9d-4fde-8bcc-49587655c52a'),
	('ce5a1afe-1d7a-403c-b4ed-b87caa44043f', '6db47d6b-6e2e-4886-a262-520a91854f4c', '689d4e5d-5906-4ef7-949d-50b5cd2218df', '96b5a75b-a747-4312-92f0-3deaf06b04eb', 0, '2026-04-11 07:48:59.46911+00', '3116ee84-6c9d-4fde-8bcc-49587655c52a'),
	('77af8e74-024a-43cd-8c8a-38a04cc1ad31', '6db47d6b-6e2e-4886-a262-520a91854f4c', '689d4e5d-5906-4ef7-949d-50b5cd2218df', 'c918713f-4b34-45ca-ac33-5d2d2028a837', 0, '2026-04-11 07:48:59.46911+00', '3116ee84-6c9d-4fde-8bcc-49587655c52a'),
	('21f0daa3-84a5-4b4d-a2cb-3aef074a3007', '6db47d6b-6e2e-4886-a262-520a91854f4c', 'a884846b-1296-486a-ade8-e13c8df4fdab', '36112a16-5035-40ac-b67b-a8e71d0413fd', 530, '2026-04-11 07:49:55.024889+00', '3116ee84-6c9d-4fde-8bcc-49587655c52a'),
	('d8da943f-e590-4626-8b60-71d921d18d0a', '6db47d6b-6e2e-4886-a262-520a91854f4c', 'a884846b-1296-486a-ade8-e13c8df4fdab', '12a19452-da8e-45bf-a344-48e3abbe740d', 530, '2026-04-11 07:49:55.024889+00', '3116ee84-6c9d-4fde-8bcc-49587655c52a'),
	('347200a9-7904-4cbc-9960-1a12b7040f89', '6db47d6b-6e2e-4886-a262-520a91854f4c', 'a884846b-1296-486a-ade8-e13c8df4fdab', '96b5a75b-a747-4312-92f0-3deaf06b04eb', 0, '2026-04-11 07:49:55.024889+00', '3116ee84-6c9d-4fde-8bcc-49587655c52a'),
	('d433e193-e8a5-4477-a769-1c51d24a3ccb', '6db47d6b-6e2e-4886-a262-520a91854f4c', 'a884846b-1296-486a-ade8-e13c8df4fdab', 'c918713f-4b34-45ca-ac33-5d2d2028a837', 0, '2026-04-11 07:49:55.024889+00', '3116ee84-6c9d-4fde-8bcc-49587655c52a'),
	('8d7e8ce7-0268-4d3e-b87a-7366be592ed1', '6db47d6b-6e2e-4886-a262-520a91854f4c', 'e4c05f55-0662-471f-83f3-9a86e2a7b12f', '36112a16-5035-40ac-b67b-a8e71d0413fd', 1666.67, '2026-04-11 08:38:39.023101+00', '3116ee84-6c9d-4fde-8bcc-49587655c52a'),
	('5bc73274-8f2e-4c42-940e-171da4a80f56', '6db47d6b-6e2e-4886-a262-520a91854f4c', 'e4c05f55-0662-471f-83f3-9a86e2a7b12f', '12a19452-da8e-45bf-a344-48e3abbe740d', 1666.67, '2026-04-11 08:38:39.023101+00', '3116ee84-6c9d-4fde-8bcc-49587655c52a'),
	('1e7b3893-550e-47e0-a098-0d9b2f113841', '6db47d6b-6e2e-4886-a262-520a91854f4c', 'e4c05f55-0662-471f-83f3-9a86e2a7b12f', '96b5a75b-a747-4312-92f0-3deaf06b04eb', 1666.66, '2026-04-11 08:38:39.023101+00', '3116ee84-6c9d-4fde-8bcc-49587655c52a'),
	('c78c9154-16cc-436c-ac56-0619fa097488', '6db47d6b-6e2e-4886-a262-520a91854f4c', 'e4c05f55-0662-471f-83f3-9a86e2a7b12f', 'c918713f-4b34-45ca-ac33-5d2d2028a837', 0, '2026-04-11 08:38:39.023101+00', '3116ee84-6c9d-4fde-8bcc-49587655c52a'),
	('ceb43629-4b0c-49e8-a558-b4b57fcdfa12', '6db47d6b-6e2e-4886-a262-520a91854f4c', 'fe31fbde-beb6-40b9-926a-af87e9cb7423', '36112a16-5035-40ac-b67b-a8e71d0413fd', 991.33, '2026-04-11 09:02:23.65277+00', '3116ee84-6c9d-4fde-8bcc-49587655c52a'),
	('c8efc29f-d132-452f-8268-1c5c3033ece8', '6db47d6b-6e2e-4886-a262-520a91854f4c', 'fe31fbde-beb6-40b9-926a-af87e9cb7423', '12a19452-da8e-45bf-a344-48e3abbe740d', 991.34, '2026-04-11 09:02:23.65277+00', '3116ee84-6c9d-4fde-8bcc-49587655c52a'),
	('cdd346b2-1fe0-4ebf-9308-92d53fab6067', '6db47d6b-6e2e-4886-a262-520a91854f4c', 'fe31fbde-beb6-40b9-926a-af87e9cb7423', '96b5a75b-a747-4312-92f0-3deaf06b04eb', 991.33, '2026-04-11 09:02:23.65277+00', '3116ee84-6c9d-4fde-8bcc-49587655c52a'),
	('500646ce-8e4a-4f42-9c50-da050412da0e', '6db47d6b-6e2e-4886-a262-520a91854f4c', 'fe31fbde-beb6-40b9-926a-af87e9cb7423', 'c918713f-4b34-45ca-ac33-5d2d2028a837', 0, '2026-04-11 09:02:23.65277+00', '3116ee84-6c9d-4fde-8bcc-49587655c52a'),
	('91203e6e-2c3e-4d05-bd5d-89f98f1465e3', '6db47d6b-6e2e-4886-a262-520a91854f4c', '7166b021-81bf-4721-8258-45327e042072', '36112a16-5035-40ac-b67b-a8e71d0413fd', 1666.67, '2026-04-12 03:49:50.78131+00', '3116ee84-6c9d-4fde-8bcc-49587655c52a'),
	('5b873c6e-84e3-4f49-a660-418ffe28e8b7', '6db47d6b-6e2e-4886-a262-520a91854f4c', '7166b021-81bf-4721-8258-45327e042072', '12a19452-da8e-45bf-a344-48e3abbe740d', 1666.67, '2026-04-12 03:49:50.78131+00', '3116ee84-6c9d-4fde-8bcc-49587655c52a'),
	('d8249974-bd49-46f8-9e93-0f5749b8193e', '6db47d6b-6e2e-4886-a262-520a91854f4c', '7166b021-81bf-4721-8258-45327e042072', '96b5a75b-a747-4312-92f0-3deaf06b04eb', 1666.66, '2026-04-12 03:49:50.78131+00', '3116ee84-6c9d-4fde-8bcc-49587655c52a'),
	('9c318050-78e6-4643-8e36-35e5af56b68c', '6db47d6b-6e2e-4886-a262-520a91854f4c', '7166b021-81bf-4721-8258-45327e042072', 'c918713f-4b34-45ca-ac33-5d2d2028a837', 0, '2026-04-12 03:49:50.78131+00', '3116ee84-6c9d-4fde-8bcc-49587655c52a'),
	('8b622027-4043-473b-b043-0c6e532d17ff', '6db47d6b-6e2e-4886-a262-520a91854f4c', '821075d9-6ad5-4080-8a25-a61ec7b1226c', '36112a16-5035-40ac-b67b-a8e71d0413fd', 3833.34, '2026-04-12 03:52:39.425474+00', '3116ee84-6c9d-4fde-8bcc-49587655c52a'),
	('8c24a152-0bb0-4c3f-9fed-b93f112e5448', '6db47d6b-6e2e-4886-a262-520a91854f4c', '821075d9-6ad5-4080-8a25-a61ec7b1226c', '12a19452-da8e-45bf-a344-48e3abbe740d', 3833.33, '2026-04-12 03:52:39.425474+00', '3116ee84-6c9d-4fde-8bcc-49587655c52a'),
	('92e0491a-7d6a-47e6-b9dc-ee9855bde62a', '6db47d6b-6e2e-4886-a262-520a91854f4c', '821075d9-6ad5-4080-8a25-a61ec7b1226c', '96b5a75b-a747-4312-92f0-3deaf06b04eb', 3833.33, '2026-04-12 03:52:39.425474+00', '3116ee84-6c9d-4fde-8bcc-49587655c52a'),
	('6701f63b-03f7-47e4-b4a8-4380dac78d6c', '6db47d6b-6e2e-4886-a262-520a91854f4c', '821075d9-6ad5-4080-8a25-a61ec7b1226c', 'c918713f-4b34-45ca-ac33-5d2d2028a837', 0, '2026-04-12 03:52:39.425474+00', '3116ee84-6c9d-4fde-8bcc-49587655c52a'),
	('37c9b30b-f5a6-4487-8b72-f828ad2abe7e', '6db47d6b-6e2e-4886-a262-520a91854f4c', '62792ba2-8938-497a-98e1-49ece33b1f2d', '36112a16-5035-40ac-b67b-a8e71d0413fd', 833.34, '2026-04-12 03:53:43.50691+00', '3116ee84-6c9d-4fde-8bcc-49587655c52a'),
	('4bae0460-914c-46bf-b0b3-925e524b07fe', '6db47d6b-6e2e-4886-a262-520a91854f4c', '62792ba2-8938-497a-98e1-49ece33b1f2d', '12a19452-da8e-45bf-a344-48e3abbe740d', 833.33, '2026-04-12 03:53:43.50691+00', '3116ee84-6c9d-4fde-8bcc-49587655c52a'),
	('baf92d3c-0c87-4f77-8422-5d82b48b038b', '6db47d6b-6e2e-4886-a262-520a91854f4c', '62792ba2-8938-497a-98e1-49ece33b1f2d', '96b5a75b-a747-4312-92f0-3deaf06b04eb', 833.33, '2026-04-12 03:53:43.50691+00', '3116ee84-6c9d-4fde-8bcc-49587655c52a'),
	('d8c9f743-f67f-4439-9cce-abebf54f8ff2', '6db47d6b-6e2e-4886-a262-520a91854f4c', '62792ba2-8938-497a-98e1-49ece33b1f2d', 'c918713f-4b34-45ca-ac33-5d2d2028a837', 0, '2026-04-12 03:53:43.50691+00', '3116ee84-6c9d-4fde-8bcc-49587655c52a'),
	('c2baff84-adce-4c26-89d4-87d84fcc7204', '6db47d6b-6e2e-4886-a262-520a91854f4c', 'd1036843-5092-4a86-9cc2-d7606d385425', '36112a16-5035-40ac-b67b-a8e71d0413fd', 500, '2026-04-12 03:55:12.105581+00', '3116ee84-6c9d-4fde-8bcc-49587655c52a'),
	('a51444a5-6033-4ef1-9797-96c6def3be31', '6db47d6b-6e2e-4886-a262-520a91854f4c', 'd1036843-5092-4a86-9cc2-d7606d385425', '12a19452-da8e-45bf-a344-48e3abbe740d', 500, '2026-04-12 03:55:12.105581+00', '3116ee84-6c9d-4fde-8bcc-49587655c52a'),
	('50a68770-ae12-4a68-a932-0c91e4b415e2', '6db47d6b-6e2e-4886-a262-520a91854f4c', 'd1036843-5092-4a86-9cc2-d7606d385425', '96b5a75b-a747-4312-92f0-3deaf06b04eb', 500, '2026-04-12 03:55:12.105581+00', '3116ee84-6c9d-4fde-8bcc-49587655c52a'),
	('8c58557a-412a-4716-a360-c14c63c67ac9', '6db47d6b-6e2e-4886-a262-520a91854f4c', 'd1036843-5092-4a86-9cc2-d7606d385425', 'c918713f-4b34-45ca-ac33-5d2d2028a837', 0, '2026-04-12 03:55:12.105581+00', '3116ee84-6c9d-4fde-8bcc-49587655c52a'),
	('f835f7bb-10c9-4562-8720-59bbc2782d3b', '6db47d6b-6e2e-4886-a262-520a91854f4c', '533b344e-b51e-4fd8-b04e-e22b1a635572', '36112a16-5035-40ac-b67b-a8e71d0413fd', 905, '2026-04-12 11:35:22.660835+00', '3116ee84-6c9d-4fde-8bcc-49587655c52a'),
	('e54c9b82-af80-4b7a-809a-737f20e86f9e', '6db47d6b-6e2e-4886-a262-520a91854f4c', '533b344e-b51e-4fd8-b04e-e22b1a635572', '12a19452-da8e-45bf-a344-48e3abbe740d', 0, '2026-04-12 11:35:22.660835+00', '3116ee84-6c9d-4fde-8bcc-49587655c52a'),
	('b0e3c0be-ee44-46b8-a8d6-2bdea452675c', '6db47d6b-6e2e-4886-a262-520a91854f4c', '533b344e-b51e-4fd8-b04e-e22b1a635572', '96b5a75b-a747-4312-92f0-3deaf06b04eb', 905, '2026-04-12 11:35:22.660835+00', '3116ee84-6c9d-4fde-8bcc-49587655c52a'),
	('b48f7005-f140-446d-ac6f-f8101384fa83', '6db47d6b-6e2e-4886-a262-520a91854f4c', '533b344e-b51e-4fd8-b04e-e22b1a635572', 'c918713f-4b34-45ca-ac33-5d2d2028a837', 0, '2026-04-12 11:35:22.660835+00', '3116ee84-6c9d-4fde-8bcc-49587655c52a'),
	('a8e76f0d-6bba-4b36-bafc-89f40576aa64', '6db47d6b-6e2e-4886-a262-520a91854f4c', 'c045a0f3-5af7-4aef-bc98-c95ddca9b7e5', '36112a16-5035-40ac-b67b-a8e71d0413fd', 20.34, '2026-04-12 11:37:30.439041+00', '3116ee84-6c9d-4fde-8bcc-49587655c52a'),
	('86a624af-0e74-4035-b163-123fafab36d0', '6db47d6b-6e2e-4886-a262-520a91854f4c', 'c045a0f3-5af7-4aef-bc98-c95ddca9b7e5', '12a19452-da8e-45bf-a344-48e3abbe740d', 20.33, '2026-04-12 11:37:30.439041+00', '3116ee84-6c9d-4fde-8bcc-49587655c52a'),
	('8ef5da45-0b9a-4d28-a3d6-b5ea8be5fcd6', '6db47d6b-6e2e-4886-a262-520a91854f4c', 'c045a0f3-5af7-4aef-bc98-c95ddca9b7e5', '96b5a75b-a747-4312-92f0-3deaf06b04eb', 20.34, '2026-04-12 11:37:30.439041+00', '3116ee84-6c9d-4fde-8bcc-49587655c52a'),
	('a7b4d7df-ccd3-41a3-bc62-5bca5e3bcdd5', '6db47d6b-6e2e-4886-a262-520a91854f4c', 'c045a0f3-5af7-4aef-bc98-c95ddca9b7e5', 'c918713f-4b34-45ca-ac33-5d2d2028a837', 0, '2026-04-12 11:37:30.439041+00', '3116ee84-6c9d-4fde-8bcc-49587655c52a'),
	('3cb0c7bb-64fa-482e-ad4c-8e9a087ba095', '6db47d6b-6e2e-4886-a262-520a91854f4c', 'ae17bb83-7a9b-432d-8073-aa810d4c2a95', '36112a16-5035-40ac-b67b-a8e71d0413fd', 260.33, '2026-04-12 11:51:33.72564+00', '3116ee84-6c9d-4fde-8bcc-49587655c52a'),
	('7b0739b9-1eaf-4103-a843-59c383f8e4b2', '6db47d6b-6e2e-4886-a262-520a91854f4c', 'ae17bb83-7a9b-432d-8073-aa810d4c2a95', '12a19452-da8e-45bf-a344-48e3abbe740d', 260.34, '2026-04-12 11:51:33.72564+00', '3116ee84-6c9d-4fde-8bcc-49587655c52a'),
	('6c025664-77e2-4ba9-b6a1-880789a37da5', '6db47d6b-6e2e-4886-a262-520a91854f4c', 'ae17bb83-7a9b-432d-8073-aa810d4c2a95', '96b5a75b-a747-4312-92f0-3deaf06b04eb', 260.33, '2026-04-12 11:51:33.72564+00', '3116ee84-6c9d-4fde-8bcc-49587655c52a'),
	('0a813e63-a5d6-464f-b160-9d9888182be8', '6db47d6b-6e2e-4886-a262-520a91854f4c', 'ae17bb83-7a9b-432d-8073-aa810d4c2a95', 'c918713f-4b34-45ca-ac33-5d2d2028a837', 0, '2026-04-12 11:51:33.72564+00', '3116ee84-6c9d-4fde-8bcc-49587655c52a'),
	('12efae98-d0d9-4b0e-8b2e-dae33465113b', '6db47d6b-6e2e-4886-a262-520a91854f4c', 'c07fb5e2-70a0-49b4-adba-66d6f37c5398', '36112a16-5035-40ac-b67b-a8e71d0413fd', 780, '2026-04-12 11:53:10.040398+00', '3116ee84-6c9d-4fde-8bcc-49587655c52a'),
	('105f3b7f-7aa6-4e52-87e4-9b91cf80fcca', '6db47d6b-6e2e-4886-a262-520a91854f4c', 'c07fb5e2-70a0-49b4-adba-66d6f37c5398', '12a19452-da8e-45bf-a344-48e3abbe740d', 1145, '2026-04-12 11:53:10.040398+00', '3116ee84-6c9d-4fde-8bcc-49587655c52a'),
	('34b77489-7f07-49d6-9259-ca94efad48ab', '6db47d6b-6e2e-4886-a262-520a91854f4c', 'c07fb5e2-70a0-49b4-adba-66d6f37c5398', '96b5a75b-a747-4312-92f0-3deaf06b04eb', 1925, '2026-04-12 11:53:10.040398+00', '3116ee84-6c9d-4fde-8bcc-49587655c52a'),
	('b5daab57-d09b-4aca-b360-b0ad12e1d1c4', '6db47d6b-6e2e-4886-a262-520a91854f4c', 'c07fb5e2-70a0-49b4-adba-66d6f37c5398', 'c918713f-4b34-45ca-ac33-5d2d2028a837', 0, '2026-04-12 11:53:10.040398+00', '3116ee84-6c9d-4fde-8bcc-49587655c52a'),
	('4d0fd240-d3b3-4f98-9d82-21363d619d3c', '6db47d6b-6e2e-4886-a262-520a91854f4c', 'f34652a1-3ffc-4ef1-897a-1ed13c5df570', '36112a16-5035-40ac-b67b-a8e71d0413fd', 2500, '2026-04-13 08:49:59.163859+00', '3116ee84-6c9d-4fde-8bcc-49587655c52a'),
	('167bfd0f-177b-4e08-89f3-9e8d2905aeec', '6db47d6b-6e2e-4886-a262-520a91854f4c', 'f34652a1-3ffc-4ef1-897a-1ed13c5df570', '12a19452-da8e-45bf-a344-48e3abbe740d', 2500, '2026-04-13 08:49:59.163859+00', '3116ee84-6c9d-4fde-8bcc-49587655c52a'),
	('2994598e-671f-4ee2-90d7-e4ace79bb436', '6db47d6b-6e2e-4886-a262-520a91854f4c', 'f34652a1-3ffc-4ef1-897a-1ed13c5df570', '96b5a75b-a747-4312-92f0-3deaf06b04eb', 2500, '2026-04-13 08:49:59.163859+00', '3116ee84-6c9d-4fde-8bcc-49587655c52a'),
	('3c6a78cc-8f78-4476-afbc-aabb743b2e64', '6db47d6b-6e2e-4886-a262-520a91854f4c', 'f34652a1-3ffc-4ef1-897a-1ed13c5df570', 'c918713f-4b34-45ca-ac33-5d2d2028a837', 0, '2026-04-13 08:49:59.163859+00', '3116ee84-6c9d-4fde-8bcc-49587655c52a'),
	('e2113f72-533a-4516-bde3-a37848095c25', '6db47d6b-6e2e-4886-a262-520a91854f4c', 'd4a11b82-fb15-43c3-8a04-11bc581f0fc4', '36112a16-5035-40ac-b67b-a8e71d0413fd', 2466.67, '2026-04-13 09:22:34.819199+00', '3116ee84-6c9d-4fde-8bcc-49587655c52a'),
	('0fd26b50-f061-48b3-a972-5579a966f528', '6db47d6b-6e2e-4886-a262-520a91854f4c', 'd4a11b82-fb15-43c3-8a04-11bc581f0fc4', '12a19452-da8e-45bf-a344-48e3abbe740d', 2466.67, '2026-04-13 09:22:34.819199+00', '3116ee84-6c9d-4fde-8bcc-49587655c52a'),
	('42059575-c5d3-4bb5-b1d0-904724399d61', '6db47d6b-6e2e-4886-a262-520a91854f4c', 'd4a11b82-fb15-43c3-8a04-11bc581f0fc4', '96b5a75b-a747-4312-92f0-3deaf06b04eb', 2466.66, '2026-04-13 09:22:34.819199+00', '3116ee84-6c9d-4fde-8bcc-49587655c52a'),
	('979dc83b-10a7-408a-adde-70dd8d25d30a', '6db47d6b-6e2e-4886-a262-520a91854f4c', 'd4a11b82-fb15-43c3-8a04-11bc581f0fc4', 'c918713f-4b34-45ca-ac33-5d2d2028a837', 0, '2026-04-13 09:22:34.819199+00', '3116ee84-6c9d-4fde-8bcc-49587655c52a'),
	('0e2432f6-bfc8-443b-828f-e79261c5dc0d', '6db47d6b-6e2e-4886-a262-520a91854f4c', '25e8058e-3cfe-4554-82f0-cae4032608bf', '36112a16-5035-40ac-b67b-a8e71d0413fd', 900, '2026-04-14 08:46:47.179183+00', '3116ee84-6c9d-4fde-8bcc-49587655c52a'),
	('c19b26d4-456c-4fad-bb65-9a3ae136832c', '6db47d6b-6e2e-4886-a262-520a91854f4c', '25e8058e-3cfe-4554-82f0-cae4032608bf', '12a19452-da8e-45bf-a344-48e3abbe740d', 900, '2026-04-14 08:46:47.179183+00', '3116ee84-6c9d-4fde-8bcc-49587655c52a'),
	('31767d58-c3ed-4e60-b11e-e1dcd896408d', '6db47d6b-6e2e-4886-a262-520a91854f4c', '25e8058e-3cfe-4554-82f0-cae4032608bf', '96b5a75b-a747-4312-92f0-3deaf06b04eb', 900, '2026-04-14 08:46:47.179183+00', '3116ee84-6c9d-4fde-8bcc-49587655c52a'),
	('e1048fda-201e-4926-ad2e-8e99d5eb9f0f', '6db47d6b-6e2e-4886-a262-520a91854f4c', '25e8058e-3cfe-4554-82f0-cae4032608bf', 'c918713f-4b34-45ca-ac33-5d2d2028a837', 0, '2026-04-14 08:46:47.179183+00', '3116ee84-6c9d-4fde-8bcc-49587655c52a'),
	('fe65aaf1-4a55-4a0d-9fd4-74ed579f534a', '6db47d6b-6e2e-4886-a262-520a91854f4c', '635a0216-37a3-4393-86a2-f747f9dd1222', '36112a16-5035-40ac-b67b-a8e71d0413fd', 2200, '2026-04-14 08:47:37.573995+00', '3116ee84-6c9d-4fde-8bcc-49587655c52a'),
	('612f291d-f2b7-41ec-97ea-d16170dfba77', '6db47d6b-6e2e-4886-a262-520a91854f4c', '635a0216-37a3-4393-86a2-f747f9dd1222', '12a19452-da8e-45bf-a344-48e3abbe740d', 2200, '2026-04-14 08:47:37.573995+00', '3116ee84-6c9d-4fde-8bcc-49587655c52a'),
	('81de73c6-668c-457d-980c-6fa0710f9712', '6db47d6b-6e2e-4886-a262-520a91854f4c', '635a0216-37a3-4393-86a2-f747f9dd1222', '96b5a75b-a747-4312-92f0-3deaf06b04eb', 2200, '2026-04-14 08:47:37.573995+00', '3116ee84-6c9d-4fde-8bcc-49587655c52a'),
	('95fc3979-c48e-4f37-b022-d488eb75266a', '6db47d6b-6e2e-4886-a262-520a91854f4c', '635a0216-37a3-4393-86a2-f747f9dd1222', 'c918713f-4b34-45ca-ac33-5d2d2028a837', 0, '2026-04-14 08:47:37.573995+00', '3116ee84-6c9d-4fde-8bcc-49587655c52a'),
	('9cccafd5-6e15-4d2c-a3fc-a8f0007a81eb', '6db47d6b-6e2e-4886-a262-520a91854f4c', '0e4e0276-55cc-4907-bba5-9ca66d81528f', '36112a16-5035-40ac-b67b-a8e71d0413fd', 3960, '2026-04-15 02:15:41.056348+00', '3116ee84-6c9d-4fde-8bcc-49587655c52a'),
	('11e33d3b-6d59-4590-bd0d-9d701b3cc23a', '6db47d6b-6e2e-4886-a262-520a91854f4c', '0e4e0276-55cc-4907-bba5-9ca66d81528f', '12a19452-da8e-45bf-a344-48e3abbe740d', 0, '2026-04-15 02:15:41.056348+00', '3116ee84-6c9d-4fde-8bcc-49587655c52a'),
	('0f41f93a-a51c-416f-99fe-e39621631326', '6db47d6b-6e2e-4886-a262-520a91854f4c', '0e4e0276-55cc-4907-bba5-9ca66d81528f', '96b5a75b-a747-4312-92f0-3deaf06b04eb', 3960, '2026-04-15 02:15:41.056348+00', '3116ee84-6c9d-4fde-8bcc-49587655c52a'),
	('876c0fcb-ec8e-434c-98de-9a44e228abe3', '6db47d6b-6e2e-4886-a262-520a91854f4c', '0e4e0276-55cc-4907-bba5-9ca66d81528f', 'c918713f-4b34-45ca-ac33-5d2d2028a837', 0, '2026-04-15 02:15:41.056348+00', '3116ee84-6c9d-4fde-8bcc-49587655c52a'),
	('fc79437b-d0be-434b-9268-5b4182705cd9', '6db47d6b-6e2e-4886-a262-520a91854f4c', '9fd62365-1398-45dc-a928-63eca4eeb098', '36112a16-5035-40ac-b67b-a8e71d0413fd', 400, '2026-04-15 02:34:11.056379+00', '3116ee84-6c9d-4fde-8bcc-49587655c52a'),
	('fcf31e31-13ca-4db2-a87e-af402fcd7fff', '6db47d6b-6e2e-4886-a262-520a91854f4c', '9fd62365-1398-45dc-a928-63eca4eeb098', '12a19452-da8e-45bf-a344-48e3abbe740d', 400, '2026-04-15 02:34:11.056379+00', '3116ee84-6c9d-4fde-8bcc-49587655c52a'),
	('bbdb6a31-f24f-4438-abd5-f6594b5368f3', '6db47d6b-6e2e-4886-a262-520a91854f4c', '9fd62365-1398-45dc-a928-63eca4eeb098', '96b5a75b-a747-4312-92f0-3deaf06b04eb', 400, '2026-04-15 02:34:11.056379+00', '3116ee84-6c9d-4fde-8bcc-49587655c52a'),
	('01cc4027-cdad-4196-a70a-ec4476632492', '6db47d6b-6e2e-4886-a262-520a91854f4c', '9fd62365-1398-45dc-a928-63eca4eeb098', 'c918713f-4b34-45ca-ac33-5d2d2028a837', 0, '2026-04-15 02:34:11.056379+00', '3116ee84-6c9d-4fde-8bcc-49587655c52a'),
	('094c861b-d7e0-4999-b01d-990c7fbb5417', '6db47d6b-6e2e-4886-a262-520a91854f4c', 'c66fe349-d979-4393-be59-baff42395d40', '36112a16-5035-40ac-b67b-a8e71d0413fd', 17.81, '2026-04-15 08:22:21.413488+00', '3116ee84-6c9d-4fde-8bcc-49587655c52a'),
	('893856ad-3cd2-4be8-a578-7ddae7fb5d6c', '6db47d6b-6e2e-4886-a262-520a91854f4c', 'c66fe349-d979-4393-be59-baff42395d40', '12a19452-da8e-45bf-a344-48e3abbe740d', 17.82, '2026-04-15 08:22:21.413488+00', '3116ee84-6c9d-4fde-8bcc-49587655c52a'),
	('0ee2216b-a456-45d4-84bd-51ee7077266f', '6db47d6b-6e2e-4886-a262-520a91854f4c', 'c66fe349-d979-4393-be59-baff42395d40', '96b5a75b-a747-4312-92f0-3deaf06b04eb', 17.81, '2026-04-15 08:22:21.413488+00', '3116ee84-6c9d-4fde-8bcc-49587655c52a'),
	('02e41b3f-7f3a-4be5-b1ae-34a53c648ea8', '6db47d6b-6e2e-4886-a262-520a91854f4c', 'c66fe349-d979-4393-be59-baff42395d40', 'c918713f-4b34-45ca-ac33-5d2d2028a837', 0, '2026-04-15 08:22:21.413488+00', '3116ee84-6c9d-4fde-8bcc-49587655c52a'),
	('abb905b6-6588-42ad-acec-7c4274c38c9c', '6db47d6b-6e2e-4886-a262-520a91854f4c', '9c06452a-52d7-437a-aedf-ab926bdb7723', '36112a16-5035-40ac-b67b-a8e71d0413fd', 10.51, '2026-04-15 08:24:49.398388+00', '3116ee84-6c9d-4fde-8bcc-49587655c52a'),
	('05568bdf-c734-45d8-9cdd-4fd0974427e2', '6db47d6b-6e2e-4886-a262-520a91854f4c', '9c06452a-52d7-437a-aedf-ab926bdb7723', '12a19452-da8e-45bf-a344-48e3abbe740d', 10.51, '2026-04-15 08:24:49.398388+00', '3116ee84-6c9d-4fde-8bcc-49587655c52a'),
	('e6d4a7a5-afca-4b8b-9107-97cf1178a6d8', '6db47d6b-6e2e-4886-a262-520a91854f4c', '9c06452a-52d7-437a-aedf-ab926bdb7723', '96b5a75b-a747-4312-92f0-3deaf06b04eb', 10.51, '2026-04-15 08:24:49.398388+00', '3116ee84-6c9d-4fde-8bcc-49587655c52a'),
	('774a2f8a-6364-4edc-ae4f-bfac995d0b43', '6db47d6b-6e2e-4886-a262-520a91854f4c', '9c06452a-52d7-437a-aedf-ab926bdb7723', 'c918713f-4b34-45ca-ac33-5d2d2028a837', 0, '2026-04-15 08:24:49.398388+00', '3116ee84-6c9d-4fde-8bcc-49587655c52a'),
	('9188d0ed-8eae-4f18-ad8d-b0221be13470', '6db47d6b-6e2e-4886-a262-520a91854f4c', '3dd4bc66-0c26-4292-8fdb-49c756fc5caf', '36112a16-5035-40ac-b67b-a8e71d0413fd', 2800, '2026-04-15 13:43:19.387123+00', '3116ee84-6c9d-4fde-8bcc-49587655c52a'),
	('6ecf1917-2b6a-4276-b5e1-9210ead5bc6d', '6db47d6b-6e2e-4886-a262-520a91854f4c', '3dd4bc66-0c26-4292-8fdb-49c756fc5caf', '12a19452-da8e-45bf-a344-48e3abbe740d', 2800, '2026-04-15 13:43:19.387123+00', '3116ee84-6c9d-4fde-8bcc-49587655c52a'),
	('76b4fe55-23c0-4eb6-bb54-4e71c3e88511', '6db47d6b-6e2e-4886-a262-520a91854f4c', '3dd4bc66-0c26-4292-8fdb-49c756fc5caf', '96b5a75b-a747-4312-92f0-3deaf06b04eb', 2500, '2026-04-15 13:43:19.387123+00', '3116ee84-6c9d-4fde-8bcc-49587655c52a'),
	('4da72f4c-a33f-4c0b-9e13-e4761c7630e7', '6db47d6b-6e2e-4886-a262-520a91854f4c', '3dd4bc66-0c26-4292-8fdb-49c756fc5caf', 'c918713f-4b34-45ca-ac33-5d2d2028a837', 0, '2026-04-15 13:43:19.387123+00', '3116ee84-6c9d-4fde-8bcc-49587655c52a'),
	('443bd44c-ac79-47bd-9070-73d7cca37deb', '6db47d6b-6e2e-4886-a262-520a91854f4c', 'd65ec6cd-6c63-45c0-8955-02444adf6719', '36112a16-5035-40ac-b67b-a8e71d0413fd', 1830, '2026-04-15 13:44:57.721649+00', '3116ee84-6c9d-4fde-8bcc-49587655c52a'),
	('fafea19f-7372-44e5-b039-1c4cd91e70d5', '6db47d6b-6e2e-4886-a262-520a91854f4c', 'd65ec6cd-6c63-45c0-8955-02444adf6719', '12a19452-da8e-45bf-a344-48e3abbe740d', 1830, '2026-04-15 13:44:57.721649+00', '3116ee84-6c9d-4fde-8bcc-49587655c52a'),
	('2bf5404e-fa15-46b6-b701-16de1f4b2567', '6db47d6b-6e2e-4886-a262-520a91854f4c', 'd65ec6cd-6c63-45c0-8955-02444adf6719', '96b5a75b-a747-4312-92f0-3deaf06b04eb', 1830, '2026-04-15 13:44:57.721649+00', '3116ee84-6c9d-4fde-8bcc-49587655c52a'),
	('950aa874-4b81-4800-bbc4-cf20787a5d6c', '6db47d6b-6e2e-4886-a262-520a91854f4c', 'd65ec6cd-6c63-45c0-8955-02444adf6719', 'c918713f-4b34-45ca-ac33-5d2d2028a837', 0, '2026-04-15 13:44:57.721649+00', '3116ee84-6c9d-4fde-8bcc-49587655c52a'),
	('72c98e48-281d-4068-83f4-e2247af2c479', '6db47d6b-6e2e-4886-a262-520a91854f4c', 'a3165ef3-330d-4149-ba07-0ec573a363d8', '36112a16-5035-40ac-b67b-a8e71d0413fd', 1333.34, '2026-04-16 04:41:19.19715+00', '3116ee84-6c9d-4fde-8bcc-49587655c52a'),
	('688415b0-9da8-4176-a776-89be696ac39c', '6db47d6b-6e2e-4886-a262-520a91854f4c', 'a3165ef3-330d-4149-ba07-0ec573a363d8', '12a19452-da8e-45bf-a344-48e3abbe740d', 1333.33, '2026-04-16 04:41:19.19715+00', '3116ee84-6c9d-4fde-8bcc-49587655c52a'),
	('896427f4-249a-4d4c-928d-5716a4fb7297', '6db47d6b-6e2e-4886-a262-520a91854f4c', 'a3165ef3-330d-4149-ba07-0ec573a363d8', '96b5a75b-a747-4312-92f0-3deaf06b04eb', 1333.33, '2026-04-16 04:41:19.19715+00', '3116ee84-6c9d-4fde-8bcc-49587655c52a'),
	('5b556702-16dd-4445-a17a-f7a5150f8534', '6db47d6b-6e2e-4886-a262-520a91854f4c', 'a3165ef3-330d-4149-ba07-0ec573a363d8', 'c918713f-4b34-45ca-ac33-5d2d2028a837', 0, '2026-04-16 04:41:19.19715+00', '3116ee84-6c9d-4fde-8bcc-49587655c52a'),
	('37b953f3-933c-4e43-90f5-cd806c7e6712', '6db47d6b-6e2e-4886-a262-520a91854f4c', '0dbb3c0d-9505-436e-84d4-4820a97db0d0', '36112a16-5035-40ac-b67b-a8e71d0413fd', 800, '2026-04-16 04:42:24.288856+00', '3116ee84-6c9d-4fde-8bcc-49587655c52a'),
	('04949650-bc24-4c95-b57b-f31799e4c70f', '6db47d6b-6e2e-4886-a262-520a91854f4c', '0dbb3c0d-9505-436e-84d4-4820a97db0d0', '12a19452-da8e-45bf-a344-48e3abbe740d', 1505, '2026-04-16 04:42:24.288856+00', '3116ee84-6c9d-4fde-8bcc-49587655c52a'),
	('6eab3538-bb69-4369-ae84-afeadb00f620', '6db47d6b-6e2e-4886-a262-520a91854f4c', '0dbb3c0d-9505-436e-84d4-4820a97db0d0', '96b5a75b-a747-4312-92f0-3deaf06b04eb', 1505, '2026-04-16 04:42:24.288856+00', '3116ee84-6c9d-4fde-8bcc-49587655c52a'),
	('f84b84e9-46e1-490b-85b1-7fd55fac4906', '6db47d6b-6e2e-4886-a262-520a91854f4c', '0dbb3c0d-9505-436e-84d4-4820a97db0d0', 'c918713f-4b34-45ca-ac33-5d2d2028a837', 0, '2026-04-16 04:42:24.288856+00', '3116ee84-6c9d-4fde-8bcc-49587655c52a'),
	('d607f52e-78ba-4a4b-87dd-154016623e9e', '6db47d6b-6e2e-4886-a262-520a91854f4c', '6f809318-317d-4ae5-8044-44180d68deb3', '36112a16-5035-40ac-b67b-a8e71d0413fd', 2500, '2026-04-16 10:03:09.427506+00', '3116ee84-6c9d-4fde-8bcc-49587655c52a'),
	('ebf19603-4223-4640-b4b7-4f1c49a8ffda', '6db47d6b-6e2e-4886-a262-520a91854f4c', '6f809318-317d-4ae5-8044-44180d68deb3', '12a19452-da8e-45bf-a344-48e3abbe740d', 2500, '2026-04-16 10:03:09.427506+00', '3116ee84-6c9d-4fde-8bcc-49587655c52a'),
	('3c438d41-bd93-43fb-ac7b-bd80bd9a72ad', '6db47d6b-6e2e-4886-a262-520a91854f4c', '6f809318-317d-4ae5-8044-44180d68deb3', '96b5a75b-a747-4312-92f0-3deaf06b04eb', 2500, '2026-04-16 10:03:09.427506+00', '3116ee84-6c9d-4fde-8bcc-49587655c52a'),
	('eabd378d-473b-47dd-92d6-9bc3e7c42f4b', '6db47d6b-6e2e-4886-a262-520a91854f4c', '6f809318-317d-4ae5-8044-44180d68deb3', 'c918713f-4b34-45ca-ac33-5d2d2028a837', 0, '2026-04-16 10:03:09.427506+00', '3116ee84-6c9d-4fde-8bcc-49587655c52a'),
	('f60cb533-107e-45da-89d6-77b80cc81201', '6db47d6b-6e2e-4886-a262-520a91854f4c', 'd6a8ea50-9e5f-4361-ad52-2fdb3f840cfe', '36112a16-5035-40ac-b67b-a8e71d0413fd', 283.34, '2026-04-16 10:24:53.352615+00', '3116ee84-6c9d-4fde-8bcc-49587655c52a'),
	('50978e77-0917-4ee9-8191-5dc6ba67c672', '6db47d6b-6e2e-4886-a262-520a91854f4c', 'd6a8ea50-9e5f-4361-ad52-2fdb3f840cfe', '12a19452-da8e-45bf-a344-48e3abbe740d', 283.33, '2026-04-16 10:24:53.352615+00', '3116ee84-6c9d-4fde-8bcc-49587655c52a'),
	('2eb21edb-60e2-49c3-bf14-296f983217e6', '6db47d6b-6e2e-4886-a262-520a91854f4c', 'd6a8ea50-9e5f-4361-ad52-2fdb3f840cfe', '96b5a75b-a747-4312-92f0-3deaf06b04eb', 283.33, '2026-04-16 10:24:53.352615+00', '3116ee84-6c9d-4fde-8bcc-49587655c52a'),
	('72e13913-eb2c-41c5-ab2a-080e687ed032', '6db47d6b-6e2e-4886-a262-520a91854f4c', 'd6a8ea50-9e5f-4361-ad52-2fdb3f840cfe', 'c918713f-4b34-45ca-ac33-5d2d2028a837', 0, '2026-04-16 10:24:53.352615+00', '3116ee84-6c9d-4fde-8bcc-49587655c52a'),
	('8b9c8c85-9e48-42ff-a7d5-42aa74ffcccb', '6db47d6b-6e2e-4886-a262-520a91854f4c', '4f3d1857-d185-4949-893e-30131bee0e4c', '36112a16-5035-40ac-b67b-a8e71d0413fd', 1800, '2026-04-16 10:25:53.527078+00', '3116ee84-6c9d-4fde-8bcc-49587655c52a'),
	('65d5e2a1-6552-4154-b7d8-492ee522ae93', '6db47d6b-6e2e-4886-a262-520a91854f4c', '4f3d1857-d185-4949-893e-30131bee0e4c', '12a19452-da8e-45bf-a344-48e3abbe740d', 1800, '2026-04-16 10:25:53.527078+00', '3116ee84-6c9d-4fde-8bcc-49587655c52a'),
	('9b16a6a0-4dc6-47fe-b6d7-ba7d793ffa02', '6db47d6b-6e2e-4886-a262-520a91854f4c', '4f3d1857-d185-4949-893e-30131bee0e4c', '96b5a75b-a747-4312-92f0-3deaf06b04eb', 1800, '2026-04-16 10:25:53.527078+00', '3116ee84-6c9d-4fde-8bcc-49587655c52a'),
	('6b8605ba-9fbb-4dca-ba45-dbaf7a220366', '6db47d6b-6e2e-4886-a262-520a91854f4c', '4f3d1857-d185-4949-893e-30131bee0e4c', 'c918713f-4b34-45ca-ac33-5d2d2028a837', 0, '2026-04-16 10:25:53.527078+00', '3116ee84-6c9d-4fde-8bcc-49587655c52a'),
	('0f5153fb-c6e5-4fac-aabf-f3c1b6870645', '6db47d6b-6e2e-4886-a262-520a91854f4c', '82957107-910a-4481-a021-0dc1de41c0e7', '36112a16-5035-40ac-b67b-a8e71d0413fd', 12, '2026-04-17 04:36:26.093488+00', '3116ee84-6c9d-4fde-8bcc-49587655c52a'),
	('ef2ab0b2-e3d7-4fda-b455-2d644b95ed7a', '6db47d6b-6e2e-4886-a262-520a91854f4c', '82957107-910a-4481-a021-0dc1de41c0e7', '12a19452-da8e-45bf-a344-48e3abbe740d', 12, '2026-04-17 04:36:26.093488+00', '3116ee84-6c9d-4fde-8bcc-49587655c52a'),
	('155a3563-6295-4aa0-8048-5da1f0b61de6', '6db47d6b-6e2e-4886-a262-520a91854f4c', '82957107-910a-4481-a021-0dc1de41c0e7', '96b5a75b-a747-4312-92f0-3deaf06b04eb', 12, '2026-04-17 04:36:26.093488+00', '3116ee84-6c9d-4fde-8bcc-49587655c52a'),
	('bf62f6ee-f266-48a9-b37d-82f970bd4e52', '6db47d6b-6e2e-4886-a262-520a91854f4c', '82957107-910a-4481-a021-0dc1de41c0e7', 'c918713f-4b34-45ca-ac33-5d2d2028a837', 0, '2026-04-17 04:36:26.093488+00', '3116ee84-6c9d-4fde-8bcc-49587655c52a'),
	('028d7606-8de2-453e-9198-dfc1fd6b6234', '6db47d6b-6e2e-4886-a262-520a91854f4c', '33f9fcc5-af73-41cf-8b9a-7b2eced731d2', '36112a16-5035-40ac-b67b-a8e71d0413fd', 950, '2026-04-17 05:11:56.177102+00', '3116ee84-6c9d-4fde-8bcc-49587655c52a'),
	('e750dbc3-5c61-4a12-99cc-60f4636f4492', '6db47d6b-6e2e-4886-a262-520a91854f4c', '33f9fcc5-af73-41cf-8b9a-7b2eced731d2', '12a19452-da8e-45bf-a344-48e3abbe740d', 750, '2026-04-17 05:11:56.177102+00', '3116ee84-6c9d-4fde-8bcc-49587655c52a'),
	('8d8100b7-4d52-4d9c-ad12-84f3cb06506e', '6db47d6b-6e2e-4886-a262-520a91854f4c', '33f9fcc5-af73-41cf-8b9a-7b2eced731d2', '96b5a75b-a747-4312-92f0-3deaf06b04eb', 1390, '2026-04-17 05:11:56.177102+00', '3116ee84-6c9d-4fde-8bcc-49587655c52a'),
	('744cd055-d288-42e4-a976-7f028889d754', '6db47d6b-6e2e-4886-a262-520a91854f4c', '33f9fcc5-af73-41cf-8b9a-7b2eced731d2', 'c918713f-4b34-45ca-ac33-5d2d2028a837', 0, '2026-04-17 05:11:56.177102+00', '3116ee84-6c9d-4fde-8bcc-49587655c52a'),
	('8282a5cf-25f5-4b62-9338-636e76713dbf', '6db47d6b-6e2e-4886-a262-520a91854f4c', '502d6c1e-a2b9-46a4-882d-909309447ecd', '36112a16-5035-40ac-b67b-a8e71d0413fd', 200, '2026-04-17 07:08:26.53363+00', '3116ee84-6c9d-4fde-8bcc-49587655c52a'),
	('b9b61abe-0e91-4fc2-9d49-240fdcac4c99', '6db47d6b-6e2e-4886-a262-520a91854f4c', '502d6c1e-a2b9-46a4-882d-909309447ecd', '12a19452-da8e-45bf-a344-48e3abbe740d', 200, '2026-04-17 07:08:26.53363+00', '3116ee84-6c9d-4fde-8bcc-49587655c52a'),
	('93694911-f03c-4fec-b14e-f49b89675594', '6db47d6b-6e2e-4886-a262-520a91854f4c', '502d6c1e-a2b9-46a4-882d-909309447ecd', '96b5a75b-a747-4312-92f0-3deaf06b04eb', 200, '2026-04-17 07:08:26.53363+00', '3116ee84-6c9d-4fde-8bcc-49587655c52a'),
	('1cfd467b-e12c-48db-bf90-c85d6e88e29e', '6db47d6b-6e2e-4886-a262-520a91854f4c', '502d6c1e-a2b9-46a4-882d-909309447ecd', 'c918713f-4b34-45ca-ac33-5d2d2028a837', 0, '2026-04-17 07:08:26.53363+00', '3116ee84-6c9d-4fde-8bcc-49587655c52a'),
	('7c6144d4-66a3-4b2a-9c21-7eb99bbd42a7', '6db47d6b-6e2e-4886-a262-520a91854f4c', '2c1e6d54-d9c0-4cdc-829c-80486036500c', '36112a16-5035-40ac-b67b-a8e71d0413fd', 293.33, '2026-04-17 07:09:23.269279+00', '3116ee84-6c9d-4fde-8bcc-49587655c52a'),
	('fc5decfa-a64f-4f0b-adfb-94adf75372e2', '6db47d6b-6e2e-4886-a262-520a91854f4c', '2c1e6d54-d9c0-4cdc-829c-80486036500c', '12a19452-da8e-45bf-a344-48e3abbe740d', 293.33, '2026-04-17 07:09:23.269279+00', '3116ee84-6c9d-4fde-8bcc-49587655c52a'),
	('40ef1e17-44d5-4dbe-b0de-641f9873d0a7', '6db47d6b-6e2e-4886-a262-520a91854f4c', '2c1e6d54-d9c0-4cdc-829c-80486036500c', '96b5a75b-a747-4312-92f0-3deaf06b04eb', 293.34, '2026-04-17 07:09:23.269279+00', '3116ee84-6c9d-4fde-8bcc-49587655c52a'),
	('19723ce9-06e7-444c-9945-524e146c740a', '6db47d6b-6e2e-4886-a262-520a91854f4c', '2c1e6d54-d9c0-4cdc-829c-80486036500c', 'c918713f-4b34-45ca-ac33-5d2d2028a837', 0, '2026-04-17 07:09:23.269279+00', '3116ee84-6c9d-4fde-8bcc-49587655c52a'),
	('ed879c91-ff37-4d97-b7f1-8819b711fe6a', '6db47d6b-6e2e-4886-a262-520a91854f4c', 'e6d5a9e7-2b69-4814-80d7-58118683b555', '36112a16-5035-40ac-b67b-a8e71d0413fd', 1370, '2026-04-17 10:53:02.693755+00', '3116ee84-6c9d-4fde-8bcc-49587655c52a'),
	('4667fd22-bf6e-49af-8736-5698d5136567', '6db47d6b-6e2e-4886-a262-520a91854f4c', 'e6d5a9e7-2b69-4814-80d7-58118683b555', '12a19452-da8e-45bf-a344-48e3abbe740d', 1370, '2026-04-17 10:53:02.693755+00', '3116ee84-6c9d-4fde-8bcc-49587655c52a'),
	('14b2fba5-c2c8-4223-b08d-6cf9982fcb27', '6db47d6b-6e2e-4886-a262-520a91854f4c', 'e6d5a9e7-2b69-4814-80d7-58118683b555', '96b5a75b-a747-4312-92f0-3deaf06b04eb', 1370, '2026-04-17 10:53:02.693755+00', '3116ee84-6c9d-4fde-8bcc-49587655c52a'),
	('a4b5d696-8309-4adb-a790-fecab659fda5', '6db47d6b-6e2e-4886-a262-520a91854f4c', 'e6d5a9e7-2b69-4814-80d7-58118683b555', 'c918713f-4b34-45ca-ac33-5d2d2028a837', 0, '2026-04-17 10:53:02.693755+00', '3116ee84-6c9d-4fde-8bcc-49587655c52a'),
	('c9907438-f653-4878-8310-aac66eecc25a', '6db47d6b-6e2e-4886-a262-520a91854f4c', '0442ba84-e424-4928-aed8-651c64090aeb', '36112a16-5035-40ac-b67b-a8e71d0413fd', 666.67, '2026-04-18 01:35:24.285147+00', '3116ee84-6c9d-4fde-8bcc-49587655c52a'),
	('d1bd5869-39b6-467e-b3ba-dc42eae8842b', '6db47d6b-6e2e-4886-a262-520a91854f4c', '0442ba84-e424-4928-aed8-651c64090aeb', '12a19452-da8e-45bf-a344-48e3abbe740d', 666.66, '2026-04-18 01:35:24.285147+00', '3116ee84-6c9d-4fde-8bcc-49587655c52a'),
	('3a781133-7d57-4df1-afcc-557f4e07614c', '6db47d6b-6e2e-4886-a262-520a91854f4c', '0442ba84-e424-4928-aed8-651c64090aeb', '96b5a75b-a747-4312-92f0-3deaf06b04eb', 666.67, '2026-04-18 01:35:24.285147+00', '3116ee84-6c9d-4fde-8bcc-49587655c52a'),
	('8195d619-145a-4c9a-a412-6dde0135df7f', '6db47d6b-6e2e-4886-a262-520a91854f4c', '0442ba84-e424-4928-aed8-651c64090aeb', 'c918713f-4b34-45ca-ac33-5d2d2028a837', 0, '2026-04-18 01:35:24.285147+00', '3116ee84-6c9d-4fde-8bcc-49587655c52a'),
	('2e6b0a2a-a026-43ab-ba01-b5788f470bab', '6db47d6b-6e2e-4886-a262-520a91854f4c', 'd52f86b4-601d-4861-a3e2-9eaf85b1972d', '36112a16-5035-40ac-b67b-a8e71d0413fd', 1056.67, '2026-04-18 03:42:12.402555+00', '3116ee84-6c9d-4fde-8bcc-49587655c52a'),
	('91dbedcf-126f-4a0f-85a4-7749c96a214e', '6db47d6b-6e2e-4886-a262-520a91854f4c', 'd52f86b4-601d-4861-a3e2-9eaf85b1972d', '12a19452-da8e-45bf-a344-48e3abbe740d', 1256.66, '2026-04-18 03:42:12.402555+00', '3116ee84-6c9d-4fde-8bcc-49587655c52a'),
	('a2e0e59e-1901-4d8d-acd6-cd30fa97b6c6', '6db47d6b-6e2e-4886-a262-520a91854f4c', 'd52f86b4-601d-4861-a3e2-9eaf85b1972d', '96b5a75b-a747-4312-92f0-3deaf06b04eb', 1306.67, '2026-04-18 03:42:12.402555+00', '3116ee84-6c9d-4fde-8bcc-49587655c52a'),
	('34e106ad-b5e1-4f50-9e88-04f4814d0e23', '6db47d6b-6e2e-4886-a262-520a91854f4c', 'd52f86b4-601d-4861-a3e2-9eaf85b1972d', 'c918713f-4b34-45ca-ac33-5d2d2028a837', 0, '2026-04-18 03:42:12.402555+00', '3116ee84-6c9d-4fde-8bcc-49587655c52a'),
	('8b03970d-5e24-492e-b73b-baeb96667f3f', '6db47d6b-6e2e-4886-a262-520a91854f4c', '7ae53c19-501b-4045-89b9-9bf905435205', '36112a16-5035-40ac-b67b-a8e71d0413fd', 1333.34, '2026-04-18 04:19:57.421715+00', '3116ee84-6c9d-4fde-8bcc-49587655c52a'),
	('325835e2-f441-453c-9e13-4001130b6caa', '6db47d6b-6e2e-4886-a262-520a91854f4c', '7ae53c19-501b-4045-89b9-9bf905435205', '12a19452-da8e-45bf-a344-48e3abbe740d', 1333.33, '2026-04-18 04:19:57.421715+00', '3116ee84-6c9d-4fde-8bcc-49587655c52a'),
	('9fe8fe36-1066-475c-9f37-4e619d138f2e', '6db47d6b-6e2e-4886-a262-520a91854f4c', '7ae53c19-501b-4045-89b9-9bf905435205', '96b5a75b-a747-4312-92f0-3deaf06b04eb', 1333.33, '2026-04-18 04:19:57.421715+00', '3116ee84-6c9d-4fde-8bcc-49587655c52a'),
	('996d2198-d2f3-41ae-b3d8-be34cf118b17', '6db47d6b-6e2e-4886-a262-520a91854f4c', '7ae53c19-501b-4045-89b9-9bf905435205', 'c918713f-4b34-45ca-ac33-5d2d2028a837', 0, '2026-04-18 04:19:57.421715+00', '3116ee84-6c9d-4fde-8bcc-49587655c52a'),
	('dce1f427-5069-458d-a100-6f2595b01256', '6db47d6b-6e2e-4886-a262-520a91854f4c', '08b67582-bd83-4a7e-9ce3-1a664b05284d', '36112a16-5035-40ac-b67b-a8e71d0413fd', 1516.66, '2026-04-18 06:19:47.941266+00', '3116ee84-6c9d-4fde-8bcc-49587655c52a'),
	('5290cc92-2a03-4a74-b5e7-97b52d08c713', '6db47d6b-6e2e-4886-a262-520a91854f4c', '08b67582-bd83-4a7e-9ce3-1a664b05284d', '12a19452-da8e-45bf-a344-48e3abbe740d', 1516.67, '2026-04-18 06:19:47.941266+00', '3116ee84-6c9d-4fde-8bcc-49587655c52a'),
	('78733a6a-7e03-42ba-ae33-28fdb28a769e', '6db47d6b-6e2e-4886-a262-520a91854f4c', '08b67582-bd83-4a7e-9ce3-1a664b05284d', '96b5a75b-a747-4312-92f0-3deaf06b04eb', 1516.67, '2026-04-18 06:19:47.941266+00', '3116ee84-6c9d-4fde-8bcc-49587655c52a'),
	('2ad4f322-c181-4fe9-a218-8fe85c39d4e7', '6db47d6b-6e2e-4886-a262-520a91854f4c', '08b67582-bd83-4a7e-9ce3-1a664b05284d', 'c918713f-4b34-45ca-ac33-5d2d2028a837', 0, '2026-04-18 06:19:47.941266+00', '3116ee84-6c9d-4fde-8bcc-49587655c52a'),
	('53c10d5a-1dff-40df-bd41-5c543c457b2c', '6db47d6b-6e2e-4886-a262-520a91854f4c', '286664de-982b-4a07-b5d4-76894b8d5bb1', '36112a16-5035-40ac-b67b-a8e71d0413fd', 1760, '2026-04-18 11:02:41.249928+00', '3116ee84-6c9d-4fde-8bcc-49587655c52a'),
	('a97d469b-81c5-476c-a404-9ce61e94f073', '6db47d6b-6e2e-4886-a262-520a91854f4c', '286664de-982b-4a07-b5d4-76894b8d5bb1', '12a19452-da8e-45bf-a344-48e3abbe740d', 1760, '2026-04-18 11:02:41.249928+00', '3116ee84-6c9d-4fde-8bcc-49587655c52a'),
	('6c62805a-0b84-43c7-b152-879b2bd585d4', '6db47d6b-6e2e-4886-a262-520a91854f4c', '286664de-982b-4a07-b5d4-76894b8d5bb1', '96b5a75b-a747-4312-92f0-3deaf06b04eb', 1760, '2026-04-18 11:02:41.249928+00', '3116ee84-6c9d-4fde-8bcc-49587655c52a'),
	('5d1ad45b-58db-455e-9dbb-062de7fe50e2', '6db47d6b-6e2e-4886-a262-520a91854f4c', '286664de-982b-4a07-b5d4-76894b8d5bb1', 'c918713f-4b34-45ca-ac33-5d2d2028a837', 0, '2026-04-18 11:02:41.249928+00', '3116ee84-6c9d-4fde-8bcc-49587655c52a'),
	('f7b59522-14fa-4a14-bd15-c48bc7693b9e', '6db47d6b-6e2e-4886-a262-520a91854f4c', '2e90590a-122d-4b1a-926a-e747e26afb01', '36112a16-5035-40ac-b67b-a8e71d0413fd', 2240, '2026-04-18 13:53:52.408954+00', '3116ee84-6c9d-4fde-8bcc-49587655c52a'),
	('c3db97ac-a9c9-4460-9f69-78ca2dfa6144', '6db47d6b-6e2e-4886-a262-520a91854f4c', '2e90590a-122d-4b1a-926a-e747e26afb01', '12a19452-da8e-45bf-a344-48e3abbe740d', 2240, '2026-04-18 13:53:52.408954+00', '3116ee84-6c9d-4fde-8bcc-49587655c52a'),
	('dd7bae6f-bc33-4c0d-a8a7-1524f148ad20', '6db47d6b-6e2e-4886-a262-520a91854f4c', '2e90590a-122d-4b1a-926a-e747e26afb01', '96b5a75b-a747-4312-92f0-3deaf06b04eb', 2240, '2026-04-18 13:53:52.408954+00', '3116ee84-6c9d-4fde-8bcc-49587655c52a'),
	('7812dda8-f91c-45da-8e1f-33272b99e47f', '6db47d6b-6e2e-4886-a262-520a91854f4c', '2e90590a-122d-4b1a-926a-e747e26afb01', 'c918713f-4b34-45ca-ac33-5d2d2028a837', 0, '2026-04-18 13:53:52.408954+00', '3116ee84-6c9d-4fde-8bcc-49587655c52a'),
	('1dc24dac-9d73-4d1a-b51d-73a49f9a8e79', '6db47d6b-6e2e-4886-a262-520a91854f4c', '8022338d-53cd-43b3-b4b2-e925a44ea3ff', '36112a16-5035-40ac-b67b-a8e71d0413fd', 550, '2026-04-18 13:56:01.780836+00', '3116ee84-6c9d-4fde-8bcc-49587655c52a'),
	('d957cc4e-db3a-4ec8-9d58-685ab4e9cebc', '6db47d6b-6e2e-4886-a262-520a91854f4c', '8022338d-53cd-43b3-b4b2-e925a44ea3ff', '12a19452-da8e-45bf-a344-48e3abbe740d', 550, '2026-04-18 13:56:01.780836+00', '3116ee84-6c9d-4fde-8bcc-49587655c52a'),
	('a4f50999-60dd-427b-ae85-9e6dd9467602', '6db47d6b-6e2e-4886-a262-520a91854f4c', '8022338d-53cd-43b3-b4b2-e925a44ea3ff', '96b5a75b-a747-4312-92f0-3deaf06b04eb', 550, '2026-04-18 13:56:01.780836+00', '3116ee84-6c9d-4fde-8bcc-49587655c52a'),
	('f8570b8f-603b-4839-9cba-1d104720317c', '6db47d6b-6e2e-4886-a262-520a91854f4c', '8022338d-53cd-43b3-b4b2-e925a44ea3ff', 'c918713f-4b34-45ca-ac33-5d2d2028a837', 0, '2026-04-18 13:56:01.780836+00', '3116ee84-6c9d-4fde-8bcc-49587655c52a'),
	('706cfb24-d3cf-4cb6-aaf6-4cc616fc0183', '6db47d6b-6e2e-4886-a262-520a91854f4c', 'e962bc13-8852-4547-b07e-dfa533d4203d', '36112a16-5035-40ac-b67b-a8e71d0413fd', 17.73, '2026-04-18 23:12:37.782443+00', '3116ee84-6c9d-4fde-8bcc-49587655c52a'),
	('bb55eeb6-e857-41e8-8f46-0eb0f0f09de7', '6db47d6b-6e2e-4886-a262-520a91854f4c', 'e962bc13-8852-4547-b07e-dfa533d4203d', '12a19452-da8e-45bf-a344-48e3abbe740d', 17.74, '2026-04-18 23:12:37.782443+00', '3116ee84-6c9d-4fde-8bcc-49587655c52a'),
	('cb3d0a83-6b43-4f37-b02c-ec265f1f2c95', '6db47d6b-6e2e-4886-a262-520a91854f4c', 'e962bc13-8852-4547-b07e-dfa533d4203d', '96b5a75b-a747-4312-92f0-3deaf06b04eb', 17.73, '2026-04-18 23:12:37.782443+00', '3116ee84-6c9d-4fde-8bcc-49587655c52a'),
	('07c4a897-c3a4-4309-847d-0821a08cc791', '6db47d6b-6e2e-4886-a262-520a91854f4c', 'e962bc13-8852-4547-b07e-dfa533d4203d', 'c918713f-4b34-45ca-ac33-5d2d2028a837', 0, '2026-04-18 23:12:37.782443+00', '3116ee84-6c9d-4fde-8bcc-49587655c52a'),
	('143e2f00-397d-4f60-930d-aabdcc16ba06', '6db47d6b-6e2e-4886-a262-520a91854f4c', 'ec035ce9-96e0-4855-b225-211c65783565', '36112a16-5035-40ac-b67b-a8e71d0413fd', 17.73, '2026-04-18 23:16:07.912575+00', '3116ee84-6c9d-4fde-8bcc-49587655c52a'),
	('004965c0-a5e8-495e-a11a-6eff960df0b6', '6db47d6b-6e2e-4886-a262-520a91854f4c', 'ec035ce9-96e0-4855-b225-211c65783565', '12a19452-da8e-45bf-a344-48e3abbe740d', 17.73, '2026-04-18 23:16:07.912575+00', '3116ee84-6c9d-4fde-8bcc-49587655c52a'),
	('6e16ad96-08fd-47e6-9a92-40d81ad617c2', '6db47d6b-6e2e-4886-a262-520a91854f4c', 'ec035ce9-96e0-4855-b225-211c65783565', '96b5a75b-a747-4312-92f0-3deaf06b04eb', 17.74, '2026-04-18 23:16:07.912575+00', '3116ee84-6c9d-4fde-8bcc-49587655c52a'),
	('2cbda0d6-393e-4437-ae51-daa21f34d643', '6db47d6b-6e2e-4886-a262-520a91854f4c', 'ec035ce9-96e0-4855-b225-211c65783565', 'c918713f-4b34-45ca-ac33-5d2d2028a837', 0, '2026-04-18 23:16:07.912575+00', '3116ee84-6c9d-4fde-8bcc-49587655c52a'),
	('5c2ec67e-d3a7-41ba-90d5-557ecd3574a5', '6db47d6b-6e2e-4886-a262-520a91854f4c', '2d2d4a1d-7d08-471c-96c9-7ff55c992365', '36112a16-5035-40ac-b67b-a8e71d0413fd', 700, '2026-04-19 02:50:00.688793+00', '3116ee84-6c9d-4fde-8bcc-49587655c52a'),
	('afec8c7b-0f3a-4f96-ac7c-0f84d0e695fa', '6db47d6b-6e2e-4886-a262-520a91854f4c', '2d2d4a1d-7d08-471c-96c9-7ff55c992365', '12a19452-da8e-45bf-a344-48e3abbe740d', 700, '2026-04-19 02:50:00.688793+00', '3116ee84-6c9d-4fde-8bcc-49587655c52a'),
	('94545078-7164-4ce2-ab64-aa49462b1f62', '6db47d6b-6e2e-4886-a262-520a91854f4c', '2d2d4a1d-7d08-471c-96c9-7ff55c992365', '96b5a75b-a747-4312-92f0-3deaf06b04eb', 700, '2026-04-19 02:50:00.688793+00', '3116ee84-6c9d-4fde-8bcc-49587655c52a'),
	('7a4a3c66-185e-459a-83bd-158806657c1e', '6db47d6b-6e2e-4886-a262-520a91854f4c', '2d2d4a1d-7d08-471c-96c9-7ff55c992365', 'c918713f-4b34-45ca-ac33-5d2d2028a837', 0, '2026-04-19 02:50:00.688793+00', '3116ee84-6c9d-4fde-8bcc-49587655c52a'),
	('7030f306-8efc-434d-8361-c3cfa3e3c2c7', '6db47d6b-6e2e-4886-a262-520a91854f4c', '928788a2-cccc-469d-b347-731cf41b3709', '36112a16-5035-40ac-b67b-a8e71d0413fd', 696.67, '2026-04-19 02:52:02.604035+00', '3116ee84-6c9d-4fde-8bcc-49587655c52a'),
	('c7c84cb1-356e-4cb0-ac9d-78dc6296aeb1', '6db47d6b-6e2e-4886-a262-520a91854f4c', '928788a2-cccc-469d-b347-731cf41b3709', '12a19452-da8e-45bf-a344-48e3abbe740d', 696.66, '2026-04-19 02:52:02.604035+00', '3116ee84-6c9d-4fde-8bcc-49587655c52a'),
	('6999728a-0f93-47c0-bc24-0eb3c5bccab5', '6db47d6b-6e2e-4886-a262-520a91854f4c', '928788a2-cccc-469d-b347-731cf41b3709', '96b5a75b-a747-4312-92f0-3deaf06b04eb', 696.67, '2026-04-19 02:52:02.604035+00', '3116ee84-6c9d-4fde-8bcc-49587655c52a'),
	('d4d6adf4-e04a-4aa8-ae2c-df4ace62b614', '6db47d6b-6e2e-4886-a262-520a91854f4c', '928788a2-cccc-469d-b347-731cf41b3709', 'c918713f-4b34-45ca-ac33-5d2d2028a837', 0, '2026-04-19 02:52:02.604035+00', '3116ee84-6c9d-4fde-8bcc-49587655c52a'),
	('12660202-4aa0-4129-b76f-b3ff600757bc', '6db47d6b-6e2e-4886-a262-520a91854f4c', '6eb7d3f3-af97-421e-bffe-48f88acb4d75', '36112a16-5035-40ac-b67b-a8e71d0413fd', 1383.34, '2026-04-19 05:27:23.191985+00', '3116ee84-6c9d-4fde-8bcc-49587655c52a'),
	('ccd1c01e-ed15-48e2-86aa-25461a210ca8', '6db47d6b-6e2e-4886-a262-520a91854f4c', '6eb7d3f3-af97-421e-bffe-48f88acb4d75', '12a19452-da8e-45bf-a344-48e3abbe740d', 1383.33, '2026-04-19 05:27:23.191985+00', '3116ee84-6c9d-4fde-8bcc-49587655c52a'),
	('60a07d66-8c74-4ebd-a96d-4ce27f877d8f', '6db47d6b-6e2e-4886-a262-520a91854f4c', '6eb7d3f3-af97-421e-bffe-48f88acb4d75', '96b5a75b-a747-4312-92f0-3deaf06b04eb', 1383.33, '2026-04-19 05:27:23.191985+00', '3116ee84-6c9d-4fde-8bcc-49587655c52a'),
	('46451265-2dd6-41da-b99a-db9620261adc', '6db47d6b-6e2e-4886-a262-520a91854f4c', '6eb7d3f3-af97-421e-bffe-48f88acb4d75', 'c918713f-4b34-45ca-ac33-5d2d2028a837', 0, '2026-04-19 05:27:23.191985+00', '3116ee84-6c9d-4fde-8bcc-49587655c52a'),
	('5d27b44f-a835-483c-b126-91732e97bbcd', '6db47d6b-6e2e-4886-a262-520a91854f4c', 'aa67373e-5398-4b56-a1e9-ef9b824f1013', '36112a16-5035-40ac-b67b-a8e71d0413fd', 900, '2026-04-19 05:27:55.740948+00', '3116ee84-6c9d-4fde-8bcc-49587655c52a'),
	('7a7d0894-3e2c-4371-a03b-4ba0b7ec34aa', '6db47d6b-6e2e-4886-a262-520a91854f4c', 'aa67373e-5398-4b56-a1e9-ef9b824f1013', '12a19452-da8e-45bf-a344-48e3abbe740d', 900, '2026-04-19 05:27:55.740948+00', '3116ee84-6c9d-4fde-8bcc-49587655c52a'),
	('990c436a-93be-466f-bea7-109af156e43a', '6db47d6b-6e2e-4886-a262-520a91854f4c', 'aa67373e-5398-4b56-a1e9-ef9b824f1013', '96b5a75b-a747-4312-92f0-3deaf06b04eb', 0, '2026-04-19 05:27:55.740948+00', '3116ee84-6c9d-4fde-8bcc-49587655c52a'),
	('14411795-57d6-480d-b8ff-784af887d66f', '6db47d6b-6e2e-4886-a262-520a91854f4c', 'aa67373e-5398-4b56-a1e9-ef9b824f1013', 'c918713f-4b34-45ca-ac33-5d2d2028a837', 0, '2026-04-19 05:27:55.740948+00', '3116ee84-6c9d-4fde-8bcc-49587655c52a'),
	('a81e8a22-898d-4850-b5e6-8dc2dd5c5244', '6db47d6b-6e2e-4886-a262-520a91854f4c', 'acb041ce-5e41-4c6b-9725-83b968ab4ca6', '36112a16-5035-40ac-b67b-a8e71d0413fd', 266.67, '2026-04-20 02:10:56.625922+00', '3116ee84-6c9d-4fde-8bcc-49587655c52a'),
	('5868081f-4610-493e-b9d7-902982b5e1de', '6db47d6b-6e2e-4886-a262-520a91854f4c', 'acb041ce-5e41-4c6b-9725-83b968ab4ca6', '12a19452-da8e-45bf-a344-48e3abbe740d', 266.67, '2026-04-20 02:10:56.625922+00', '3116ee84-6c9d-4fde-8bcc-49587655c52a'),
	('afd48f5a-8c88-4fba-bcb0-7af8f99938b0', '6db47d6b-6e2e-4886-a262-520a91854f4c', 'acb041ce-5e41-4c6b-9725-83b968ab4ca6', '96b5a75b-a747-4312-92f0-3deaf06b04eb', 266.66, '2026-04-20 02:10:56.625922+00', '3116ee84-6c9d-4fde-8bcc-49587655c52a'),
	('b790804f-8d25-416b-b186-2f86c5fe2047', '6db47d6b-6e2e-4886-a262-520a91854f4c', 'acb041ce-5e41-4c6b-9725-83b968ab4ca6', 'c918713f-4b34-45ca-ac33-5d2d2028a837', 0, '2026-04-20 02:10:56.625922+00', '3116ee84-6c9d-4fde-8bcc-49587655c52a'),
	('e94d8a4e-da0d-49a2-9015-13ec39d9dd3d', '8516d948-4970-453a-912e-e984afabddb9', '53489cdf-4b82-41bd-aaf0-9d3754708c3b', '0038de03-b416-41fe-8a00-e2ee2602c52e', 30, '2026-04-20 03:56:59.272158+00', '3229bf4c-dde7-41fd-a8de-1ae02a223867'),
	('32a0d018-cfce-4c4f-923c-5ece1cf845ac', '8516d948-4970-453a-912e-e984afabddb9', '53489cdf-4b82-41bd-aaf0-9d3754708c3b', '5c2fb79a-9505-4e38-819a-27f1f8fbfdf7', 30, '2026-04-20 03:56:59.272158+00', '3229bf4c-dde7-41fd-a8de-1ae02a223867'),
	('3e1b51e1-b504-4867-9635-971ff1cd84a7', '8516d948-4970-453a-912e-e984afabddb9', '948ccd0c-2498-4799-9cd5-95b85816a173', '0038de03-b416-41fe-8a00-e2ee2602c52e', 25, '2026-04-20 04:23:39.505308+00', '3229bf4c-dde7-41fd-a8de-1ae02a223867'),
	('ced6ea23-be4d-4203-aed0-015163f4b080', '8516d948-4970-453a-912e-e984afabddb9', '948ccd0c-2498-4799-9cd5-95b85816a173', '5c2fb79a-9505-4e38-819a-27f1f8fbfdf7', 25, '2026-04-20 04:23:39.505308+00', '3229bf4c-dde7-41fd-a8de-1ae02a223867'),
	('7ed8e074-99b1-4fcf-a268-da1aad046a3f', '8516d948-4970-453a-912e-e984afabddb9', 'ab722f61-2754-4c55-a701-21406a7bcdd3', '0038de03-b416-41fe-8a00-e2ee2602c52e', 25, '2026-04-20 04:27:51.623125+00', '3229bf4c-dde7-41fd-a8de-1ae02a223867'),
	('82626f23-1258-4ea3-8bb7-5fefb270d66b', '8516d948-4970-453a-912e-e984afabddb9', 'ab722f61-2754-4c55-a701-21406a7bcdd3', '5c2fb79a-9505-4e38-819a-27f1f8fbfdf7', 25, '2026-04-20 04:27:51.623125+00', '3229bf4c-dde7-41fd-a8de-1ae02a223867'),
	('5c58b003-3628-48f7-91ec-8ba509b91a5c', '8516d948-4970-453a-912e-e984afabddb9', 'ffc070fa-f712-48a6-83a7-9bd20f821a83', '0038de03-b416-41fe-8a00-e2ee2602c52e', 25, '2026-04-20 04:28:24.552223+00', '3229bf4c-dde7-41fd-a8de-1ae02a223867'),
	('f2541ebe-d711-4430-8ed2-2eed81daad97', '8516d948-4970-453a-912e-e984afabddb9', 'ffc070fa-f712-48a6-83a7-9bd20f821a83', '5c2fb79a-9505-4e38-819a-27f1f8fbfdf7', 25, '2026-04-20 04:28:24.552223+00', '3229bf4c-dde7-41fd-a8de-1ae02a223867'),
	('80d7980d-ed78-4e8c-bf7a-529fdf901ff2', '8516d948-4970-453a-912e-e984afabddb9', 'fe362830-1b22-454b-bcc9-55d592109d6f', '0038de03-b416-41fe-8a00-e2ee2602c52e', 25, '2026-04-20 04:29:01.843035+00', '3229bf4c-dde7-41fd-a8de-1ae02a223867'),
	('da388145-c572-4671-adcc-eb8608753921', '8516d948-4970-453a-912e-e984afabddb9', 'fe362830-1b22-454b-bcc9-55d592109d6f', '5c2fb79a-9505-4e38-819a-27f1f8fbfdf7', 25, '2026-04-20 04:29:01.843035+00', '3229bf4c-dde7-41fd-a8de-1ae02a223867'),
	('3e132f0d-18e8-48e3-bf5b-6aca4eda6fee', '8516d948-4970-453a-912e-e984afabddb9', '54504449-179b-440e-a36d-aed2bcec3ed9', '0038de03-b416-41fe-8a00-e2ee2602c52e', 25, '2026-04-20 04:29:50.144553+00', '3229bf4c-dde7-41fd-a8de-1ae02a223867'),
	('b8a11d6f-c510-4d5e-b155-cc8c60ce8733', '8516d948-4970-453a-912e-e984afabddb9', '54504449-179b-440e-a36d-aed2bcec3ed9', '5c2fb79a-9505-4e38-819a-27f1f8fbfdf7', 25, '2026-04-20 04:29:50.144553+00', '3229bf4c-dde7-41fd-a8de-1ae02a223867'),
	('b7b033f5-3b90-4b89-bf09-2b6cd8bcb5f2', '6db47d6b-6e2e-4886-a262-520a91854f4c', '2750d935-8a11-4598-ae07-9b98a0a9dc87', '36112a16-5035-40ac-b67b-a8e71d0413fd', 800, '2026-04-20 07:13:08.222778+00', '3116ee84-6c9d-4fde-8bcc-49587655c52a'),
	('54e2a883-3cd3-4191-8228-fdd1961c4d03', '6db47d6b-6e2e-4886-a262-520a91854f4c', '2750d935-8a11-4598-ae07-9b98a0a9dc87', '12a19452-da8e-45bf-a344-48e3abbe740d', 800, '2026-04-20 07:13:08.222778+00', '3116ee84-6c9d-4fde-8bcc-49587655c52a'),
	('94b0c9f1-ae52-4d8c-b0cf-3a99620e0769', '6db47d6b-6e2e-4886-a262-520a91854f4c', '2750d935-8a11-4598-ae07-9b98a0a9dc87', '96b5a75b-a747-4312-92f0-3deaf06b04eb', 800, '2026-04-20 07:13:08.222778+00', '3116ee84-6c9d-4fde-8bcc-49587655c52a'),
	('8c5c5079-d82c-4231-8210-84c869157070', '6db47d6b-6e2e-4886-a262-520a91854f4c', '2750d935-8a11-4598-ae07-9b98a0a9dc87', 'c918713f-4b34-45ca-ac33-5d2d2028a837', 0, '2026-04-20 07:13:08.222778+00', '3116ee84-6c9d-4fde-8bcc-49587655c52a'),
	('5772c6ca-1df8-4b68-b5e3-2d9d5689c3cc', '6db47d6b-6e2e-4886-a262-520a91854f4c', 'fe43c6de-d6d4-4a4b-bc2f-b37374a7c532', '36112a16-5035-40ac-b67b-a8e71d0413fd', 1050, '2026-04-20 11:49:54.342621+00', '3116ee84-6c9d-4fde-8bcc-49587655c52a'),
	('3216fab3-7736-42c1-a214-1ac208cbc99f', '6db47d6b-6e2e-4886-a262-520a91854f4c', 'fe43c6de-d6d4-4a4b-bc2f-b37374a7c532', '12a19452-da8e-45bf-a344-48e3abbe740d', 1050, '2026-04-20 11:49:54.342621+00', '3116ee84-6c9d-4fde-8bcc-49587655c52a'),
	('e868bba3-41c6-4c13-8e51-5af14939a419', '6db47d6b-6e2e-4886-a262-520a91854f4c', 'fe43c6de-d6d4-4a4b-bc2f-b37374a7c532', '96b5a75b-a747-4312-92f0-3deaf06b04eb', 1050, '2026-04-20 11:49:54.342621+00', '3116ee84-6c9d-4fde-8bcc-49587655c52a'),
	('62d9a1ac-b472-4dd2-a574-3d3964f3211c', '6db47d6b-6e2e-4886-a262-520a91854f4c', 'fe43c6de-d6d4-4a4b-bc2f-b37374a7c532', 'c918713f-4b34-45ca-ac33-5d2d2028a837', 0, '2026-04-20 11:49:54.342621+00', '3116ee84-6c9d-4fde-8bcc-49587655c52a'),
	('0f563846-cf5f-4f8c-adaa-11f4afa45b3d', '6db47d6b-6e2e-4886-a262-520a91854f4c', 'b861eda9-c883-4144-8baa-968737238b2d', '36112a16-5035-40ac-b67b-a8e71d0413fd', 300, '2026-04-20 12:38:46.444286+00', '3116ee84-6c9d-4fde-8bcc-49587655c52a'),
	('6354ef7f-c523-4410-b860-db1f35939f1e', '6db47d6b-6e2e-4886-a262-520a91854f4c', 'b861eda9-c883-4144-8baa-968737238b2d', '12a19452-da8e-45bf-a344-48e3abbe740d', 300, '2026-04-20 12:38:46.444286+00', '3116ee84-6c9d-4fde-8bcc-49587655c52a'),
	('409bbec1-7a91-43b1-83b3-6149e8bf58bd', '6db47d6b-6e2e-4886-a262-520a91854f4c', 'b861eda9-c883-4144-8baa-968737238b2d', '96b5a75b-a747-4312-92f0-3deaf06b04eb', 300, '2026-04-20 12:38:46.444286+00', '3116ee84-6c9d-4fde-8bcc-49587655c52a'),
	('7595a5b5-a73c-4da5-b96a-1996ce0395c4', '6db47d6b-6e2e-4886-a262-520a91854f4c', 'b861eda9-c883-4144-8baa-968737238b2d', 'c918713f-4b34-45ca-ac33-5d2d2028a837', 0, '2026-04-20 12:38:46.444286+00', '3116ee84-6c9d-4fde-8bcc-49587655c52a'),
	('27c97240-367e-4fae-877e-6525d46f4c1d', '6db47d6b-6e2e-4886-a262-520a91854f4c', '84e98186-b039-44fa-bb42-912fb1542606', '36112a16-5035-40ac-b67b-a8e71d0413fd', 366.67, '2026-04-21 01:48:54.166778+00', '3116ee84-6c9d-4fde-8bcc-49587655c52a'),
	('d3078434-35e1-4907-b563-8485dd202e62', '6db47d6b-6e2e-4886-a262-520a91854f4c', '84e98186-b039-44fa-bb42-912fb1542606', '12a19452-da8e-45bf-a344-48e3abbe740d', 366.67, '2026-04-21 01:48:54.166778+00', '3116ee84-6c9d-4fde-8bcc-49587655c52a'),
	('59ef98f3-3143-40e1-a59e-86320b33b67e', '6db47d6b-6e2e-4886-a262-520a91854f4c', '84e98186-b039-44fa-bb42-912fb1542606', '96b5a75b-a747-4312-92f0-3deaf06b04eb', 366.66, '2026-04-21 01:48:54.166778+00', '3116ee84-6c9d-4fde-8bcc-49587655c52a'),
	('584e4431-e25d-424f-b4fc-4e3d9fb44a84', '6db47d6b-6e2e-4886-a262-520a91854f4c', '84e98186-b039-44fa-bb42-912fb1542606', 'c918713f-4b34-45ca-ac33-5d2d2028a837', 0, '2026-04-21 01:48:54.166778+00', '3116ee84-6c9d-4fde-8bcc-49587655c52a'),
	('0eae058d-15b9-4117-b899-fdff5488be97', '6db47d6b-6e2e-4886-a262-520a91854f4c', '30efe5af-ca47-4126-9d15-113c077cddc9', '36112a16-5035-40ac-b67b-a8e71d0413fd', 333.33, '2026-04-21 01:50:46.044196+00', '3116ee84-6c9d-4fde-8bcc-49587655c52a'),
	('b54b8d5b-8466-48fa-8443-87847b4d3785', '6db47d6b-6e2e-4886-a262-520a91854f4c', '30efe5af-ca47-4126-9d15-113c077cddc9', '12a19452-da8e-45bf-a344-48e3abbe740d', 333.34, '2026-04-21 01:50:46.044196+00', '3116ee84-6c9d-4fde-8bcc-49587655c52a'),
	('cc85e7e1-6436-4ec4-babb-70dcf4287505', '6db47d6b-6e2e-4886-a262-520a91854f4c', '30efe5af-ca47-4126-9d15-113c077cddc9', '96b5a75b-a747-4312-92f0-3deaf06b04eb', 333.33, '2026-04-21 01:50:46.044196+00', '3116ee84-6c9d-4fde-8bcc-49587655c52a'),
	('18e4543e-f429-409c-8948-a075471e0f3a', '6db47d6b-6e2e-4886-a262-520a91854f4c', '30efe5af-ca47-4126-9d15-113c077cddc9', 'c918713f-4b34-45ca-ac33-5d2d2028a837', 0, '2026-04-21 01:50:46.044196+00', '3116ee84-6c9d-4fde-8bcc-49587655c52a'),
	('005a7895-a6ca-472c-882c-9b494672d05a', '6db47d6b-6e2e-4886-a262-520a91854f4c', '7789ca04-4471-4526-8aaf-913c8979a34a', '36112a16-5035-40ac-b67b-a8e71d0413fd', 1166.67, '2026-04-21 03:21:26.210059+00', '3116ee84-6c9d-4fde-8bcc-49587655c52a'),
	('91befafb-f7d9-407e-b020-78edc788c054', '6db47d6b-6e2e-4886-a262-520a91854f4c', '7789ca04-4471-4526-8aaf-913c8979a34a', '12a19452-da8e-45bf-a344-48e3abbe740d', 1566.67, '2026-04-21 03:21:26.210059+00', '3116ee84-6c9d-4fde-8bcc-49587655c52a'),
	('7bad5d45-0db2-4b41-86fb-e303ba9dea84', '6db47d6b-6e2e-4886-a262-520a91854f4c', '7789ca04-4471-4526-8aaf-913c8979a34a', '96b5a75b-a747-4312-92f0-3deaf06b04eb', 266.66, '2026-04-21 03:21:26.210059+00', '3116ee84-6c9d-4fde-8bcc-49587655c52a'),
	('5a7d75f8-2181-45da-8d19-a2cafab23d1c', '6db47d6b-6e2e-4886-a262-520a91854f4c', '7789ca04-4471-4526-8aaf-913c8979a34a', 'c918713f-4b34-45ca-ac33-5d2d2028a837', 0, '2026-04-21 03:21:26.210059+00', '3116ee84-6c9d-4fde-8bcc-49587655c52a'),
	('4f3d04dc-7b56-45c9-b82a-145c98709335', '6db47d6b-6e2e-4886-a262-520a91854f4c', '989a55a8-cfa0-4bea-a48b-e4f302a7b620', '36112a16-5035-40ac-b67b-a8e71d0413fd', 1053.33, '2026-04-21 04:48:56.580665+00', '3116ee84-6c9d-4fde-8bcc-49587655c52a'),
	('1fef882f-29ab-4ce8-a05e-93abb5f20051', '6db47d6b-6e2e-4886-a262-520a91854f4c', '989a55a8-cfa0-4bea-a48b-e4f302a7b620', '12a19452-da8e-45bf-a344-48e3abbe740d', 1053.33, '2026-04-21 04:48:56.580665+00', '3116ee84-6c9d-4fde-8bcc-49587655c52a'),
	('27cc820f-dbb0-47ad-95c8-f65978903aad', '6db47d6b-6e2e-4886-a262-520a91854f4c', '989a55a8-cfa0-4bea-a48b-e4f302a7b620', '96b5a75b-a747-4312-92f0-3deaf06b04eb', 1053.34, '2026-04-21 04:48:56.580665+00', '3116ee84-6c9d-4fde-8bcc-49587655c52a'),
	('2c42e25e-08e6-4fa7-8120-d5f672273648', '6db47d6b-6e2e-4886-a262-520a91854f4c', '989a55a8-cfa0-4bea-a48b-e4f302a7b620', 'c918713f-4b34-45ca-ac33-5d2d2028a837', 0, '2026-04-21 04:48:56.580665+00', '3116ee84-6c9d-4fde-8bcc-49587655c52a'),
	('31460be3-c435-463f-8a78-6c1beb6e8a78', '6db47d6b-6e2e-4886-a262-520a91854f4c', '75850351-f901-4294-b230-df3ecdf82446', '36112a16-5035-40ac-b67b-a8e71d0413fd', 2300, '2026-04-21 06:06:48.247962+00', '3116ee84-6c9d-4fde-8bcc-49587655c52a'),
	('afac878f-ff1f-4b30-b30b-8aa1f9be1767', '6db47d6b-6e2e-4886-a262-520a91854f4c', '75850351-f901-4294-b230-df3ecdf82446', '12a19452-da8e-45bf-a344-48e3abbe740d', 0, '2026-04-21 06:06:48.247962+00', '3116ee84-6c9d-4fde-8bcc-49587655c52a'),
	('99d062c2-77ab-4db1-aa4c-860cb5a2bd10', '6db47d6b-6e2e-4886-a262-520a91854f4c', '75850351-f901-4294-b230-df3ecdf82446', '96b5a75b-a747-4312-92f0-3deaf06b04eb', 2300, '2026-04-21 06:06:48.247962+00', '3116ee84-6c9d-4fde-8bcc-49587655c52a'),
	('c456708b-43d3-4faf-9702-9dbdf4ddbb73', '6db47d6b-6e2e-4886-a262-520a91854f4c', '75850351-f901-4294-b230-df3ecdf82446', 'c918713f-4b34-45ca-ac33-5d2d2028a837', 0, '2026-04-21 06:06:48.247962+00', '3116ee84-6c9d-4fde-8bcc-49587655c52a'),
	('e5ec36c2-4d81-41d8-a117-391a300a0ff3', '6db47d6b-6e2e-4886-a262-520a91854f4c', '4527f712-cfd4-4ba0-8837-4e9cd5f98dd7', '36112a16-5035-40ac-b67b-a8e71d0413fd', 0, '2026-04-21 07:30:45.836517+00', '3116ee84-6c9d-4fde-8bcc-49587655c52a'),
	('61b61ecd-1665-4bb6-9b88-ef191697ef95', '6db47d6b-6e2e-4886-a262-520a91854f4c', '4527f712-cfd4-4ba0-8837-4e9cd5f98dd7', '12a19452-da8e-45bf-a344-48e3abbe740d', 1250, '2026-04-21 07:30:45.836517+00', '3116ee84-6c9d-4fde-8bcc-49587655c52a'),
	('baf70d77-8077-4ef2-a1ac-99c6f21d0f58', '6db47d6b-6e2e-4886-a262-520a91854f4c', '4527f712-cfd4-4ba0-8837-4e9cd5f98dd7', '96b5a75b-a747-4312-92f0-3deaf06b04eb', 1250, '2026-04-21 07:30:45.836517+00', '3116ee84-6c9d-4fde-8bcc-49587655c52a'),
	('1aa4eee1-1b9d-4596-812a-fb9375c4e287', '6db47d6b-6e2e-4886-a262-520a91854f4c', '4527f712-cfd4-4ba0-8837-4e9cd5f98dd7', 'c918713f-4b34-45ca-ac33-5d2d2028a837', 0, '2026-04-21 07:30:45.836517+00', '3116ee84-6c9d-4fde-8bcc-49587655c52a'),
	('e9bd15b2-3ad7-4919-89b1-57f1b0318e95', '6db47d6b-6e2e-4886-a262-520a91854f4c', 'f7e5041f-c130-4277-8942-3eae85188392', '36112a16-5035-40ac-b67b-a8e71d0413fd', 700, '2026-04-22 12:26:06.272646+00', '3116ee84-6c9d-4fde-8bcc-49587655c52a'),
	('65c284c8-8fe6-4621-a662-c981d2ed06e2', '6db47d6b-6e2e-4886-a262-520a91854f4c', 'f7e5041f-c130-4277-8942-3eae85188392', '12a19452-da8e-45bf-a344-48e3abbe740d', 700, '2026-04-22 12:26:06.272646+00', '3116ee84-6c9d-4fde-8bcc-49587655c52a'),
	('ceed073c-f20b-46df-87fe-f1e4d9766a22', '6db47d6b-6e2e-4886-a262-520a91854f4c', 'f7e5041f-c130-4277-8942-3eae85188392', '96b5a75b-a747-4312-92f0-3deaf06b04eb', 700, '2026-04-22 12:26:06.272646+00', '3116ee84-6c9d-4fde-8bcc-49587655c52a'),
	('0bb21e68-9660-4ded-870c-cde6ffbb144b', '6db47d6b-6e2e-4886-a262-520a91854f4c', 'f7e5041f-c130-4277-8942-3eae85188392', 'c918713f-4b34-45ca-ac33-5d2d2028a837', 0, '2026-04-22 12:26:06.272646+00', '3116ee84-6c9d-4fde-8bcc-49587655c52a'),
	('48da8752-f6eb-4aac-9cea-563c51daa59d', '6db47d6b-6e2e-4886-a262-520a91854f4c', '7b95f1ce-3b38-4ad1-bf61-40b17d019c1b', '36112a16-5035-40ac-b67b-a8e71d0413fd', 7.33, '2026-04-22 12:27:27.115843+00', '3116ee84-6c9d-4fde-8bcc-49587655c52a'),
	('692a6146-7377-4b4d-a807-f4a7e8d75af4', '6db47d6b-6e2e-4886-a262-520a91854f4c', '7b95f1ce-3b38-4ad1-bf61-40b17d019c1b', '12a19452-da8e-45bf-a344-48e3abbe740d', 7.33, '2026-04-22 12:27:27.115843+00', '3116ee84-6c9d-4fde-8bcc-49587655c52a'),
	('2578ef30-0c27-439d-9b26-87a250058c1b', '6db47d6b-6e2e-4886-a262-520a91854f4c', '7b95f1ce-3b38-4ad1-bf61-40b17d019c1b', '96b5a75b-a747-4312-92f0-3deaf06b04eb', 7.34, '2026-04-22 12:27:27.115843+00', '3116ee84-6c9d-4fde-8bcc-49587655c52a'),
	('67941717-1bdb-457c-bc71-f937a47e527d', '6db47d6b-6e2e-4886-a262-520a91854f4c', '7b95f1ce-3b38-4ad1-bf61-40b17d019c1b', 'c918713f-4b34-45ca-ac33-5d2d2028a837', 0, '2026-04-22 12:27:27.115843+00', '3116ee84-6c9d-4fde-8bcc-49587655c52a'),
	('3b5f3aae-c166-464d-8e2a-c49838e44f59', '6db47d6b-6e2e-4886-a262-520a91854f4c', 'b78e221b-a0a9-456b-8802-5b15bbf1ef07', '36112a16-5035-40ac-b67b-a8e71d0413fd', 1300, '2026-04-22 13:21:56.64527+00', '3116ee84-6c9d-4fde-8bcc-49587655c52a'),
	('613e9c72-48e7-4be4-b0a1-8ed7940a7e40', '6db47d6b-6e2e-4886-a262-520a91854f4c', 'b78e221b-a0a9-456b-8802-5b15bbf1ef07', '12a19452-da8e-45bf-a344-48e3abbe740d', 1300, '2026-04-22 13:21:56.64527+00', '3116ee84-6c9d-4fde-8bcc-49587655c52a'),
	('97e24b7b-1246-4a08-a995-bca78d92742c', '6db47d6b-6e2e-4886-a262-520a91854f4c', 'b78e221b-a0a9-456b-8802-5b15bbf1ef07', '96b5a75b-a747-4312-92f0-3deaf06b04eb', 1300, '2026-04-22 13:21:56.64527+00', '3116ee84-6c9d-4fde-8bcc-49587655c52a'),
	('521d1a04-af21-4455-a396-56dbe44a5698', '6db47d6b-6e2e-4886-a262-520a91854f4c', 'b78e221b-a0a9-456b-8802-5b15bbf1ef07', 'c918713f-4b34-45ca-ac33-5d2d2028a837', 0, '2026-04-22 13:21:56.64527+00', '3116ee84-6c9d-4fde-8bcc-49587655c52a'),
	('81756a2a-d3da-4e40-b47b-f9f647efac9c', '6db47d6b-6e2e-4886-a262-520a91854f4c', '4bc07a0e-c772-4943-b08f-46b40b929d30', '36112a16-5035-40ac-b67b-a8e71d0413fd', 411.33, '2026-04-22 15:40:54.373234+00', '3116ee84-6c9d-4fde-8bcc-49587655c52a'),
	('78e3cd82-e90e-4bd7-919d-124ea91abfe3', '6db47d6b-6e2e-4886-a262-520a91854f4c', '4bc07a0e-c772-4943-b08f-46b40b929d30', '12a19452-da8e-45bf-a344-48e3abbe740d', 411.33, '2026-04-22 15:40:54.373234+00', '3116ee84-6c9d-4fde-8bcc-49587655c52a'),
	('26c15a38-c810-4e55-9215-02b2a8d5ba73', '6db47d6b-6e2e-4886-a262-520a91854f4c', '4bc07a0e-c772-4943-b08f-46b40b929d30', '96b5a75b-a747-4312-92f0-3deaf06b04eb', 791.34, '2026-04-22 15:40:54.373234+00', '3116ee84-6c9d-4fde-8bcc-49587655c52a'),
	('279c655c-1aee-473f-b977-7300cf5a143c', '6db47d6b-6e2e-4886-a262-520a91854f4c', '4bc07a0e-c772-4943-b08f-46b40b929d30', 'c918713f-4b34-45ca-ac33-5d2d2028a837', 0, '2026-04-22 15:40:54.373234+00', '3116ee84-6c9d-4fde-8bcc-49587655c52a'),
	('31fa64b4-bbfb-470f-81d4-69d6ff8f22f8', '6db47d6b-6e2e-4886-a262-520a91854f4c', '229c763c-52e5-42a5-a7d0-1fb482690321', '36112a16-5035-40ac-b67b-a8e71d0413fd', 4078, '2026-04-22 15:41:28.773158+00', '3116ee84-6c9d-4fde-8bcc-49587655c52a'),
	('9dc4daf3-4703-49d0-af0c-d32166b5b06c', '6db47d6b-6e2e-4886-a262-520a91854f4c', '229c763c-52e5-42a5-a7d0-1fb482690321', '12a19452-da8e-45bf-a344-48e3abbe740d', 0, '2026-04-22 15:41:28.773158+00', '3116ee84-6c9d-4fde-8bcc-49587655c52a'),
	('3c931139-c46c-4551-85f4-7d7beba22c98', '6db47d6b-6e2e-4886-a262-520a91854f4c', '229c763c-52e5-42a5-a7d0-1fb482690321', '96b5a75b-a747-4312-92f0-3deaf06b04eb', 2500, '2026-04-22 15:41:28.773158+00', '3116ee84-6c9d-4fde-8bcc-49587655c52a'),
	('e06e5c7e-0aac-4d95-86a6-8671c7324312', '6db47d6b-6e2e-4886-a262-520a91854f4c', '229c763c-52e5-42a5-a7d0-1fb482690321', 'c918713f-4b34-45ca-ac33-5d2d2028a837', 0, '2026-04-22 15:41:28.773158+00', '3116ee84-6c9d-4fde-8bcc-49587655c52a'),
	('2a5b1308-3a9d-41c7-bdf7-280988236fde', '6db47d6b-6e2e-4886-a262-520a91854f4c', '6366800d-bac4-4a72-bfde-b94a082be804', '36112a16-5035-40ac-b67b-a8e71d0413fd', 0, '2026-04-22 15:42:09.419566+00', '3116ee84-6c9d-4fde-8bcc-49587655c52a'),
	('8940d8d4-ed75-48ed-b922-5aef841ea41f', '6db47d6b-6e2e-4886-a262-520a91854f4c', '6366800d-bac4-4a72-bfde-b94a082be804', '12a19452-da8e-45bf-a344-48e3abbe740d', 481.5, '2026-04-22 15:42:09.419566+00', '3116ee84-6c9d-4fde-8bcc-49587655c52a'),
	('26dc11c6-a883-41f5-88db-948760964249', '6db47d6b-6e2e-4886-a262-520a91854f4c', '6366800d-bac4-4a72-bfde-b94a082be804', '96b5a75b-a747-4312-92f0-3deaf06b04eb', 481.5, '2026-04-22 15:42:09.419566+00', '3116ee84-6c9d-4fde-8bcc-49587655c52a'),
	('b84e5395-7f02-41bf-ba6f-7ba59abbebff', '6db47d6b-6e2e-4886-a262-520a91854f4c', '6366800d-bac4-4a72-bfde-b94a082be804', 'c918713f-4b34-45ca-ac33-5d2d2028a837', 0, '2026-04-22 15:42:09.419566+00', '3116ee84-6c9d-4fde-8bcc-49587655c52a'),
	('32572e21-18bb-40af-889f-1a307078448b', '6db47d6b-6e2e-4886-a262-520a91854f4c', '390b3661-8341-4f8c-9061-f6dbc77fc400', '36112a16-5035-40ac-b67b-a8e71d0413fd', 445.67, '2026-04-22 15:42:48.08652+00', '3116ee84-6c9d-4fde-8bcc-49587655c52a'),
	('3199bcea-3541-4640-ac1c-6d7af86215b0', '6db47d6b-6e2e-4886-a262-520a91854f4c', '390b3661-8341-4f8c-9061-f6dbc77fc400', '12a19452-da8e-45bf-a344-48e3abbe740d', 445.67, '2026-04-22 15:42:48.08652+00', '3116ee84-6c9d-4fde-8bcc-49587655c52a'),
	('e7e248b4-75f6-4d49-ad02-08699df79090', '6db47d6b-6e2e-4886-a262-520a91854f4c', '390b3661-8341-4f8c-9061-f6dbc77fc400', '96b5a75b-a747-4312-92f0-3deaf06b04eb', 445.66, '2026-04-22 15:42:48.08652+00', '3116ee84-6c9d-4fde-8bcc-49587655c52a'),
	('83d1e081-018f-4122-aaff-e8cd87c380a1', '6db47d6b-6e2e-4886-a262-520a91854f4c', '390b3661-8341-4f8c-9061-f6dbc77fc400', 'c918713f-4b34-45ca-ac33-5d2d2028a837', 0, '2026-04-22 15:42:48.08652+00', '3116ee84-6c9d-4fde-8bcc-49587655c52a'),
	('d7b49a72-7be8-4325-b4c6-4e983187c499', '6db47d6b-6e2e-4886-a262-520a91854f4c', 'b376c4d6-4ac2-4875-b7f8-571dd63e72d7', '36112a16-5035-40ac-b67b-a8e71d0413fd', 500, '2026-04-23 02:34:42.912216+00', '3116ee84-6c9d-4fde-8bcc-49587655c52a'),
	('20fa8877-ae68-4325-ab6a-ed8752186ada', '6db47d6b-6e2e-4886-a262-520a91854f4c', 'b376c4d6-4ac2-4875-b7f8-571dd63e72d7', '12a19452-da8e-45bf-a344-48e3abbe740d', 500, '2026-04-23 02:34:42.912216+00', '3116ee84-6c9d-4fde-8bcc-49587655c52a'),
	('101b5ecd-654a-403a-ba58-620dcf3e3ce1', '6db47d6b-6e2e-4886-a262-520a91854f4c', 'b376c4d6-4ac2-4875-b7f8-571dd63e72d7', '96b5a75b-a747-4312-92f0-3deaf06b04eb', 500, '2026-04-23 02:34:42.912216+00', '3116ee84-6c9d-4fde-8bcc-49587655c52a'),
	('339525e4-26f6-4e00-8230-ed1a3714de25', '6db47d6b-6e2e-4886-a262-520a91854f4c', 'b376c4d6-4ac2-4875-b7f8-571dd63e72d7', 'c918713f-4b34-45ca-ac33-5d2d2028a837', 0, '2026-04-23 02:34:42.912216+00', '3116ee84-6c9d-4fde-8bcc-49587655c52a'),
	('625e9579-c1c0-4ed3-a5b0-f9fc64c5e560', '6db47d6b-6e2e-4886-a262-520a91854f4c', '3e3befd9-60d5-4c43-acf5-ffee30a01003', '36112a16-5035-40ac-b67b-a8e71d0413fd', 12.33, '2026-04-23 02:37:39.59378+00', '3116ee84-6c9d-4fde-8bcc-49587655c52a'),
	('76da8feb-a7f8-48b4-b531-5aa07bd1a73d', '6db47d6b-6e2e-4886-a262-520a91854f4c', '3e3befd9-60d5-4c43-acf5-ffee30a01003', '12a19452-da8e-45bf-a344-48e3abbe740d', 12.33, '2026-04-23 02:37:39.59378+00', '3116ee84-6c9d-4fde-8bcc-49587655c52a'),
	('5f1c4f4d-63dd-493e-82ca-ba122b3a5945', '6db47d6b-6e2e-4886-a262-520a91854f4c', '3e3befd9-60d5-4c43-acf5-ffee30a01003', '96b5a75b-a747-4312-92f0-3deaf06b04eb', 12.34, '2026-04-23 02:37:39.59378+00', '3116ee84-6c9d-4fde-8bcc-49587655c52a'),
	('81fb69b2-1ee6-41e7-87ab-b1f08af3b2a8', '6db47d6b-6e2e-4886-a262-520a91854f4c', '3e3befd9-60d5-4c43-acf5-ffee30a01003', 'c918713f-4b34-45ca-ac33-5d2d2028a837', 0, '2026-04-23 02:37:39.59378+00', '3116ee84-6c9d-4fde-8bcc-49587655c52a'),
	('5ab913c0-a6f7-408f-be5f-4bbc0b652499', '6db47d6b-6e2e-4886-a262-520a91854f4c', 'eacbb91a-b6c2-4628-aac1-51dd308d72df', '36112a16-5035-40ac-b67b-a8e71d0413fd', 1333.33, '2026-04-23 04:16:20.455241+00', '3116ee84-6c9d-4fde-8bcc-49587655c52a'),
	('35e402eb-be52-4c9a-a4d5-7c9ad79d1ab7', '6db47d6b-6e2e-4886-a262-520a91854f4c', 'eacbb91a-b6c2-4628-aac1-51dd308d72df', '12a19452-da8e-45bf-a344-48e3abbe740d', 1333.34, '2026-04-23 04:16:20.455241+00', '3116ee84-6c9d-4fde-8bcc-49587655c52a'),
	('c17d6da5-8587-41a6-afaf-5a5355f2b642', '6db47d6b-6e2e-4886-a262-520a91854f4c', 'eacbb91a-b6c2-4628-aac1-51dd308d72df', '96b5a75b-a747-4312-92f0-3deaf06b04eb', 1333.33, '2026-04-23 04:16:20.455241+00', '3116ee84-6c9d-4fde-8bcc-49587655c52a'),
	('f10cf2d0-4fc7-45a8-a8b4-6beb1a6dad5f', '6db47d6b-6e2e-4886-a262-520a91854f4c', 'eacbb91a-b6c2-4628-aac1-51dd308d72df', 'c918713f-4b34-45ca-ac33-5d2d2028a837', 0, '2026-04-23 04:16:20.455241+00', '3116ee84-6c9d-4fde-8bcc-49587655c52a'),
	('28af0081-9a75-4106-9eba-0920eb19bacb', '6db47d6b-6e2e-4886-a262-520a91854f4c', '0258a784-3c41-4393-bb38-2e064a745232', '36112a16-5035-40ac-b67b-a8e71d0413fd', 1718.66, '2026-04-23 06:14:59.15225+00', '3116ee84-6c9d-4fde-8bcc-49587655c52a'),
	('1e5608f8-e8dc-407b-8ff9-d6dc4b7289aa', '6db47d6b-6e2e-4886-a262-520a91854f4c', '0258a784-3c41-4393-bb38-2e064a745232', '12a19452-da8e-45bf-a344-48e3abbe740d', 1718.67, '2026-04-23 06:14:59.15225+00', '3116ee84-6c9d-4fde-8bcc-49587655c52a'),
	('69362446-f4ea-48bb-952b-1f03f8830a73', '6db47d6b-6e2e-4886-a262-520a91854f4c', '0258a784-3c41-4393-bb38-2e064a745232', '96b5a75b-a747-4312-92f0-3deaf06b04eb', 1718.67, '2026-04-23 06:14:59.15225+00', '3116ee84-6c9d-4fde-8bcc-49587655c52a'),
	('a2fb7246-7a20-4941-92d8-15f73472a16a', '6db47d6b-6e2e-4886-a262-520a91854f4c', '0258a784-3c41-4393-bb38-2e064a745232', 'c918713f-4b34-45ca-ac33-5d2d2028a837', 0, '2026-04-23 06:14:59.15225+00', '3116ee84-6c9d-4fde-8bcc-49587655c52a'),
	('e824295f-829d-490d-8fe9-3d937f08ec11', '6db47d6b-6e2e-4886-a262-520a91854f4c', 'b0bf28ff-b8aa-47f1-8af7-5d1a53caabf7', '36112a16-5035-40ac-b67b-a8e71d0413fd', 600, '2026-04-23 06:25:50.508412+00', '3116ee84-6c9d-4fde-8bcc-49587655c52a'),
	('f08267aa-f8d4-4cad-a540-528bee4941eb', '6db47d6b-6e2e-4886-a262-520a91854f4c', 'b0bf28ff-b8aa-47f1-8af7-5d1a53caabf7', '12a19452-da8e-45bf-a344-48e3abbe740d', 600, '2026-04-23 06:25:50.508412+00', '3116ee84-6c9d-4fde-8bcc-49587655c52a'),
	('1b28a594-1034-48d9-9633-5167ae4ff30d', '6db47d6b-6e2e-4886-a262-520a91854f4c', 'b0bf28ff-b8aa-47f1-8af7-5d1a53caabf7', '96b5a75b-a747-4312-92f0-3deaf06b04eb', 0, '2026-04-23 06:25:50.508412+00', '3116ee84-6c9d-4fde-8bcc-49587655c52a'),
	('61944f85-1acf-415f-9bef-69e751662aa2', '6db47d6b-6e2e-4886-a262-520a91854f4c', 'b0bf28ff-b8aa-47f1-8af7-5d1a53caabf7', 'c918713f-4b34-45ca-ac33-5d2d2028a837', 0, '2026-04-23 06:25:50.508412+00', '3116ee84-6c9d-4fde-8bcc-49587655c52a'),
	('c09e354d-5229-4665-b038-0f86db031e49', '6db47d6b-6e2e-4886-a262-520a91854f4c', 'd67764e9-089b-459c-85f5-c979c13d09d5', '36112a16-5035-40ac-b67b-a8e71d0413fd', 1746.67, '2026-04-23 07:48:05.871714+00', '3116ee84-6c9d-4fde-8bcc-49587655c52a'),
	('11f08411-a343-4419-a1e3-a5f452f49d2d', '6db47d6b-6e2e-4886-a262-520a91854f4c', 'd67764e9-089b-459c-85f5-c979c13d09d5', '12a19452-da8e-45bf-a344-48e3abbe740d', 1746.67, '2026-04-23 07:48:05.871714+00', '3116ee84-6c9d-4fde-8bcc-49587655c52a'),
	('66133b9a-cb97-406f-8cda-f61eefa17d86', '6db47d6b-6e2e-4886-a262-520a91854f4c', 'd67764e9-089b-459c-85f5-c979c13d09d5', '96b5a75b-a747-4312-92f0-3deaf06b04eb', 1746.66, '2026-04-23 07:48:05.871714+00', '3116ee84-6c9d-4fde-8bcc-49587655c52a'),
	('789c5d0c-16dd-43b3-8b78-116c6598ac3d', '6db47d6b-6e2e-4886-a262-520a91854f4c', 'd67764e9-089b-459c-85f5-c979c13d09d5', 'c918713f-4b34-45ca-ac33-5d2d2028a837', 0, '2026-04-23 07:48:05.871714+00', '3116ee84-6c9d-4fde-8bcc-49587655c52a'),
	('87b814ba-30cd-46e8-8e3f-b71edde9e6eb', '6db47d6b-6e2e-4886-a262-520a91854f4c', '1b27518d-d7f4-48ec-97a9-8fa4e9119071', '36112a16-5035-40ac-b67b-a8e71d0413fd', 2, '2026-04-23 09:44:33.736356+00', '3116ee84-6c9d-4fde-8bcc-49587655c52a'),
	('dd56199c-8726-466c-a491-767fd928aaba', '6db47d6b-6e2e-4886-a262-520a91854f4c', '1b27518d-d7f4-48ec-97a9-8fa4e9119071', '12a19452-da8e-45bf-a344-48e3abbe740d', 2, '2026-04-23 09:44:33.736356+00', '3116ee84-6c9d-4fde-8bcc-49587655c52a'),
	('d8086c5a-6a8e-429a-a05f-ebb7bf09d09f', '6db47d6b-6e2e-4886-a262-520a91854f4c', '1b27518d-d7f4-48ec-97a9-8fa4e9119071', '96b5a75b-a747-4312-92f0-3deaf06b04eb', 2, '2026-04-23 09:44:33.736356+00', '3116ee84-6c9d-4fde-8bcc-49587655c52a'),
	('b4e29342-44e6-4630-b945-1bb4c1c56881', '6db47d6b-6e2e-4886-a262-520a91854f4c', '1b27518d-d7f4-48ec-97a9-8fa4e9119071', 'c918713f-4b34-45ca-ac33-5d2d2028a837', 0, '2026-04-23 09:44:33.736356+00', '3116ee84-6c9d-4fde-8bcc-49587655c52a'),
	('80cf8106-bd01-4b83-ba4e-42708f16c91d', '6db47d6b-6e2e-4886-a262-520a91854f4c', '1591d741-867b-4c24-b48d-ae53f615cf8f', '36112a16-5035-40ac-b67b-a8e71d0413fd', 400, '2026-04-23 09:45:41.11523+00', '3116ee84-6c9d-4fde-8bcc-49587655c52a'),
	('0b01d05a-f0b3-45b1-8f97-7eacecc472c0', '6db47d6b-6e2e-4886-a262-520a91854f4c', '1591d741-867b-4c24-b48d-ae53f615cf8f', '12a19452-da8e-45bf-a344-48e3abbe740d', 400, '2026-04-23 09:45:41.11523+00', '3116ee84-6c9d-4fde-8bcc-49587655c52a'),
	('062c72f4-21e1-45b9-8956-1e20d8d312e2', '6db47d6b-6e2e-4886-a262-520a91854f4c', '1591d741-867b-4c24-b48d-ae53f615cf8f', '96b5a75b-a747-4312-92f0-3deaf06b04eb', 400, '2026-04-23 09:45:41.11523+00', '3116ee84-6c9d-4fde-8bcc-49587655c52a'),
	('b83519a9-ab07-4447-933b-660fb18b34e9', '6db47d6b-6e2e-4886-a262-520a91854f4c', '1591d741-867b-4c24-b48d-ae53f615cf8f', 'c918713f-4b34-45ca-ac33-5d2d2028a837', 0, '2026-04-23 09:45:41.11523+00', '3116ee84-6c9d-4fde-8bcc-49587655c52a'),
	('048c8dfb-7e62-40f0-87cf-5a3ad6613f2e', '6db47d6b-6e2e-4886-a262-520a91854f4c', 'b9d01b4c-7947-4e77-b54e-27b64a9ad586', '36112a16-5035-40ac-b67b-a8e71d0413fd', 333.34, '2026-04-24 02:45:43.73526+00', '3116ee84-6c9d-4fde-8bcc-49587655c52a'),
	('7baaa280-922f-40fe-ac94-95f15176b69d', '6db47d6b-6e2e-4886-a262-520a91854f4c', 'b9d01b4c-7947-4e77-b54e-27b64a9ad586', '12a19452-da8e-45bf-a344-48e3abbe740d', 333.33, '2026-04-24 02:45:43.73526+00', '3116ee84-6c9d-4fde-8bcc-49587655c52a'),
	('bc1a6be6-0943-46c8-9ca3-21bb7d01b30a', '6db47d6b-6e2e-4886-a262-520a91854f4c', 'b9d01b4c-7947-4e77-b54e-27b64a9ad586', '96b5a75b-a747-4312-92f0-3deaf06b04eb', 333.33, '2026-04-24 02:45:43.73526+00', '3116ee84-6c9d-4fde-8bcc-49587655c52a'),
	('249cf7e2-8f15-486b-900a-183518c85fa2', '6db47d6b-6e2e-4886-a262-520a91854f4c', 'b9d01b4c-7947-4e77-b54e-27b64a9ad586', 'c918713f-4b34-45ca-ac33-5d2d2028a837', 0, '2026-04-24 02:45:43.73526+00', '3116ee84-6c9d-4fde-8bcc-49587655c52a'),
	('ea989119-35aa-4018-b4fb-3250e41b6741', '6db47d6b-6e2e-4886-a262-520a91854f4c', '399b6e34-4a18-446e-9b85-93a700531c98', '36112a16-5035-40ac-b67b-a8e71d0413fd', 2000, '2026-04-24 02:46:47.109675+00', '3116ee84-6c9d-4fde-8bcc-49587655c52a'),
	('ac2c2a34-4415-414b-801a-3cde72386101', '6db47d6b-6e2e-4886-a262-520a91854f4c', '399b6e34-4a18-446e-9b85-93a700531c98', '12a19452-da8e-45bf-a344-48e3abbe740d', 2000, '2026-04-24 02:46:47.109675+00', '3116ee84-6c9d-4fde-8bcc-49587655c52a'),
	('ee181bce-08b6-44ae-b7d5-bf0928fa7306', '6db47d6b-6e2e-4886-a262-520a91854f4c', '399b6e34-4a18-446e-9b85-93a700531c98', '96b5a75b-a747-4312-92f0-3deaf06b04eb', 2000, '2026-04-24 02:46:47.109675+00', '3116ee84-6c9d-4fde-8bcc-49587655c52a'),
	('a766a8ef-5dd4-4eb2-b91d-63758e78a93e', '6db47d6b-6e2e-4886-a262-520a91854f4c', '399b6e34-4a18-446e-9b85-93a700531c98', 'c918713f-4b34-45ca-ac33-5d2d2028a837', 0, '2026-04-24 02:46:47.109675+00', '3116ee84-6c9d-4fde-8bcc-49587655c52a'),
	('c83a771f-f1c2-4fb0-82a1-889c9a3ca7fd', '6db47d6b-6e2e-4886-a262-520a91854f4c', 'cd2a77c5-7d07-4b6a-a66a-c9a84de69e60', '36112a16-5035-40ac-b67b-a8e71d0413fd', 366.67, '2026-04-24 02:54:32.155587+00', '3116ee84-6c9d-4fde-8bcc-49587655c52a'),
	('fd2b59b9-d435-4042-b04e-38bd51d8daf4', '6db47d6b-6e2e-4886-a262-520a91854f4c', 'cd2a77c5-7d07-4b6a-a66a-c9a84de69e60', '12a19452-da8e-45bf-a344-48e3abbe740d', 366.67, '2026-04-24 02:54:32.155587+00', '3116ee84-6c9d-4fde-8bcc-49587655c52a'),
	('7bba6b5c-da31-4271-b09f-8c561eef76ec', '6db47d6b-6e2e-4886-a262-520a91854f4c', 'cd2a77c5-7d07-4b6a-a66a-c9a84de69e60', '96b5a75b-a747-4312-92f0-3deaf06b04eb', 366.66, '2026-04-24 02:54:32.155587+00', '3116ee84-6c9d-4fde-8bcc-49587655c52a'),
	('34d2b659-2e9e-4a4e-928d-a3bd152be4c4', '6db47d6b-6e2e-4886-a262-520a91854f4c', 'cd2a77c5-7d07-4b6a-a66a-c9a84de69e60', 'c918713f-4b34-45ca-ac33-5d2d2028a837', 0, '2026-04-24 02:54:32.155587+00', '3116ee84-6c9d-4fde-8bcc-49587655c52a'),
	('dffc7e92-dccd-4ae8-83b4-82740131a9a6', '6db47d6b-6e2e-4886-a262-520a91854f4c', 'ea63bf86-a17a-4144-92cd-82e505860da8', '36112a16-5035-40ac-b67b-a8e71d0413fd', 1220, '2026-04-24 04:22:02.088965+00', '3116ee84-6c9d-4fde-8bcc-49587655c52a'),
	('4a700f28-9aab-4dd0-b4d0-13c7a9691960', '6db47d6b-6e2e-4886-a262-520a91854f4c', 'ea63bf86-a17a-4144-92cd-82e505860da8', '12a19452-da8e-45bf-a344-48e3abbe740d', 1220, '2026-04-24 04:22:02.088965+00', '3116ee84-6c9d-4fde-8bcc-49587655c52a'),
	('5fa37d96-87aa-4276-a53e-c14c71b950e4', '6db47d6b-6e2e-4886-a262-520a91854f4c', 'ea63bf86-a17a-4144-92cd-82e505860da8', '96b5a75b-a747-4312-92f0-3deaf06b04eb', 0, '2026-04-24 04:22:02.088965+00', '3116ee84-6c9d-4fde-8bcc-49587655c52a'),
	('1a19fb17-87a9-42f4-b8c2-249e7b8b4655', '6db47d6b-6e2e-4886-a262-520a91854f4c', 'ea63bf86-a17a-4144-92cd-82e505860da8', 'c918713f-4b34-45ca-ac33-5d2d2028a837', 0, '2026-04-24 04:22:02.088965+00', '3116ee84-6c9d-4fde-8bcc-49587655c52a'),
	('0eed6be2-becc-4d34-9f7a-b6c70f4d2d9e', '6db47d6b-6e2e-4886-a262-520a91854f4c', 'eb9d0e1e-5da1-4da7-955d-b5e4f01c7f53', '36112a16-5035-40ac-b67b-a8e71d0413fd', 25.75, '2026-04-24 04:52:21.062253+00', '3116ee84-6c9d-4fde-8bcc-49587655c52a'),
	('439be8fb-4666-45b4-8348-c7526c0ccca5', '6db47d6b-6e2e-4886-a262-520a91854f4c', 'eb9d0e1e-5da1-4da7-955d-b5e4f01c7f53', '12a19452-da8e-45bf-a344-48e3abbe740d', 25.75, '2026-04-24 04:52:21.062253+00', '3116ee84-6c9d-4fde-8bcc-49587655c52a'),
	('b162a8fa-2da1-43db-a356-e5c5362cdf24', '6db47d6b-6e2e-4886-a262-520a91854f4c', 'eb9d0e1e-5da1-4da7-955d-b5e4f01c7f53', '96b5a75b-a747-4312-92f0-3deaf06b04eb', 0, '2026-04-24 04:52:21.062253+00', '3116ee84-6c9d-4fde-8bcc-49587655c52a'),
	('6a44a2bc-bf6e-4a32-b32a-be53c93d3e33', '6db47d6b-6e2e-4886-a262-520a91854f4c', 'eb9d0e1e-5da1-4da7-955d-b5e4f01c7f53', 'c918713f-4b34-45ca-ac33-5d2d2028a837', 0, '2026-04-24 04:52:21.062253+00', '3116ee84-6c9d-4fde-8bcc-49587655c52a'),
	('a2df15a9-62e7-4873-a14d-c883b7ddfb9e', '6db47d6b-6e2e-4886-a262-520a91854f4c', '7face886-9b11-4377-9d48-9d8bef87cde8', '36112a16-5035-40ac-b67b-a8e71d0413fd', 1450, '2026-04-24 05:43:14.852913+00', '3116ee84-6c9d-4fde-8bcc-49587655c52a'),
	('275a263f-ca1b-45d7-bb00-1cadda585c23', '6db47d6b-6e2e-4886-a262-520a91854f4c', '7face886-9b11-4377-9d48-9d8bef87cde8', '12a19452-da8e-45bf-a344-48e3abbe740d', 1450, '2026-04-24 05:43:14.852913+00', '3116ee84-6c9d-4fde-8bcc-49587655c52a'),
	('9a42f9ef-0df7-445a-b83e-38c733c78cbc', '6db47d6b-6e2e-4886-a262-520a91854f4c', '7face886-9b11-4377-9d48-9d8bef87cde8', '96b5a75b-a747-4312-92f0-3deaf06b04eb', 0, '2026-04-24 05:43:14.852913+00', '3116ee84-6c9d-4fde-8bcc-49587655c52a'),
	('076f7f6d-73f8-4501-b9c4-f2598c407442', '6db47d6b-6e2e-4886-a262-520a91854f4c', '7face886-9b11-4377-9d48-9d8bef87cde8', 'c918713f-4b34-45ca-ac33-5d2d2028a837', 0, '2026-04-24 05:43:14.852913+00', '3116ee84-6c9d-4fde-8bcc-49587655c52a'),
	('2048cc64-6fa6-4aee-8288-a1c80a617898', '6db47d6b-6e2e-4886-a262-520a91854f4c', '5fc03a29-64de-46af-9532-d7b9213dbd4e', '36112a16-5035-40ac-b67b-a8e71d0413fd', 2185, '2026-04-24 11:17:05.424363+00', '3116ee84-6c9d-4fde-8bcc-49587655c52a'),
	('dcb53862-2e25-4836-b922-8908cff26d81', '6db47d6b-6e2e-4886-a262-520a91854f4c', '5fc03a29-64de-46af-9532-d7b9213dbd4e', '12a19452-da8e-45bf-a344-48e3abbe740d', 2185, '2026-04-24 11:17:05.424363+00', '3116ee84-6c9d-4fde-8bcc-49587655c52a'),
	('fa3f84f7-eb80-423d-94c3-3424e94a9435', '6db47d6b-6e2e-4886-a262-520a91854f4c', '5fc03a29-64de-46af-9532-d7b9213dbd4e', '96b5a75b-a747-4312-92f0-3deaf06b04eb', 0, '2026-04-24 11:17:05.424363+00', '3116ee84-6c9d-4fde-8bcc-49587655c52a'),
	('9f75f8af-e4e2-41b6-9a86-32cdbdfcb0e6', '6db47d6b-6e2e-4886-a262-520a91854f4c', '5fc03a29-64de-46af-9532-d7b9213dbd4e', 'c918713f-4b34-45ca-ac33-5d2d2028a837', 0, '2026-04-24 11:17:05.424363+00', '3116ee84-6c9d-4fde-8bcc-49587655c52a'),
	('3daf5689-05df-40c6-83a0-29ff2c69b1de', '6db47d6b-6e2e-4886-a262-520a91854f4c', 'dbb448bd-0436-4e0b-a269-c30664b1261e', '36112a16-5035-40ac-b67b-a8e71d0413fd', 1890, '2026-04-25 06:01:45.079378+00', '3116ee84-6c9d-4fde-8bcc-49587655c52a'),
	('3e937734-8b2a-413b-a5f5-79275b831cd6', '6db47d6b-6e2e-4886-a262-520a91854f4c', 'dbb448bd-0436-4e0b-a269-c30664b1261e', '12a19452-da8e-45bf-a344-48e3abbe740d', 1890, '2026-04-25 06:01:45.079378+00', '3116ee84-6c9d-4fde-8bcc-49587655c52a'),
	('6812c8dc-6c89-4372-80bd-7a1941b87839', '6db47d6b-6e2e-4886-a262-520a91854f4c', 'dbb448bd-0436-4e0b-a269-c30664b1261e', '96b5a75b-a747-4312-92f0-3deaf06b04eb', 0, '2026-04-25 06:01:45.079378+00', '3116ee84-6c9d-4fde-8bcc-49587655c52a'),
	('6b2c1845-2078-423a-a192-e0621f1c4486', '6db47d6b-6e2e-4886-a262-520a91854f4c', 'dbb448bd-0436-4e0b-a269-c30664b1261e', 'c918713f-4b34-45ca-ac33-5d2d2028a837', 0, '2026-04-25 06:01:45.079378+00', '3116ee84-6c9d-4fde-8bcc-49587655c52a'),
	('3ef0bd78-2016-4e88-a967-f5688369869a', '6db47d6b-6e2e-4886-a262-520a91854f4c', 'f56a2acd-981f-4176-9478-1b6ec5d3d94d', '36112a16-5035-40ac-b67b-a8e71d0413fd', 1000, '2026-04-25 07:19:39.012609+00', '3116ee84-6c9d-4fde-8bcc-49587655c52a'),
	('1b21b7ef-1170-41f1-98bd-d6549ac3e5d2', '6db47d6b-6e2e-4886-a262-520a91854f4c', 'f56a2acd-981f-4176-9478-1b6ec5d3d94d', '12a19452-da8e-45bf-a344-48e3abbe740d', 1000, '2026-04-25 07:19:39.012609+00', '3116ee84-6c9d-4fde-8bcc-49587655c52a'),
	('5690d39b-1ccf-43ff-bdd7-ab1fe96fd816', '6db47d6b-6e2e-4886-a262-520a91854f4c', 'f56a2acd-981f-4176-9478-1b6ec5d3d94d', '96b5a75b-a747-4312-92f0-3deaf06b04eb', 0, '2026-04-25 07:19:39.012609+00', '3116ee84-6c9d-4fde-8bcc-49587655c52a'),
	('2aa7cf65-e141-4fa9-bec4-314d41b6e806', '6db47d6b-6e2e-4886-a262-520a91854f4c', 'f56a2acd-981f-4176-9478-1b6ec5d3d94d', 'c918713f-4b34-45ca-ac33-5d2d2028a837', 0, '2026-04-25 07:19:39.012609+00', '3116ee84-6c9d-4fde-8bcc-49587655c52a'),
	('08569426-21d1-469e-909c-8fc9e940b2b0', '6db47d6b-6e2e-4886-a262-520a91854f4c', '7208f962-b35b-4002-b893-74ebc4b3686a', '36112a16-5035-40ac-b67b-a8e71d0413fd', 2600, '2026-04-25 11:48:29.836348+00', '3116ee84-6c9d-4fde-8bcc-49587655c52a'),
	('8de4df7c-2bad-499d-a96a-3c130f8cc056', '6db47d6b-6e2e-4886-a262-520a91854f4c', '7208f962-b35b-4002-b893-74ebc4b3686a', '12a19452-da8e-45bf-a344-48e3abbe740d', 2600, '2026-04-25 11:48:29.836348+00', '3116ee84-6c9d-4fde-8bcc-49587655c52a'),
	('b0eaa7ec-afb8-47ee-a241-b5b711c8f92c', '6db47d6b-6e2e-4886-a262-520a91854f4c', '7208f962-b35b-4002-b893-74ebc4b3686a', '96b5a75b-a747-4312-92f0-3deaf06b04eb', 0, '2026-04-25 11:48:29.836348+00', '3116ee84-6c9d-4fde-8bcc-49587655c52a'),
	('21821f64-4ccf-41e9-8b34-5b87739e3a43', '6db47d6b-6e2e-4886-a262-520a91854f4c', '7208f962-b35b-4002-b893-74ebc4b3686a', 'c918713f-4b34-45ca-ac33-5d2d2028a837', 0, '2026-04-25 11:48:29.836348+00', '3116ee84-6c9d-4fde-8bcc-49587655c52a'),
	('cba1edee-cb6c-41d9-883a-ec83153acba5', '6db47d6b-6e2e-4886-a262-520a91854f4c', '7c51249b-099a-44ac-82c0-ef540c71dbd6', '36112a16-5035-40ac-b67b-a8e71d0413fd', 1000, '2026-04-26 06:53:36.108046+00', '3116ee84-6c9d-4fde-8bcc-49587655c52a'),
	('065e6c82-4246-4323-af0d-fdf8fefb3f86', '6db47d6b-6e2e-4886-a262-520a91854f4c', '7c51249b-099a-44ac-82c0-ef540c71dbd6', '12a19452-da8e-45bf-a344-48e3abbe740d', 1000, '2026-04-26 06:53:36.108046+00', '3116ee84-6c9d-4fde-8bcc-49587655c52a'),
	('ab860332-4388-42ab-8849-9b8f11821b55', '6db47d6b-6e2e-4886-a262-520a91854f4c', '7c51249b-099a-44ac-82c0-ef540c71dbd6', '96b5a75b-a747-4312-92f0-3deaf06b04eb', 0, '2026-04-26 06:53:36.108046+00', '3116ee84-6c9d-4fde-8bcc-49587655c52a'),
	('3284ceb4-dcbb-4261-8b26-ff1cb405a0b5', '6db47d6b-6e2e-4886-a262-520a91854f4c', '7c51249b-099a-44ac-82c0-ef540c71dbd6', 'c918713f-4b34-45ca-ac33-5d2d2028a837', 0, '2026-04-26 06:53:36.108046+00', '3116ee84-6c9d-4fde-8bcc-49587655c52a'),
	('1bfca0e6-50dc-4bba-9e57-d6b38044af05', '6db47d6b-6e2e-4886-a262-520a91854f4c', '9f71ccca-b629-4fd4-b8a4-7697c1a5ad32', '36112a16-5035-40ac-b67b-a8e71d0413fd', 500, '2026-04-26 12:34:47.456674+00', '3116ee84-6c9d-4fde-8bcc-49587655c52a'),
	('5544a7ef-7d8f-4802-974a-64b46a123e73', '6db47d6b-6e2e-4886-a262-520a91854f4c', '9f71ccca-b629-4fd4-b8a4-7697c1a5ad32', '12a19452-da8e-45bf-a344-48e3abbe740d', 500, '2026-04-26 12:34:47.456674+00', '3116ee84-6c9d-4fde-8bcc-49587655c52a'),
	('3457060a-1e35-4270-8d21-059967c22eed', '6db47d6b-6e2e-4886-a262-520a91854f4c', '9f71ccca-b629-4fd4-b8a4-7697c1a5ad32', '96b5a75b-a747-4312-92f0-3deaf06b04eb', 0, '2026-04-26 12:34:47.456674+00', '3116ee84-6c9d-4fde-8bcc-49587655c52a'),
	('a2492894-788d-49dc-9f61-84c5f0023b25', '6db47d6b-6e2e-4886-a262-520a91854f4c', '9f71ccca-b629-4fd4-b8a4-7697c1a5ad32', 'c918713f-4b34-45ca-ac33-5d2d2028a837', 0, '2026-04-26 12:34:47.456674+00', '3116ee84-6c9d-4fde-8bcc-49587655c52a'),
	('24fd4725-71de-405a-baf2-ee682e27ca11', '6db47d6b-6e2e-4886-a262-520a91854f4c', 'ae48a35a-4204-4e74-8dd3-1f3bfe0be4de', '36112a16-5035-40ac-b67b-a8e71d0413fd', 3000, '2026-04-26 12:56:24.03756+00', '3116ee84-6c9d-4fde-8bcc-49587655c52a'),
	('6af8ed42-840d-4583-aaf4-1e46486e8c17', '6db47d6b-6e2e-4886-a262-520a91854f4c', 'ae48a35a-4204-4e74-8dd3-1f3bfe0be4de', '12a19452-da8e-45bf-a344-48e3abbe740d', 3000, '2026-04-26 12:56:24.03756+00', '3116ee84-6c9d-4fde-8bcc-49587655c52a'),
	('e256e26f-20ef-441c-a2e6-c8a80b9cc0ea', '6db47d6b-6e2e-4886-a262-520a91854f4c', 'ae48a35a-4204-4e74-8dd3-1f3bfe0be4de', '96b5a75b-a747-4312-92f0-3deaf06b04eb', 0, '2026-04-26 12:56:24.03756+00', '3116ee84-6c9d-4fde-8bcc-49587655c52a'),
	('7380a10e-a062-47cd-ad9e-07b19d1cae5c', '6db47d6b-6e2e-4886-a262-520a91854f4c', 'ae48a35a-4204-4e74-8dd3-1f3bfe0be4de', 'c918713f-4b34-45ca-ac33-5d2d2028a837', 0, '2026-04-26 12:56:24.03756+00', '3116ee84-6c9d-4fde-8bcc-49587655c52a'),
	('6c3a8a67-0074-465a-8a17-c29cffc01088', '6db47d6b-6e2e-4886-a262-520a91854f4c', 'b7f0a99f-59b9-4b25-9925-b17c550bbc7a', '36112a16-5035-40ac-b67b-a8e71d0413fd', 16.1, '2026-04-27 01:50:26.716541+00', '3116ee84-6c9d-4fde-8bcc-49587655c52a'),
	('f6b37b57-249c-41f5-9ece-4f999355dd15', '6db47d6b-6e2e-4886-a262-520a91854f4c', 'b7f0a99f-59b9-4b25-9925-b17c550bbc7a', '12a19452-da8e-45bf-a344-48e3abbe740d', 16.1, '2026-04-27 01:50:26.716541+00', '3116ee84-6c9d-4fde-8bcc-49587655c52a'),
	('6a2a72aa-8307-4d4f-83f8-f6182acff417', '6db47d6b-6e2e-4886-a262-520a91854f4c', 'b7f0a99f-59b9-4b25-9925-b17c550bbc7a', '96b5a75b-a747-4312-92f0-3deaf06b04eb', 0, '2026-04-27 01:50:26.716541+00', '3116ee84-6c9d-4fde-8bcc-49587655c52a'),
	('df344aac-48b2-4e57-85fb-90753a67420d', '6db47d6b-6e2e-4886-a262-520a91854f4c', 'b7f0a99f-59b9-4b25-9925-b17c550bbc7a', 'c918713f-4b34-45ca-ac33-5d2d2028a837', 0, '2026-04-27 01:50:26.716541+00', '3116ee84-6c9d-4fde-8bcc-49587655c52a'),
	('5c831aff-2804-4d6f-9ed8-48c8618e27cd', '6db47d6b-6e2e-4886-a262-520a91854f4c', 'fa3d857f-66aa-46ba-9f51-c415af8f8272', '36112a16-5035-40ac-b67b-a8e71d0413fd', 2000, '2026-04-27 05:09:02.444996+00', '3116ee84-6c9d-4fde-8bcc-49587655c52a'),
	('cd1d27b8-85ea-44c4-b6de-1a7088274c7f', '6db47d6b-6e2e-4886-a262-520a91854f4c', 'fa3d857f-66aa-46ba-9f51-c415af8f8272', '12a19452-da8e-45bf-a344-48e3abbe740d', 2000, '2026-04-27 05:09:02.444996+00', '3116ee84-6c9d-4fde-8bcc-49587655c52a'),
	('b60d7dad-c816-4c5b-b562-320cd10353e3', '6db47d6b-6e2e-4886-a262-520a91854f4c', 'fa3d857f-66aa-46ba-9f51-c415af8f8272', '96b5a75b-a747-4312-92f0-3deaf06b04eb', 0, '2026-04-27 05:09:02.444996+00', '3116ee84-6c9d-4fde-8bcc-49587655c52a'),
	('9b825625-9b76-46e8-9af2-2a992f80086e', '6db47d6b-6e2e-4886-a262-520a91854f4c', 'fa3d857f-66aa-46ba-9f51-c415af8f8272', 'c918713f-4b34-45ca-ac33-5d2d2028a837', 0, '2026-04-27 05:09:02.444996+00', '3116ee84-6c9d-4fde-8bcc-49587655c52a'),
	('a55e12d3-0429-41ed-be5e-2e94ac4dccd9', '6db47d6b-6e2e-4886-a262-520a91854f4c', 'df6f5848-6a8f-489d-a4c7-64738eabcd06', '36112a16-5035-40ac-b67b-a8e71d0413fd', 2000, '2026-04-27 06:24:16.495685+00', '3116ee84-6c9d-4fde-8bcc-49587655c52a'),
	('5d5ae3e9-d40b-4b53-812d-dc61d2ebd0f8', '6db47d6b-6e2e-4886-a262-520a91854f4c', 'df6f5848-6a8f-489d-a4c7-64738eabcd06', '12a19452-da8e-45bf-a344-48e3abbe740d', 2000, '2026-04-27 06:24:16.495685+00', '3116ee84-6c9d-4fde-8bcc-49587655c52a'),
	('6bafa113-0a18-448a-8fe3-a50243818f2a', '6db47d6b-6e2e-4886-a262-520a91854f4c', 'df6f5848-6a8f-489d-a4c7-64738eabcd06', '96b5a75b-a747-4312-92f0-3deaf06b04eb', 0, '2026-04-27 06:24:16.495685+00', '3116ee84-6c9d-4fde-8bcc-49587655c52a'),
	('e5afb228-f86e-4609-95f6-572b13540f1c', '6db47d6b-6e2e-4886-a262-520a91854f4c', 'df6f5848-6a8f-489d-a4c7-64738eabcd06', 'c918713f-4b34-45ca-ac33-5d2d2028a837', 0, '2026-04-27 06:24:16.495685+00', '3116ee84-6c9d-4fde-8bcc-49587655c52a'),
	('750d582c-34ff-4dc8-bb3f-ce0015a582b3', '6db47d6b-6e2e-4886-a262-520a91854f4c', 'f72c1cbe-ef76-4029-a295-879b13991193', '36112a16-5035-40ac-b67b-a8e71d0413fd', 2000, '2026-04-28 02:26:08.008882+00', '3116ee84-6c9d-4fde-8bcc-49587655c52a'),
	('04ca8f1a-2210-4105-9a11-fcd26adb486d', '6db47d6b-6e2e-4886-a262-520a91854f4c', 'f72c1cbe-ef76-4029-a295-879b13991193', '12a19452-da8e-45bf-a344-48e3abbe740d', 2000, '2026-04-28 02:26:08.008882+00', '3116ee84-6c9d-4fde-8bcc-49587655c52a'),
	('a377d086-75e4-4335-a8aa-f4b1fa9e4087', '6db47d6b-6e2e-4886-a262-520a91854f4c', 'f72c1cbe-ef76-4029-a295-879b13991193', '96b5a75b-a747-4312-92f0-3deaf06b04eb', 0, '2026-04-28 02:26:08.008882+00', '3116ee84-6c9d-4fde-8bcc-49587655c52a'),
	('cb72543b-c066-4535-a52a-c27642a65f45', '6db47d6b-6e2e-4886-a262-520a91854f4c', 'f72c1cbe-ef76-4029-a295-879b13991193', 'c918713f-4b34-45ca-ac33-5d2d2028a837', 0, '2026-04-28 02:26:08.008882+00', '3116ee84-6c9d-4fde-8bcc-49587655c52a'),
	('a33fb26b-f23c-4d21-8c52-fd835be80332', '6db47d6b-6e2e-4886-a262-520a91854f4c', '6edb691a-f23a-4a75-b3d4-d3b76d1f1d80', '36112a16-5035-40ac-b67b-a8e71d0413fd', 1400, '2026-04-28 02:27:11.848799+00', '3116ee84-6c9d-4fde-8bcc-49587655c52a'),
	('7219236e-edd2-4960-822c-7ba4d956dbc7', '6db47d6b-6e2e-4886-a262-520a91854f4c', '6edb691a-f23a-4a75-b3d4-d3b76d1f1d80', '12a19452-da8e-45bf-a344-48e3abbe740d', 1400, '2026-04-28 02:27:11.848799+00', '3116ee84-6c9d-4fde-8bcc-49587655c52a'),
	('65fec960-2a7c-4716-a0a5-adbb0eb93770', '6db47d6b-6e2e-4886-a262-520a91854f4c', '6edb691a-f23a-4a75-b3d4-d3b76d1f1d80', '96b5a75b-a747-4312-92f0-3deaf06b04eb', 0, '2026-04-28 02:27:11.848799+00', '3116ee84-6c9d-4fde-8bcc-49587655c52a'),
	('c2d54b14-40de-49ff-8e3a-159f4ce985fb', '6db47d6b-6e2e-4886-a262-520a91854f4c', '6edb691a-f23a-4a75-b3d4-d3b76d1f1d80', 'c918713f-4b34-45ca-ac33-5d2d2028a837', 0, '2026-04-28 02:27:11.848799+00', '3116ee84-6c9d-4fde-8bcc-49587655c52a'),
	('45f0489f-4420-48b9-bd02-157bd67e64d3', '6db47d6b-6e2e-4886-a262-520a91854f4c', '634c612b-d093-46a3-8775-f60063ce851f', '36112a16-5035-40ac-b67b-a8e71d0413fd', 1180, '2026-04-28 03:40:02.162322+00', '3116ee84-6c9d-4fde-8bcc-49587655c52a'),
	('182bff93-cc70-4b1b-bce8-620464538564', '6db47d6b-6e2e-4886-a262-520a91854f4c', '634c612b-d093-46a3-8775-f60063ce851f', '12a19452-da8e-45bf-a344-48e3abbe740d', 1180, '2026-04-28 03:40:02.162322+00', '3116ee84-6c9d-4fde-8bcc-49587655c52a'),
	('91dfe6ac-8a8a-4d88-8e83-6700c398455a', '6db47d6b-6e2e-4886-a262-520a91854f4c', '634c612b-d093-46a3-8775-f60063ce851f', '96b5a75b-a747-4312-92f0-3deaf06b04eb', 0, '2026-04-28 03:40:02.162322+00', '3116ee84-6c9d-4fde-8bcc-49587655c52a'),
	('3173bc0b-8a83-4d75-8924-e2be0da0a6b3', '6db47d6b-6e2e-4886-a262-520a91854f4c', '634c612b-d093-46a3-8775-f60063ce851f', 'c918713f-4b34-45ca-ac33-5d2d2028a837', 0, '2026-04-28 03:40:02.162322+00', '3116ee84-6c9d-4fde-8bcc-49587655c52a'),
	('b3f3d27f-89b7-4ea0-8901-a4d8f77ca659', '6db47d6b-6e2e-4886-a262-520a91854f4c', '6e9f63ba-bac1-4a8c-a80e-d7e9b565819d', '36112a16-5035-40ac-b67b-a8e71d0413fd', 150, '2026-04-28 11:44:50.258326+00', '3116ee84-6c9d-4fde-8bcc-49587655c52a'),
	('ca6747ef-9d44-47ba-80a6-e3b3539e2371', '6db47d6b-6e2e-4886-a262-520a91854f4c', '6e9f63ba-bac1-4a8c-a80e-d7e9b565819d', '12a19452-da8e-45bf-a344-48e3abbe740d', 150, '2026-04-28 11:44:50.258326+00', '3116ee84-6c9d-4fde-8bcc-49587655c52a'),
	('8cd6a17d-4ac5-4f66-96d9-0aeb6fc637b9', '6db47d6b-6e2e-4886-a262-520a91854f4c', '6e9f63ba-bac1-4a8c-a80e-d7e9b565819d', '96b5a75b-a747-4312-92f0-3deaf06b04eb', 0, '2026-04-28 11:44:50.258326+00', '3116ee84-6c9d-4fde-8bcc-49587655c52a'),
	('0da43445-5807-4a1e-955c-53f85b9efee7', '6db47d6b-6e2e-4886-a262-520a91854f4c', '6e9f63ba-bac1-4a8c-a80e-d7e9b565819d', 'c918713f-4b34-45ca-ac33-5d2d2028a837', 0, '2026-04-28 11:44:50.258326+00', '3116ee84-6c9d-4fde-8bcc-49587655c52a'),
	('bc6760a9-dc0c-4d81-adc3-8a89d7bc82dd', '6db47d6b-6e2e-4886-a262-520a91854f4c', 'cda7917f-d261-4a7c-8826-7e431b597847', '36112a16-5035-40ac-b67b-a8e71d0413fd', 850, '2026-04-28 11:45:30.774789+00', '3116ee84-6c9d-4fde-8bcc-49587655c52a'),
	('2b87b08d-be75-42d1-8e36-961cfc98f3a1', '6db47d6b-6e2e-4886-a262-520a91854f4c', 'cda7917f-d261-4a7c-8826-7e431b597847', '12a19452-da8e-45bf-a344-48e3abbe740d', 850, '2026-04-28 11:45:30.774789+00', '3116ee84-6c9d-4fde-8bcc-49587655c52a'),
	('c5667786-faf4-498e-a3a4-6a8b4e87ee38', '6db47d6b-6e2e-4886-a262-520a91854f4c', 'cda7917f-d261-4a7c-8826-7e431b597847', '96b5a75b-a747-4312-92f0-3deaf06b04eb', 0, '2026-04-28 11:45:30.774789+00', '3116ee84-6c9d-4fde-8bcc-49587655c52a'),
	('861b996f-2709-497c-9a1f-9aef7c57adc8', '6db47d6b-6e2e-4886-a262-520a91854f4c', 'cda7917f-d261-4a7c-8826-7e431b597847', 'c918713f-4b34-45ca-ac33-5d2d2028a837', 0, '2026-04-28 11:45:30.774789+00', '3116ee84-6c9d-4fde-8bcc-49587655c52a'),
	('44db75ff-e03b-4296-8149-65f91c031a41', '6db47d6b-6e2e-4886-a262-520a91854f4c', '4b71aba1-56a4-479e-aa5a-40010ad871ff', '36112a16-5035-40ac-b67b-a8e71d0413fd', 1.61, '2026-04-29 01:53:42.727742+00', '3116ee84-6c9d-4fde-8bcc-49587655c52a'),
	('c780102e-1ac4-43b6-bf22-7fc26e120cfb', '6db47d6b-6e2e-4886-a262-520a91854f4c', '4b71aba1-56a4-479e-aa5a-40010ad871ff', '12a19452-da8e-45bf-a344-48e3abbe740d', 1.61, '2026-04-29 01:53:42.727742+00', '3116ee84-6c9d-4fde-8bcc-49587655c52a'),
	('064829c6-4fdf-4cbb-8368-1c38621f5b79', '6db47d6b-6e2e-4886-a262-520a91854f4c', '4b71aba1-56a4-479e-aa5a-40010ad871ff', '96b5a75b-a747-4312-92f0-3deaf06b04eb', 0, '2026-04-29 01:53:42.727742+00', '3116ee84-6c9d-4fde-8bcc-49587655c52a'),
	('67316d4e-58ce-4209-a4ce-0f35c9af6756', '6db47d6b-6e2e-4886-a262-520a91854f4c', '4b71aba1-56a4-479e-aa5a-40010ad871ff', 'c918713f-4b34-45ca-ac33-5d2d2028a837', 0, '2026-04-29 01:53:42.727742+00', '3116ee84-6c9d-4fde-8bcc-49587655c52a'),
	('d700f74a-bc6d-4011-83e4-94dd6945dddc', '6db47d6b-6e2e-4886-a262-520a91854f4c', '64aca02c-24fb-4260-99fb-f0924eda87fb', '36112a16-5035-40ac-b67b-a8e71d0413fd', 45.5, '2026-04-29 01:55:08.364451+00', '3116ee84-6c9d-4fde-8bcc-49587655c52a'),
	('35b175a9-05ab-4134-8aef-07b995076bc4', '6db47d6b-6e2e-4886-a262-520a91854f4c', '64aca02c-24fb-4260-99fb-f0924eda87fb', '12a19452-da8e-45bf-a344-48e3abbe740d', 45.5, '2026-04-29 01:55:08.364451+00', '3116ee84-6c9d-4fde-8bcc-49587655c52a'),
	('f6dbb6f7-d845-40e9-85b9-8242d8e31c87', '6db47d6b-6e2e-4886-a262-520a91854f4c', '64aca02c-24fb-4260-99fb-f0924eda87fb', '96b5a75b-a747-4312-92f0-3deaf06b04eb', 0, '2026-04-29 01:55:08.364451+00', '3116ee84-6c9d-4fde-8bcc-49587655c52a'),
	('04203746-9248-4fe0-a7fb-22dd5ceef64a', '6db47d6b-6e2e-4886-a262-520a91854f4c', '64aca02c-24fb-4260-99fb-f0924eda87fb', 'c918713f-4b34-45ca-ac33-5d2d2028a837', 0, '2026-04-29 01:55:08.364451+00', '3116ee84-6c9d-4fde-8bcc-49587655c52a'),
	('fe53d57a-fcbe-49de-a901-b7470cbbb742', '6db47d6b-6e2e-4886-a262-520a91854f4c', 'bf9bf5fd-7b15-44d0-9e44-1051cef5d810', '36112a16-5035-40ac-b67b-a8e71d0413fd', 2290, '2026-04-29 06:06:20.045896+00', '3116ee84-6c9d-4fde-8bcc-49587655c52a'),
	('e630ab45-4119-4c3b-abdc-20362d12e058', '6db47d6b-6e2e-4886-a262-520a91854f4c', 'bf9bf5fd-7b15-44d0-9e44-1051cef5d810', '12a19452-da8e-45bf-a344-48e3abbe740d', 2290, '2026-04-29 06:06:20.045896+00', '3116ee84-6c9d-4fde-8bcc-49587655c52a'),
	('4eb9e009-4cbf-42f1-abe9-2c282534ff67', '6db47d6b-6e2e-4886-a262-520a91854f4c', 'bf9bf5fd-7b15-44d0-9e44-1051cef5d810', '96b5a75b-a747-4312-92f0-3deaf06b04eb', 0, '2026-04-29 06:06:20.045896+00', '3116ee84-6c9d-4fde-8bcc-49587655c52a'),
	('6811e9b8-97c9-40e4-935a-9b6f56b062e7', '6db47d6b-6e2e-4886-a262-520a91854f4c', 'bf9bf5fd-7b15-44d0-9e44-1051cef5d810', 'c918713f-4b34-45ca-ac33-5d2d2028a837', 0, '2026-04-29 06:06:20.045896+00', '3116ee84-6c9d-4fde-8bcc-49587655c52a'),
	('5ae06468-0f10-4971-82f7-bc66ea427eba', '6db47d6b-6e2e-4886-a262-520a91854f4c', 'b96216ef-a6a4-4c67-9879-e48b6bb02841', '36112a16-5035-40ac-b67b-a8e71d0413fd', 833, '2026-04-30 01:15:03.125453+00', '3116ee84-6c9d-4fde-8bcc-49587655c52a'),
	('13109265-88d2-49ba-83a5-f45bf3958fad', '6db47d6b-6e2e-4886-a262-520a91854f4c', 'b96216ef-a6a4-4c67-9879-e48b6bb02841', '12a19452-da8e-45bf-a344-48e3abbe740d', 833, '2026-04-30 01:15:03.125453+00', '3116ee84-6c9d-4fde-8bcc-49587655c52a'),
	('98030bcb-239b-4652-abba-d26dfc8d591c', '6db47d6b-6e2e-4886-a262-520a91854f4c', 'b96216ef-a6a4-4c67-9879-e48b6bb02841', '96b5a75b-a747-4312-92f0-3deaf06b04eb', 0, '2026-04-30 01:15:03.125453+00', '3116ee84-6c9d-4fde-8bcc-49587655c52a'),
	('36056648-d160-44d8-b7ef-9c312af3bb39', '6db47d6b-6e2e-4886-a262-520a91854f4c', 'b96216ef-a6a4-4c67-9879-e48b6bb02841', 'c918713f-4b34-45ca-ac33-5d2d2028a837', 0, '2026-04-30 01:15:03.125453+00', '3116ee84-6c9d-4fde-8bcc-49587655c52a'),
	('c5419ee2-4dde-4ba2-9d9c-2814239c671f', '6db47d6b-6e2e-4886-a262-520a91854f4c', 'd98afd12-a4e3-4720-b1ae-87e171089704', '36112a16-5035-40ac-b67b-a8e71d0413fd', 935, '2026-04-30 05:25:07.307758+00', '3116ee84-6c9d-4fde-8bcc-49587655c52a'),
	('51491568-d8ad-4207-a42b-8e9931ec05f9', '6db47d6b-6e2e-4886-a262-520a91854f4c', 'd98afd12-a4e3-4720-b1ae-87e171089704', '12a19452-da8e-45bf-a344-48e3abbe740d', 935, '2026-04-30 05:25:07.307758+00', '3116ee84-6c9d-4fde-8bcc-49587655c52a'),
	('d9b0e7e2-2640-4b45-8462-6fa3cac98b4c', '6db47d6b-6e2e-4886-a262-520a91854f4c', 'd98afd12-a4e3-4720-b1ae-87e171089704', '96b5a75b-a747-4312-92f0-3deaf06b04eb', 0, '2026-04-30 05:25:07.307758+00', '3116ee84-6c9d-4fde-8bcc-49587655c52a'),
	('ea475092-f939-4642-9ab9-27be15826482', '6db47d6b-6e2e-4886-a262-520a91854f4c', 'd98afd12-a4e3-4720-b1ae-87e171089704', 'c918713f-4b34-45ca-ac33-5d2d2028a837', 0, '2026-04-30 05:25:07.307758+00', '3116ee84-6c9d-4fde-8bcc-49587655c52a'),
	('45ddfe33-79d7-47d8-a706-d2aef3540d3d', '6db47d6b-6e2e-4886-a262-520a91854f4c', 'e8415df7-9703-443f-a898-59907f032afe', '36112a16-5035-40ac-b67b-a8e71d0413fd', 135, '2026-04-30 06:14:55.776033+00', '3116ee84-6c9d-4fde-8bcc-49587655c52a'),
	('1ef7f47b-2ec8-447f-96a2-0733d5f0c4b0', '6db47d6b-6e2e-4886-a262-520a91854f4c', 'e8415df7-9703-443f-a898-59907f032afe', '12a19452-da8e-45bf-a344-48e3abbe740d', 135, '2026-04-30 06:14:55.776033+00', '3116ee84-6c9d-4fde-8bcc-49587655c52a'),
	('55f816aa-9c33-4253-856f-023e505f7fa3', '6db47d6b-6e2e-4886-a262-520a91854f4c', 'e8415df7-9703-443f-a898-59907f032afe', '96b5a75b-a747-4312-92f0-3deaf06b04eb', 0, '2026-04-30 06:14:55.776033+00', '3116ee84-6c9d-4fde-8bcc-49587655c52a'),
	('480ed42d-fc87-400d-b70b-9842447dfe60', '6db47d6b-6e2e-4886-a262-520a91854f4c', 'e8415df7-9703-443f-a898-59907f032afe', 'c918713f-4b34-45ca-ac33-5d2d2028a837', 0, '2026-04-30 06:14:55.776033+00', '3116ee84-6c9d-4fde-8bcc-49587655c52a'),
	('16b76e56-3763-4fdd-abc7-38432beeb4a8', '6db47d6b-6e2e-4886-a262-520a91854f4c', 'd08451a1-4377-4ccd-9747-1887aff2db50', '36112a16-5035-40ac-b67b-a8e71d0413fd', 1500, '2026-05-01 12:18:35.821696+00', '3116ee84-6c9d-4fde-8bcc-49587655c52a'),
	('2e1f025c-6a4d-459d-aa1e-41d8d6f021f1', '6db47d6b-6e2e-4886-a262-520a91854f4c', 'd08451a1-4377-4ccd-9747-1887aff2db50', '12a19452-da8e-45bf-a344-48e3abbe740d', 1500, '2026-05-01 12:18:35.821696+00', '3116ee84-6c9d-4fde-8bcc-49587655c52a'),
	('4529e9b5-c45f-4b43-af7f-a695d884d8d1', '6db47d6b-6e2e-4886-a262-520a91854f4c', 'd08451a1-4377-4ccd-9747-1887aff2db50', '96b5a75b-a747-4312-92f0-3deaf06b04eb', 0, '2026-05-01 12:18:35.821696+00', '3116ee84-6c9d-4fde-8bcc-49587655c52a'),
	('5d54a589-c0e5-4b32-b1fc-9e7056fbed54', '6db47d6b-6e2e-4886-a262-520a91854f4c', 'd08451a1-4377-4ccd-9747-1887aff2db50', 'c918713f-4b34-45ca-ac33-5d2d2028a837', 0, '2026-05-01 12:18:35.821696+00', '3116ee84-6c9d-4fde-8bcc-49587655c52a'),
	('2a14f1e6-2aa4-44eb-9643-df86f7a6eade', '6db47d6b-6e2e-4886-a262-520a91854f4c', 'c2f33fb4-7b39-4148-bd80-080be2b7a796', '36112a16-5035-40ac-b67b-a8e71d0413fd', 0, '2026-05-02 00:24:54.391348+00', '3116ee84-6c9d-4fde-8bcc-49587655c52a'),
	('13f08ab6-cb00-4468-8a7d-7872c07fdd97', '6db47d6b-6e2e-4886-a262-520a91854f4c', 'c2f33fb4-7b39-4148-bd80-080be2b7a796', '12a19452-da8e-45bf-a344-48e3abbe740d', 7.65, '2026-05-02 00:24:54.391348+00', '3116ee84-6c9d-4fde-8bcc-49587655c52a'),
	('8aa52aa3-e3d9-4e62-8be4-a7893afc6451', '6db47d6b-6e2e-4886-a262-520a91854f4c', 'c2f33fb4-7b39-4148-bd80-080be2b7a796', '96b5a75b-a747-4312-92f0-3deaf06b04eb', 0, '2026-05-02 00:24:54.391348+00', '3116ee84-6c9d-4fde-8bcc-49587655c52a'),
	('5996b661-4486-42a3-8fbe-f86fa358ea8f', '6db47d6b-6e2e-4886-a262-520a91854f4c', 'c2f33fb4-7b39-4148-bd80-080be2b7a796', 'c918713f-4b34-45ca-ac33-5d2d2028a837', 0, '2026-05-02 00:24:54.391348+00', '3116ee84-6c9d-4fde-8bcc-49587655c52a'),
	('7b1a95e1-f93a-44f8-aaae-2e9be6488d18', '6db47d6b-6e2e-4886-a262-520a91854f4c', 'a29c0d04-3404-4cdf-a234-5f60aa37e3c7', '36112a16-5035-40ac-b67b-a8e71d0413fd', 1300, '2026-05-02 11:29:57.567492+00', '3116ee84-6c9d-4fde-8bcc-49587655c52a'),
	('d271b3d3-6fc2-47d6-b4f8-5d7c2ab1ab92', '6db47d6b-6e2e-4886-a262-520a91854f4c', 'a29c0d04-3404-4cdf-a234-5f60aa37e3c7', '12a19452-da8e-45bf-a344-48e3abbe740d', 2300, '2026-05-02 11:29:57.567492+00', '3116ee84-6c9d-4fde-8bcc-49587655c52a'),
	('cc67946a-02aa-4430-a6bf-4d6a9ae41825', '6db47d6b-6e2e-4886-a262-520a91854f4c', 'a29c0d04-3404-4cdf-a234-5f60aa37e3c7', '96b5a75b-a747-4312-92f0-3deaf06b04eb', 0, '2026-05-02 11:29:57.567492+00', '3116ee84-6c9d-4fde-8bcc-49587655c52a'),
	('c24fd9ae-b82e-4e1c-8b19-570097caf6b7', '6db47d6b-6e2e-4886-a262-520a91854f4c', 'a29c0d04-3404-4cdf-a234-5f60aa37e3c7', 'c918713f-4b34-45ca-ac33-5d2d2028a837', 0, '2026-05-02 11:29:57.567492+00', '3116ee84-6c9d-4fde-8bcc-49587655c52a'),
	('30918935-8f90-4f89-950e-f53a910bcc48', '6db47d6b-6e2e-4886-a262-520a91854f4c', '84fc3df5-0aed-41d8-bc0e-d0818fe28c7e', '36112a16-5035-40ac-b67b-a8e71d0413fd', 820, '2026-05-02 11:30:49.267196+00', '3116ee84-6c9d-4fde-8bcc-49587655c52a'),
	('497467af-f34e-4ef9-aa34-b99b928ce18b', '6db47d6b-6e2e-4886-a262-520a91854f4c', '84fc3df5-0aed-41d8-bc0e-d0818fe28c7e', '12a19452-da8e-45bf-a344-48e3abbe740d', 820, '2026-05-02 11:30:49.267196+00', '3116ee84-6c9d-4fde-8bcc-49587655c52a'),
	('14ac2e20-49fb-438d-afbc-4367b778f7a1', '6db47d6b-6e2e-4886-a262-520a91854f4c', '84fc3df5-0aed-41d8-bc0e-d0818fe28c7e', '96b5a75b-a747-4312-92f0-3deaf06b04eb', 0, '2026-05-02 11:30:49.267196+00', '3116ee84-6c9d-4fde-8bcc-49587655c52a'),
	('42170f37-f984-4257-8a39-b2b300ac92e6', '6db47d6b-6e2e-4886-a262-520a91854f4c', '84fc3df5-0aed-41d8-bc0e-d0818fe28c7e', 'c918713f-4b34-45ca-ac33-5d2d2028a837', 0, '2026-05-02 11:30:49.267196+00', '3116ee84-6c9d-4fde-8bcc-49587655c52a'),
	('497e0c98-69ac-43af-b850-68217042fe6f', '6db47d6b-6e2e-4886-a262-520a91854f4c', '88204749-78e9-41f7-9eaf-f87163e37427', '36112a16-5035-40ac-b67b-a8e71d0413fd', 1580, '2026-05-02 13:38:50.559821+00', '3116ee84-6c9d-4fde-8bcc-49587655c52a'),
	('c0f86c2f-99cf-4d89-b9b3-f6b884dc1456', '6db47d6b-6e2e-4886-a262-520a91854f4c', '88204749-78e9-41f7-9eaf-f87163e37427', '12a19452-da8e-45bf-a344-48e3abbe740d', 1580, '2026-05-02 13:38:50.559821+00', '3116ee84-6c9d-4fde-8bcc-49587655c52a'),
	('21c04904-2316-4f6b-925e-aa491048fa73', '6db47d6b-6e2e-4886-a262-520a91854f4c', '88204749-78e9-41f7-9eaf-f87163e37427', '96b5a75b-a747-4312-92f0-3deaf06b04eb', 0, '2026-05-02 13:38:50.559821+00', '3116ee84-6c9d-4fde-8bcc-49587655c52a'),
	('006f50b5-afc6-498e-85c6-4a0b69def82f', '6db47d6b-6e2e-4886-a262-520a91854f4c', '88204749-78e9-41f7-9eaf-f87163e37427', 'c918713f-4b34-45ca-ac33-5d2d2028a837', 0, '2026-05-02 13:38:50.559821+00', '3116ee84-6c9d-4fde-8bcc-49587655c52a'),
	('5ca02be1-9746-4d94-a88a-213f3f27eb37', '6db47d6b-6e2e-4886-a262-520a91854f4c', '10ab99df-2a9c-4f99-9dad-ce1ec4246f12', '36112a16-5035-40ac-b67b-a8e71d0413fd', 900, '2026-05-02 13:39:31.506112+00', '3116ee84-6c9d-4fde-8bcc-49587655c52a'),
	('9b46e08f-f9b2-45ad-9adc-b990968a297a', '6db47d6b-6e2e-4886-a262-520a91854f4c', '10ab99df-2a9c-4f99-9dad-ce1ec4246f12', '12a19452-da8e-45bf-a344-48e3abbe740d', 900, '2026-05-02 13:39:31.506112+00', '3116ee84-6c9d-4fde-8bcc-49587655c52a'),
	('23c9e9c8-ad19-4c1a-b1a6-40d08763fbe8', '6db47d6b-6e2e-4886-a262-520a91854f4c', '10ab99df-2a9c-4f99-9dad-ce1ec4246f12', '96b5a75b-a747-4312-92f0-3deaf06b04eb', 0, '2026-05-02 13:39:31.506112+00', '3116ee84-6c9d-4fde-8bcc-49587655c52a'),
	('cffda906-a998-4a6b-850a-a64bb3d7176a', '6db47d6b-6e2e-4886-a262-520a91854f4c', '10ab99df-2a9c-4f99-9dad-ce1ec4246f12', 'c918713f-4b34-45ca-ac33-5d2d2028a837', 0, '2026-05-02 13:39:31.506112+00', '3116ee84-6c9d-4fde-8bcc-49587655c52a'),
	('2cc97157-ddcb-428a-8339-6179224950f5', '6db47d6b-6e2e-4886-a262-520a91854f4c', '90fe6b10-080f-4a2d-8d7a-959671445110', '36112a16-5035-40ac-b67b-a8e71d0413fd', 2800, '2026-05-04 09:34:13.961186+00', '3116ee84-6c9d-4fde-8bcc-49587655c52a'),
	('d9c0681e-5a86-4209-b8a5-13e5aa5aae12', '6db47d6b-6e2e-4886-a262-520a91854f4c', '90fe6b10-080f-4a2d-8d7a-959671445110', '12a19452-da8e-45bf-a344-48e3abbe740d', 1400, '2026-05-04 09:34:13.961186+00', '3116ee84-6c9d-4fde-8bcc-49587655c52a'),
	('c05e18c3-c0b9-4b74-b7f7-5fa5a94b0f94', '6db47d6b-6e2e-4886-a262-520a91854f4c', '90fe6b10-080f-4a2d-8d7a-959671445110', '96b5a75b-a747-4312-92f0-3deaf06b04eb', 0, '2026-05-04 09:34:13.961186+00', '3116ee84-6c9d-4fde-8bcc-49587655c52a'),
	('e240a5b0-3434-4fe3-a04b-15e81c70c85b', '6db47d6b-6e2e-4886-a262-520a91854f4c', '90fe6b10-080f-4a2d-8d7a-959671445110', 'c918713f-4b34-45ca-ac33-5d2d2028a837', 0, '2026-05-04 09:34:13.961186+00', '3116ee84-6c9d-4fde-8bcc-49587655c52a'),
	('72a7c521-7cea-4eff-9cf7-ef082555b32c', '6db47d6b-6e2e-4886-a262-520a91854f4c', 'ea96cae3-1b9a-4ada-b8b9-6ae64c76c880', '36112a16-5035-40ac-b67b-a8e71d0413fd', 0, '2026-05-04 11:03:48.910596+00', '3116ee84-6c9d-4fde-8bcc-49587655c52a'),
	('c81e2289-911f-4d2f-b4d3-c89be2bd185b', '6db47d6b-6e2e-4886-a262-520a91854f4c', 'ea96cae3-1b9a-4ada-b8b9-6ae64c76c880', '12a19452-da8e-45bf-a344-48e3abbe740d', 2000, '2026-05-04 11:03:48.910596+00', '3116ee84-6c9d-4fde-8bcc-49587655c52a'),
	('b4efa19c-a1e7-4359-a60d-c1ef638ebb74', '6db47d6b-6e2e-4886-a262-520a91854f4c', 'ea96cae3-1b9a-4ada-b8b9-6ae64c76c880', '96b5a75b-a747-4312-92f0-3deaf06b04eb', 0, '2026-05-04 11:03:48.910596+00', '3116ee84-6c9d-4fde-8bcc-49587655c52a'),
	('4b13ae40-a952-4b3a-856c-0ee3339b182f', '6db47d6b-6e2e-4886-a262-520a91854f4c', 'ea96cae3-1b9a-4ada-b8b9-6ae64c76c880', 'c918713f-4b34-45ca-ac33-5d2d2028a837', 0, '2026-05-04 11:03:48.910596+00', '3116ee84-6c9d-4fde-8bcc-49587655c52a'),
	('ccc39fd2-9bb0-4ff4-b314-a4140f89bcf6', '6db47d6b-6e2e-4886-a262-520a91854f4c', '2f4fc880-3965-4c3f-9d32-8b75d0f48d2e', '36112a16-5035-40ac-b67b-a8e71d0413fd', 800, '2026-05-05 04:47:08.851391+00', '3116ee84-6c9d-4fde-8bcc-49587655c52a'),
	('5e844d4e-75ff-48ad-8ee2-fcfd1d2e5787', '6db47d6b-6e2e-4886-a262-520a91854f4c', '2f4fc880-3965-4c3f-9d32-8b75d0f48d2e', '12a19452-da8e-45bf-a344-48e3abbe740d', 800, '2026-05-05 04:47:08.851391+00', '3116ee84-6c9d-4fde-8bcc-49587655c52a'),
	('99467911-807b-472c-bfbb-86b790d71de8', '6db47d6b-6e2e-4886-a262-520a91854f4c', '2f4fc880-3965-4c3f-9d32-8b75d0f48d2e', '96b5a75b-a747-4312-92f0-3deaf06b04eb', 0, '2026-05-05 04:47:08.851391+00', '3116ee84-6c9d-4fde-8bcc-49587655c52a'),
	('f85bd409-d462-4a75-be51-9c510a373558', '6db47d6b-6e2e-4886-a262-520a91854f4c', '2f4fc880-3965-4c3f-9d32-8b75d0f48d2e', 'c918713f-4b34-45ca-ac33-5d2d2028a837', 0, '2026-05-05 04:47:08.851391+00', '3116ee84-6c9d-4fde-8bcc-49587655c52a'),
	('a4ca5395-979f-45a5-bbf9-aad3f9ce8945', '6db47d6b-6e2e-4886-a262-520a91854f4c', '6b26548d-8856-4505-b970-fa092dbe77d9', '36112a16-5035-40ac-b67b-a8e71d0413fd', 5000, '2026-05-05 04:48:25.110638+00', '3116ee84-6c9d-4fde-8bcc-49587655c52a'),
	('19ae750e-27d5-4ab3-b250-d977177dd3ab', '6db47d6b-6e2e-4886-a262-520a91854f4c', '6b26548d-8856-4505-b970-fa092dbe77d9', '12a19452-da8e-45bf-a344-48e3abbe740d', 5000, '2026-05-05 04:48:25.110638+00', '3116ee84-6c9d-4fde-8bcc-49587655c52a'),
	('8f9bea9f-d264-4294-8b6c-ad96b7605172', '6db47d6b-6e2e-4886-a262-520a91854f4c', '6b26548d-8856-4505-b970-fa092dbe77d9', '96b5a75b-a747-4312-92f0-3deaf06b04eb', 0, '2026-05-05 04:48:25.110638+00', '3116ee84-6c9d-4fde-8bcc-49587655c52a'),
	('3d1e4994-826a-4912-a492-dcf9683dbdc1', '6db47d6b-6e2e-4886-a262-520a91854f4c', '6b26548d-8856-4505-b970-fa092dbe77d9', 'c918713f-4b34-45ca-ac33-5d2d2028a837', 0, '2026-05-05 04:48:25.110638+00', '3116ee84-6c9d-4fde-8bcc-49587655c52a'),
	('ee1bda7c-0c2b-41a1-8136-81ecf69ed6d3', '6db47d6b-6e2e-4886-a262-520a91854f4c', '59146840-e959-44ed-a8a5-cdb405619239', '36112a16-5035-40ac-b67b-a8e71d0413fd', 311, '2026-05-05 13:34:23.49832+00', '3116ee84-6c9d-4fde-8bcc-49587655c52a'),
	('446aaf98-e18d-4953-86b1-704cfddb52ba', '6db47d6b-6e2e-4886-a262-520a91854f4c', '59146840-e959-44ed-a8a5-cdb405619239', '12a19452-da8e-45bf-a344-48e3abbe740d', 311, '2026-05-05 13:34:23.49832+00', '3116ee84-6c9d-4fde-8bcc-49587655c52a'),
	('af3fb56c-e1fc-4386-978f-93eba9133526', '6db47d6b-6e2e-4886-a262-520a91854f4c', '59146840-e959-44ed-a8a5-cdb405619239', '96b5a75b-a747-4312-92f0-3deaf06b04eb', 0, '2026-05-05 13:34:23.49832+00', '3116ee84-6c9d-4fde-8bcc-49587655c52a'),
	('da201d5d-031c-4126-b067-0fefd876e208', '6db47d6b-6e2e-4886-a262-520a91854f4c', '59146840-e959-44ed-a8a5-cdb405619239', 'c918713f-4b34-45ca-ac33-5d2d2028a837', 0, '2026-05-05 13:34:23.49832+00', '3116ee84-6c9d-4fde-8bcc-49587655c52a'),
	('9f6b3b52-c64c-4ea3-b3c8-8708f0fcb0b4', '6db47d6b-6e2e-4886-a262-520a91854f4c', '1e3132c4-c4f2-45ba-9b08-811fe66673bb', '36112a16-5035-40ac-b67b-a8e71d0413fd', 311, '2026-05-05 15:57:25.579125+00', '3116ee84-6c9d-4fde-8bcc-49587655c52a'),
	('3a56f93f-6ec0-45a3-956f-25c02df25085', '6db47d6b-6e2e-4886-a262-520a91854f4c', '1e3132c4-c4f2-45ba-9b08-811fe66673bb', '12a19452-da8e-45bf-a344-48e3abbe740d', 311, '2026-05-05 15:57:25.579125+00', '3116ee84-6c9d-4fde-8bcc-49587655c52a'),
	('fdf25326-ae6f-4a58-b3ff-88e9741478e2', '6db47d6b-6e2e-4886-a262-520a91854f4c', '1e3132c4-c4f2-45ba-9b08-811fe66673bb', '96b5a75b-a747-4312-92f0-3deaf06b04eb', 0, '2026-05-05 15:57:25.579125+00', '3116ee84-6c9d-4fde-8bcc-49587655c52a'),
	('b86d6cc1-8a31-409d-96ff-be3e2747f706', '6db47d6b-6e2e-4886-a262-520a91854f4c', '1e3132c4-c4f2-45ba-9b08-811fe66673bb', 'c918713f-4b34-45ca-ac33-5d2d2028a837', 0, '2026-05-05 15:57:25.579125+00', '3116ee84-6c9d-4fde-8bcc-49587655c52a'),
	('f9fd3b15-04b0-46ae-a4ea-757f8e6d02a7', '6db47d6b-6e2e-4886-a262-520a91854f4c', 'eb67e83d-0902-4e6e-8a41-b90dcb91ac33', '36112a16-5035-40ac-b67b-a8e71d0413fd', 0, '2026-05-06 03:02:38.772021+00', '3116ee84-6c9d-4fde-8bcc-49587655c52a'),
	('4f191aca-e416-45c5-86fd-003e4f453906', '6db47d6b-6e2e-4886-a262-520a91854f4c', 'eb67e83d-0902-4e6e-8a41-b90dcb91ac33', '12a19452-da8e-45bf-a344-48e3abbe740d', 5000, '2026-05-06 03:02:38.772021+00', '3116ee84-6c9d-4fde-8bcc-49587655c52a'),
	('4f78f719-9ebf-43ef-b3ba-ed246c27b818', '6db47d6b-6e2e-4886-a262-520a91854f4c', 'eb67e83d-0902-4e6e-8a41-b90dcb91ac33', '96b5a75b-a747-4312-92f0-3deaf06b04eb', 0, '2026-05-06 03:02:38.772021+00', '3116ee84-6c9d-4fde-8bcc-49587655c52a'),
	('f922302b-1643-4a3c-988c-ffd52b10a615', '6db47d6b-6e2e-4886-a262-520a91854f4c', 'eb67e83d-0902-4e6e-8a41-b90dcb91ac33', 'c918713f-4b34-45ca-ac33-5d2d2028a837', 0, '2026-05-06 03:02:38.772021+00', '3116ee84-6c9d-4fde-8bcc-49587655c52a'),
	('cefb0579-f226-49a2-9c7e-ea683c4af50f', '6db47d6b-6e2e-4886-a262-520a91854f4c', '92ef7b3f-bdf1-4f27-bebb-60964b3301d0', '36112a16-5035-40ac-b67b-a8e71d0413fd', 150, '2026-05-06 03:09:13.434409+00', '3116ee84-6c9d-4fde-8bcc-49587655c52a'),
	('732bce62-40ae-46c4-9f7a-8356a3aea4ff', '6db47d6b-6e2e-4886-a262-520a91854f4c', '92ef7b3f-bdf1-4f27-bebb-60964b3301d0', '12a19452-da8e-45bf-a344-48e3abbe740d', 150, '2026-05-06 03:09:13.434409+00', '3116ee84-6c9d-4fde-8bcc-49587655c52a'),
	('fb87544a-f1ff-4dbc-9986-2f7a9b8b4bde', '6db47d6b-6e2e-4886-a262-520a91854f4c', '92ef7b3f-bdf1-4f27-bebb-60964b3301d0', '96b5a75b-a747-4312-92f0-3deaf06b04eb', 0, '2026-05-06 03:09:13.434409+00', '3116ee84-6c9d-4fde-8bcc-49587655c52a'),
	('1ba0727b-2560-4675-9a19-976df507e408', '6db47d6b-6e2e-4886-a262-520a91854f4c', '92ef7b3f-bdf1-4f27-bebb-60964b3301d0', 'c918713f-4b34-45ca-ac33-5d2d2028a837', 0, '2026-05-06 03:09:13.434409+00', '3116ee84-6c9d-4fde-8bcc-49587655c52a'),
	('b5dbb84f-889f-44d8-815b-dfe99aba392f', '6db47d6b-6e2e-4886-a262-520a91854f4c', 'd88e5078-d0be-4421-852e-b7945d69a533', '36112a16-5035-40ac-b67b-a8e71d0413fd', 0, '2026-05-06 03:11:18.360078+00', '3116ee84-6c9d-4fde-8bcc-49587655c52a'),
	('dd2c6e2f-7b8d-44c5-adff-7f01c6ddb55c', '6db47d6b-6e2e-4886-a262-520a91854f4c', 'd88e5078-d0be-4421-852e-b7945d69a533', '12a19452-da8e-45bf-a344-48e3abbe740d', 2000, '2026-05-06 03:11:18.360078+00', '3116ee84-6c9d-4fde-8bcc-49587655c52a'),
	('7bfba0b0-b119-44e2-83d7-339f7f5884b0', '6db47d6b-6e2e-4886-a262-520a91854f4c', 'd88e5078-d0be-4421-852e-b7945d69a533', '96b5a75b-a747-4312-92f0-3deaf06b04eb', 0, '2026-05-06 03:11:18.360078+00', '3116ee84-6c9d-4fde-8bcc-49587655c52a'),
	('cff99159-9097-40a7-ba00-5bb77dc6c009', '6db47d6b-6e2e-4886-a262-520a91854f4c', 'd88e5078-d0be-4421-852e-b7945d69a533', 'c918713f-4b34-45ca-ac33-5d2d2028a837', 0, '2026-05-06 03:11:18.360078+00', '3116ee84-6c9d-4fde-8bcc-49587655c52a'),
	('5ff94c7c-ed34-4acc-845d-368331a4ccf1', '6db47d6b-6e2e-4886-a262-520a91854f4c', 'fc8dcd0d-b760-4b31-af47-39aed88686e9', '36112a16-5035-40ac-b67b-a8e71d0413fd', 100, '2026-05-06 03:49:18.680099+00', '3116ee84-6c9d-4fde-8bcc-49587655c52a'),
	('4640f12a-9ae4-42c4-8307-b40852d9f025', '6db47d6b-6e2e-4886-a262-520a91854f4c', 'fc8dcd0d-b760-4b31-af47-39aed88686e9', '12a19452-da8e-45bf-a344-48e3abbe740d', 100, '2026-05-06 03:49:18.680099+00', '3116ee84-6c9d-4fde-8bcc-49587655c52a'),
	('a2ce2459-d2c1-4b88-a893-7199a21bfeda', '6db47d6b-6e2e-4886-a262-520a91854f4c', 'fc8dcd0d-b760-4b31-af47-39aed88686e9', '96b5a75b-a747-4312-92f0-3deaf06b04eb', 0, '2026-05-06 03:49:18.680099+00', '3116ee84-6c9d-4fde-8bcc-49587655c52a'),
	('87caed67-0fbc-47c3-ac92-52add1fc39a4', '6db47d6b-6e2e-4886-a262-520a91854f4c', 'fc8dcd0d-b760-4b31-af47-39aed88686e9', 'c918713f-4b34-45ca-ac33-5d2d2028a837', 0, '2026-05-06 03:49:18.680099+00', '3116ee84-6c9d-4fde-8bcc-49587655c52a'),
	('e427b2b6-87d4-4955-ba08-035f69dcd8d8', '6db47d6b-6e2e-4886-a262-520a91854f4c', 'ac5c2cbb-32bd-46eb-9276-39c2f86250df', '36112a16-5035-40ac-b67b-a8e71d0413fd', 2498.33, '2026-05-06 03:50:03.515147+00', '3116ee84-6c9d-4fde-8bcc-49587655c52a'),
	('19b6791d-ed68-4b94-a13a-a3cde995ee6c', '6db47d6b-6e2e-4886-a262-520a91854f4c', 'ac5c2cbb-32bd-46eb-9276-39c2f86250df', '12a19452-da8e-45bf-a344-48e3abbe740d', 2498.34, '2026-05-06 03:50:03.515147+00', '3116ee84-6c9d-4fde-8bcc-49587655c52a'),
	('f9aee01d-1249-4269-b173-e24a50ecb963', '6db47d6b-6e2e-4886-a262-520a91854f4c', 'ac5c2cbb-32bd-46eb-9276-39c2f86250df', '96b5a75b-a747-4312-92f0-3deaf06b04eb', 2498.33, '2026-05-06 03:50:03.515147+00', '3116ee84-6c9d-4fde-8bcc-49587655c52a'),
	('ab55273a-9659-4e4e-a1e2-9d41cfb281ce', '6db47d6b-6e2e-4886-a262-520a91854f4c', 'ac5c2cbb-32bd-46eb-9276-39c2f86250df', 'c918713f-4b34-45ca-ac33-5d2d2028a837', 0, '2026-05-06 03:50:03.515147+00', '3116ee84-6c9d-4fde-8bcc-49587655c52a'),
	('77efe75d-bdf0-4f2b-92f3-b1000a66ac68', '6db47d6b-6e2e-4886-a262-520a91854f4c', '3f52d580-4a0f-4203-9e63-ab442b27c1e7', '36112a16-5035-40ac-b67b-a8e71d0413fd', 833.33, '2026-05-06 03:58:50.550706+00', '3116ee84-6c9d-4fde-8bcc-49587655c52a'),
	('1cb2d562-f995-4c7e-a9b1-46b28f69075d', '6db47d6b-6e2e-4886-a262-520a91854f4c', '3f52d580-4a0f-4203-9e63-ab442b27c1e7', '12a19452-da8e-45bf-a344-48e3abbe740d', 833.34, '2026-05-06 03:58:50.550706+00', '3116ee84-6c9d-4fde-8bcc-49587655c52a'),
	('0f0f9f79-fcb5-434b-a41f-a933cf0266a7', '6db47d6b-6e2e-4886-a262-520a91854f4c', '3f52d580-4a0f-4203-9e63-ab442b27c1e7', '96b5a75b-a747-4312-92f0-3deaf06b04eb', 833.33, '2026-05-06 03:58:50.550706+00', '3116ee84-6c9d-4fde-8bcc-49587655c52a'),
	('3a19b984-7456-4d15-9cb9-5856e50abb0a', '6db47d6b-6e2e-4886-a262-520a91854f4c', '3f52d580-4a0f-4203-9e63-ab442b27c1e7', 'c918713f-4b34-45ca-ac33-5d2d2028a837', 0, '2026-05-06 03:58:50.550706+00', '3116ee84-6c9d-4fde-8bcc-49587655c52a'),
	('4fafc5af-4fd8-4a28-8473-fd1eeb747c89', '6db47d6b-6e2e-4886-a262-520a91854f4c', 'f00e79f7-dbb9-452b-9fa0-46bc9bb195be', '36112a16-5035-40ac-b67b-a8e71d0413fd', 9.87, '2026-05-06 03:59:09.321109+00', '3116ee84-6c9d-4fde-8bcc-49587655c52a'),
	('e3604ea1-87d6-484d-9f06-776766e3d791', '6db47d6b-6e2e-4886-a262-520a91854f4c', 'f00e79f7-dbb9-452b-9fa0-46bc9bb195be', '12a19452-da8e-45bf-a344-48e3abbe740d', 9.88, '2026-05-06 03:59:09.321109+00', '3116ee84-6c9d-4fde-8bcc-49587655c52a'),
	('67091b76-42f8-49fe-b87a-336a9cd76f22', '6db47d6b-6e2e-4886-a262-520a91854f4c', 'f00e79f7-dbb9-452b-9fa0-46bc9bb195be', '96b5a75b-a747-4312-92f0-3deaf06b04eb', 9.88, '2026-05-06 03:59:09.321109+00', '3116ee84-6c9d-4fde-8bcc-49587655c52a'),
	('78056b43-bdf8-4396-bcb0-892f13dcff31', '6db47d6b-6e2e-4886-a262-520a91854f4c', 'f00e79f7-dbb9-452b-9fa0-46bc9bb195be', 'c918713f-4b34-45ca-ac33-5d2d2028a837', 0, '2026-05-06 03:59:09.321109+00', '3116ee84-6c9d-4fde-8bcc-49587655c52a'),
	('5d21594b-2b80-49f8-bfc0-600008cdad70', '6db47d6b-6e2e-4886-a262-520a91854f4c', 'b070561b-6518-4724-9360-e1515218c15b', '36112a16-5035-40ac-b67b-a8e71d0413fd', 333.33, '2026-05-06 03:59:32.29818+00', '3116ee84-6c9d-4fde-8bcc-49587655c52a'),
	('0c367d92-021d-4b14-939f-26a0c501a178', '6db47d6b-6e2e-4886-a262-520a91854f4c', 'b070561b-6518-4724-9360-e1515218c15b', '12a19452-da8e-45bf-a344-48e3abbe740d', 333.34, '2026-05-06 03:59:32.29818+00', '3116ee84-6c9d-4fde-8bcc-49587655c52a'),
	('b74bb607-9ff4-44e9-9b10-5dd422448b84', '6db47d6b-6e2e-4886-a262-520a91854f4c', 'b070561b-6518-4724-9360-e1515218c15b', '96b5a75b-a747-4312-92f0-3deaf06b04eb', 333.33, '2026-05-06 03:59:32.29818+00', '3116ee84-6c9d-4fde-8bcc-49587655c52a'),
	('0ca9c7c0-8887-419f-b875-97a8e94492cb', '6db47d6b-6e2e-4886-a262-520a91854f4c', 'b070561b-6518-4724-9360-e1515218c15b', 'c918713f-4b34-45ca-ac33-5d2d2028a837', 0, '2026-05-06 03:59:32.29818+00', '3116ee84-6c9d-4fde-8bcc-49587655c52a'),
	('7dca8c74-96e6-405e-96d0-33b437267ddf', '6db47d6b-6e2e-4886-a262-520a91854f4c', 'ab6dad61-d0fc-4237-b134-da0bec035926', '36112a16-5035-40ac-b67b-a8e71d0413fd', 266.67, '2026-05-06 04:00:00.37803+00', '3116ee84-6c9d-4fde-8bcc-49587655c52a'),
	('d3369ff3-1d51-46de-a036-30a29fa5a6a4', '6db47d6b-6e2e-4886-a262-520a91854f4c', 'ab6dad61-d0fc-4237-b134-da0bec035926', '12a19452-da8e-45bf-a344-48e3abbe740d', 266.66, '2026-05-06 04:00:00.37803+00', '3116ee84-6c9d-4fde-8bcc-49587655c52a'),
	('61de5c77-2e6e-42d2-bbbb-391d8d881a6d', '6db47d6b-6e2e-4886-a262-520a91854f4c', 'ab6dad61-d0fc-4237-b134-da0bec035926', '96b5a75b-a747-4312-92f0-3deaf06b04eb', 266.67, '2026-05-06 04:00:00.37803+00', '3116ee84-6c9d-4fde-8bcc-49587655c52a'),
	('29f2dd68-ef67-4cd3-9693-95e397d47446', '6db47d6b-6e2e-4886-a262-520a91854f4c', 'ab6dad61-d0fc-4237-b134-da0bec035926', 'c918713f-4b34-45ca-ac33-5d2d2028a837', 0, '2026-05-06 04:00:00.37803+00', '3116ee84-6c9d-4fde-8bcc-49587655c52a'),
	('447d5692-3909-4bc9-a615-0c6d1ad2b064', '6db47d6b-6e2e-4886-a262-520a91854f4c', 'a0f4d282-f0c0-42f7-b2e4-1e2cf9bdf8cd', '36112a16-5035-40ac-b67b-a8e71d0413fd', 1333.33, '2026-05-06 04:00:21.157735+00', '3116ee84-6c9d-4fde-8bcc-49587655c52a'),
	('50337e0f-f7a9-4788-bfb2-4a3f26994188', '6db47d6b-6e2e-4886-a262-520a91854f4c', 'a0f4d282-f0c0-42f7-b2e4-1e2cf9bdf8cd', '12a19452-da8e-45bf-a344-48e3abbe740d', 1333.33, '2026-05-06 04:00:21.157735+00', '3116ee84-6c9d-4fde-8bcc-49587655c52a'),
	('f9e78a25-72f3-4cb8-ba3c-6492c1471e8f', '6db47d6b-6e2e-4886-a262-520a91854f4c', 'a0f4d282-f0c0-42f7-b2e4-1e2cf9bdf8cd', '96b5a75b-a747-4312-92f0-3deaf06b04eb', 1333.34, '2026-05-06 04:00:21.157735+00', '3116ee84-6c9d-4fde-8bcc-49587655c52a'),
	('cf3f0537-9d37-4b45-a2aa-4c3f611bd479', '6db47d6b-6e2e-4886-a262-520a91854f4c', 'a0f4d282-f0c0-42f7-b2e4-1e2cf9bdf8cd', 'c918713f-4b34-45ca-ac33-5d2d2028a837', 0, '2026-05-06 04:00:21.157735+00', '3116ee84-6c9d-4fde-8bcc-49587655c52a'),
	('35b9cee7-6932-4887-85aa-26f2cfa89447', '6db47d6b-6e2e-4886-a262-520a91854f4c', 'acd738a5-1863-4ce0-9a41-0c3fd32d10a0', '36112a16-5035-40ac-b67b-a8e71d0413fd', 1333.33, '2026-05-06 04:00:41.774289+00', '3116ee84-6c9d-4fde-8bcc-49587655c52a'),
	('94ccbc62-cf53-4ec7-be57-3881806b55e9', '6db47d6b-6e2e-4886-a262-520a91854f4c', 'acd738a5-1863-4ce0-9a41-0c3fd32d10a0', '12a19452-da8e-45bf-a344-48e3abbe740d', 1333.33, '2026-05-06 04:00:41.774289+00', '3116ee84-6c9d-4fde-8bcc-49587655c52a'),
	('4616ab8e-6671-45a8-a809-fde6e427bdff', '6db47d6b-6e2e-4886-a262-520a91854f4c', 'acd738a5-1863-4ce0-9a41-0c3fd32d10a0', '96b5a75b-a747-4312-92f0-3deaf06b04eb', 1333.34, '2026-05-06 04:00:41.774289+00', '3116ee84-6c9d-4fde-8bcc-49587655c52a'),
	('0630093c-6105-4b03-9aaf-ef9673e6a257', '6db47d6b-6e2e-4886-a262-520a91854f4c', 'acd738a5-1863-4ce0-9a41-0c3fd32d10a0', 'c918713f-4b34-45ca-ac33-5d2d2028a837', 0, '2026-05-06 04:00:41.774289+00', '3116ee84-6c9d-4fde-8bcc-49587655c52a'),
	('6cd37731-0f2e-4277-b844-daafafd5ef70', '6db47d6b-6e2e-4886-a262-520a91854f4c', '5d6030c0-265f-4804-8dc3-8c8d935f9910', '36112a16-5035-40ac-b67b-a8e71d0413fd', 2333.33, '2026-05-06 04:00:55.931915+00', '3116ee84-6c9d-4fde-8bcc-49587655c52a'),
	('1e40fda5-a359-47dc-bc03-5b1411b843d2', '6db47d6b-6e2e-4886-a262-520a91854f4c', '5d6030c0-265f-4804-8dc3-8c8d935f9910', '12a19452-da8e-45bf-a344-48e3abbe740d', 2333.33, '2026-05-06 04:00:55.931915+00', '3116ee84-6c9d-4fde-8bcc-49587655c52a'),
	('e1c47eb3-7184-4563-a3b1-1e08abe23176', '6db47d6b-6e2e-4886-a262-520a91854f4c', '5d6030c0-265f-4804-8dc3-8c8d935f9910', '96b5a75b-a747-4312-92f0-3deaf06b04eb', 2333.34, '2026-05-06 04:00:55.931915+00', '3116ee84-6c9d-4fde-8bcc-49587655c52a'),
	('326be918-be1c-4179-acda-f919e9fbaae7', '6db47d6b-6e2e-4886-a262-520a91854f4c', '5d6030c0-265f-4804-8dc3-8c8d935f9910', 'c918713f-4b34-45ca-ac33-5d2d2028a837', 0, '2026-05-06 04:00:55.931915+00', '3116ee84-6c9d-4fde-8bcc-49587655c52a');


--
-- Data for Name: trip_invites; Type: TABLE DATA; Schema: public; Owner: postgres
--

INSERT INTO "public"."trip_invites" ("token", "trip_id", "role", "created_by", "expires_at", "created_at", "used_at", "member_id") VALUES
	('a320c724-214d-4ab7-8663-6d8a1b652cb7', '106e2175-afdb-4a80-b5e0-bebbbaa7dc2e', 'viewer', '6db47d6b-6e2e-4886-a262-520a91854f4c', '2026-03-04 10:54:39.393+00', '2026-02-18 10:54:39.710536+00', NULL, NULL),
	('aede2d55-2e34-4a02-a212-3dcfc5bed7ef', '106e2175-afdb-4a80-b5e0-bebbbaa7dc2e', 'member', '6db47d6b-6e2e-4886-a262-520a91854f4c', '2026-03-04 10:55:03.458+00', '2026-02-18 10:55:03.840428+00', '2026-02-18 10:55:12.750954+00', NULL),
	('419ab270-2e69-42f9-9cd9-31177895dc1b', '106e2175-afdb-4a80-b5e0-bebbbaa7dc2e', 'member', '6db47d6b-6e2e-4886-a262-520a91854f4c', '2026-03-04 10:55:38.35+00', '2026-02-18 10:55:38.82412+00', NULL, NULL),
	('0fa23f12-ae1c-4a5f-93c2-6be089f4aeac', '106e2175-afdb-4a80-b5e0-bebbbaa7dc2e', 'viewer', '6db47d6b-6e2e-4886-a262-520a91854f4c', '2026-03-04 10:55:41.715+00', '2026-02-18 10:55:42.192281+00', NULL, NULL),
	('f5c14688-5184-4eb9-b511-26fc0971d127', '106e2175-afdb-4a80-b5e0-bebbbaa7dc2e', 'member', '6db47d6b-6e2e-4886-a262-520a91854f4c', '2026-03-04 11:12:42.952+00', '2026-02-18 11:12:43.315476+00', NULL, NULL),
	('f99b769d-497e-41d5-b440-2993c6338d8a', '106e2175-afdb-4a80-b5e0-bebbbaa7dc2e', 'member', '6db47d6b-6e2e-4886-a262-520a91854f4c', '2026-03-04 11:18:03.915+00', '2026-02-18 11:18:04.263522+00', '2026-02-18 11:18:21.87825+00', NULL),
	('979d1c25-3a16-4aa0-834c-1c1b7f4c13ab', '106e2175-afdb-4a80-b5e0-bebbbaa7dc2e', 'viewer', '6db47d6b-6e2e-4886-a262-520a91854f4c', '2026-03-04 11:29:29.824+00', '2026-02-18 11:29:30.15685+00', NULL, NULL),
	('3da7a0fd-5983-4447-8117-5424b0737ba7', '106e2175-afdb-4a80-b5e0-bebbbaa7dc2e', 'member', '6db47d6b-6e2e-4886-a262-520a91854f4c', '2026-03-05 05:41:07.962+00', '2026-02-19 05:41:07.744005+00', NULL, NULL),
	('c6c72a52-105d-4367-9fa7-e70f702e41da', '106e2175-afdb-4a80-b5e0-bebbbaa7dc2e', 'member', '6db47d6b-6e2e-4886-a262-520a91854f4c', '2026-03-05 05:41:44.844+00', '2026-02-19 05:41:46.342085+00', NULL, NULL),
	('bd952dcf-0c0d-4eb1-94af-80770003e860', '106e2175-afdb-4a80-b5e0-bebbbaa7dc2e', 'member', '6db47d6b-6e2e-4886-a262-520a91854f4c', '2026-03-06 05:30:16.674+00', '2026-02-20 05:30:17.577458+00', NULL, NULL);


--
-- Data for Name: trip_participants; Type: TABLE DATA; Schema: public; Owner: postgres
--

INSERT INTO "public"."trip_participants" ("trip_id", "auth_user_id", "role", "created_at") VALUES
	('106e2175-afdb-4a80-b5e0-bebbbaa7dc2e', '6db47d6b-6e2e-4886-a262-520a91854f4c', 'owner', '2026-02-18 10:38:01.093311+00'),
	('3d014e62-49a2-423c-87c9-0504dd75f4f3', 'b63f45f3-fc01-4714-8cc4-a09ab49e18c7', 'owner', '2026-03-11 08:46:13.269127+00'),
	('7d00b35d-e053-49ab-a505-460a89c97e68', '6db47d6b-6e2e-4886-a262-520a91854f4c', 'owner', '2026-03-17 04:45:58.66112+00'),
	('3116ee84-6c9d-4fde-8bcc-49587655c52a', '6db47d6b-6e2e-4886-a262-520a91854f4c', 'owner', '2026-03-20 17:33:11.587488+00'),
	('3229bf4c-dde7-41fd-a8de-1ae02a223867', '8516d948-4970-453a-912e-e984afabddb9', 'owner', '2026-04-20 03:54:51.621657+00');


--
-- Data for Name: trip_settlement_events; Type: TABLE DATA; Schema: public; Owner: postgres
--

INSERT INTO "public"."trip_settlement_events" ("id", "trip_id", "currency", "amount", "from_member_id", "to_member_id", "transaction_id", "created_by", "created_at", "cancelled_at") VALUES
	('73aa720d-3018-43f6-80ff-4dc6e320ba36', '106e2175-afdb-4a80-b5e0-bebbbaa7dc2e', 'THB', 20, 'a2848efc-39b2-4409-b6b9-466865a28c21', '43bfd220-fa8f-4dab-804a-14a3051f6c7c', NULL, '6db47d6b-6e2e-4886-a262-520a91854f4c', '2026-02-18 13:05:39.782563+00', '2026-02-18 13:31:04.269+00'),
	('61a7b187-08ef-43c1-9642-b565544af916', '106e2175-afdb-4a80-b5e0-bebbbaa7dc2e', 'THB', 10, 'a2848efc-39b2-4409-b6b9-466865a28c21', '43bfd220-fa8f-4dab-804a-14a3051f6c7c', NULL, '6db47d6b-6e2e-4886-a262-520a91854f4c', '2026-02-18 13:14:38.709786+00', '2026-02-18 13:31:01.422+00'),
	('a13ebe27-02f6-4301-9114-a23b38f29d2e', '106e2175-afdb-4a80-b5e0-bebbbaa7dc2e', 'THB', 20, 'a2848efc-39b2-4409-b6b9-466865a28c21', '43bfd220-fa8f-4dab-804a-14a3051f6c7c', NULL, '6db47d6b-6e2e-4886-a262-520a91854f4c', '2026-02-18 13:33:51.891126+00', '2026-02-18 13:34:26.385+00'),
	('39f7d1b6-8657-4570-b807-27a5c3640807', '106e2175-afdb-4a80-b5e0-bebbbaa7dc2e', 'THB', 20, 'a2848efc-39b2-4409-b6b9-466865a28c21', '43bfd220-fa8f-4dab-804a-14a3051f6c7c', NULL, '6db47d6b-6e2e-4886-a262-520a91854f4c', '2026-02-18 13:33:48.744833+00', '2026-02-18 13:34:28.478+00'),
	('0258dac6-13b4-45a1-bd0d-e2d886137628', '106e2175-afdb-4a80-b5e0-bebbbaa7dc2e', 'THB', 20, 'a2848efc-39b2-4409-b6b9-466865a28c21', '43bfd220-fa8f-4dab-804a-14a3051f6c7c', NULL, '6db47d6b-6e2e-4886-a262-520a91854f4c', '2026-02-18 13:33:40.577542+00', '2026-02-18 13:34:30.464+00'),
	('5d8be70b-e430-47cc-9322-615212b7c205', '106e2175-afdb-4a80-b5e0-bebbbaa7dc2e', 'THB', 20, 'a2848efc-39b2-4409-b6b9-466865a28c21', '43bfd220-fa8f-4dab-804a-14a3051f6c7c', NULL, '6db47d6b-6e2e-4886-a262-520a91854f4c', '2026-02-18 13:42:50.309026+00', '2026-02-18 13:42:58.011+00'),
	('793e48e5-6941-4e01-8bc6-8c8695e56dfd', '106e2175-afdb-4a80-b5e0-bebbbaa7dc2e', 'EUR', 0.96, 'a2848efc-39b2-4409-b6b9-466865a28c21', '43bfd220-fa8f-4dab-804a-14a3051f6c7c', NULL, '6db47d6b-6e2e-4886-a262-520a91854f4c', '2026-03-11 03:12:18.579501+00', '2026-03-11 03:15:45.83955+00'),
	('1d73fae3-823a-4989-850b-717bf361c538', '106e2175-afdb-4a80-b5e0-bebbbaa7dc2e', 'THB', 20, 'a2848efc-39b2-4409-b6b9-466865a28c21', '43bfd220-fa8f-4dab-804a-14a3051f6c7c', NULL, '6db47d6b-6e2e-4886-a262-520a91854f4c', '2026-02-18 13:43:05.501096+00', '2026-02-18 13:44:34.983+00'),
	('3a241386-7e9c-40ce-88cb-cc3755d0999a', '106e2175-afdb-4a80-b5e0-bebbbaa7dc2e', 'THB', 0.87, '43bfd220-fa8f-4dab-804a-14a3051f6c7c', '0b3bef13-792d-4d51-b63d-867facb435bf', NULL, '6db47d6b-6e2e-4886-a262-520a91854f4c', '2026-02-23 15:31:48.232546+00', '2026-03-05 05:56:57.437+00'),
	('9ed6d555-8853-42a5-ba83-33d5c95f38ca', '106e2175-afdb-4a80-b5e0-bebbbaa7dc2e', 'THB', 14.14, '43bfd220-fa8f-4dab-804a-14a3051f6c7c', '0b3bef13-792d-4d51-b63d-867facb435bf', NULL, '6db47d6b-6e2e-4886-a262-520a91854f4c', '2026-02-23 04:24:08.257989+00', '2026-03-05 05:57:01.983+00'),
	('d069bdd4-bc64-4ca2-ba93-4ad3e840bb73', '106e2175-afdb-4a80-b5e0-bebbbaa7dc2e', 'THB', 48.96, 'a2848efc-39b2-4409-b6b9-466865a28c21', '43bfd220-fa8f-4dab-804a-14a3051f6c7c', NULL, '6db47d6b-6e2e-4886-a262-520a91854f4c', '2026-02-19 07:17:58.267249+00', '2026-03-05 05:57:05.986+00'),
	('6c75d50b-3ae2-4e1b-980f-43bec5415cd1', '106e2175-afdb-4a80-b5e0-bebbbaa7dc2e', 'EUR', 0.34, 'a2848efc-39b2-4409-b6b9-466865a28c21', '0b3bef13-792d-4d51-b63d-867facb435bf', NULL, '6db47d6b-6e2e-4886-a262-520a91854f4c', '2026-03-11 03:12:11.616557+00', '2026-03-11 03:15:52.870551+00'),
	('8bbf91a5-fd27-4a2c-a457-8c8c23682f82', '106e2175-afdb-4a80-b5e0-bebbbaa7dc2e', 'EUR', 0.88, 'a2848efc-39b2-4409-b6b9-466865a28c21', '0b3bef13-792d-4d51-b63d-867facb435bf', NULL, '6db47d6b-6e2e-4886-a262-520a91854f4c', '2026-03-11 03:18:40.234276+00', NULL),
	('3866dc7c-67bd-46a1-b295-aa9d8cc046e6', '106e2175-afdb-4a80-b5e0-bebbbaa7dc2e', 'EUR', 1.01, 'a2848efc-39b2-4409-b6b9-466865a28c21', '43bfd220-fa8f-4dab-804a-14a3051f6c7c', NULL, '6db47d6b-6e2e-4886-a262-520a91854f4c', '2026-03-11 03:18:45.876465+00', NULL),
	('f971d82f-7f54-48a0-aa1c-b920438beb88', '106e2175-afdb-4a80-b5e0-bebbbaa7dc2e', 'EUR', 0.02, 'a2848efc-39b2-4409-b6b9-466865a28c21', '43bfd220-fa8f-4dab-804a-14a3051f6c7c', NULL, '6db47d6b-6e2e-4886-a262-520a91854f4c', '2026-03-15 07:18:37.889534+00', NULL),
	('92bc364b-6e88-454c-85d7-5ba9a0ee8be0', '3d014e62-49a2-423c-87c9-0504dd75f4f3', 'USD', 0.93, 'c38a992f-2051-4c6a-b670-488175652ba0', 'be5f3b70-e4ac-46ac-9c4c-30a272b92e87', '88836b8b-ed39-4522-a982-f9ea0d6c778a', 'b63f45f3-fc01-4714-8cc4-a09ab49e18c7', '2026-03-15 07:22:42.156704+00', NULL),
	('297afd5d-e18a-4c9e-9021-e5fb503cd15e', '106e2175-afdb-4a80-b5e0-bebbbaa7dc2e', 'EUR', 0.02, 'a2848efc-39b2-4409-b6b9-466865a28c21', '43bfd220-fa8f-4dab-804a-14a3051f6c7c', NULL, '6db47d6b-6e2e-4886-a262-520a91854f4c', '2026-03-17 04:46:24.825644+00', NULL),
	('093fa0b3-741f-4d26-b6e2-7910a7bb20f9', '106e2175-afdb-4a80-b5e0-bebbbaa7dc2e', 'EUR', 0.34, 'a2848efc-39b2-4409-b6b9-466865a28c21', '0b3bef13-792d-4d51-b63d-867facb435bf', NULL, '6db47d6b-6e2e-4886-a262-520a91854f4c', '2026-03-05 12:49:30.046655+00', '2026-03-10 04:23:23.307119+00'),
	('3ac40dcc-d576-41a2-9f5f-56c5b579a3c3', '106e2175-afdb-4a80-b5e0-bebbbaa7dc2e', 'EUR', 0.94, 'a2848efc-39b2-4409-b6b9-466865a28c21', '43bfd220-fa8f-4dab-804a-14a3051f6c7c', NULL, '6db47d6b-6e2e-4886-a262-520a91854f4c', '2026-03-05 05:57:16.115018+00', '2026-03-10 04:23:29.691658+00'),
	('cdbacbe4-0274-4d27-ba06-9be892bf8ba7', '106e2175-afdb-4a80-b5e0-bebbbaa7dc2e', 'EUR', 0.34, 'a2848efc-39b2-4409-b6b9-466865a28c21', '0b3bef13-792d-4d51-b63d-867facb435bf', NULL, '6db47d6b-6e2e-4886-a262-520a91854f4c', '2026-03-10 04:23:41.755097+00', '2026-03-11 03:11:50.7956+00'),
	('beba90ea-5048-494f-8ab1-86ec798b43b1', '3116ee84-6c9d-4fde-8bcc-49587655c52a', 'EUR', 10.89, '36112a16-5035-40ac-b67b-a8e71d0413fd', 'c918713f-4b34-45ca-ac33-5d2d2028a837', NULL, '6db47d6b-6e2e-4886-a262-520a91854f4c', '2026-04-02 06:58:31.999461+00', '2026-04-02 06:59:18.664119+00'),
	('5b35fffa-25de-470b-894b-4bedee65e51a', '106e2175-afdb-4a80-b5e0-bebbbaa7dc2e', 'EUR', 0.99, 'a2848efc-39b2-4409-b6b9-466865a28c21', '43bfd220-fa8f-4dab-804a-14a3051f6c7c', NULL, '6db47d6b-6e2e-4886-a262-520a91854f4c', '2026-03-10 04:23:52.01145+00', '2026-03-11 03:11:58.153581+00'),
	('1c10b2fc-8fae-4943-a45a-38ec4b5cae34', '3116ee84-6c9d-4fde-8bcc-49587655c52a', 'EUR', 3.72, '96b5a75b-a747-4312-92f0-3deaf06b04eb', '36112a16-5035-40ac-b67b-a8e71d0413fd', NULL, '6db47d6b-6e2e-4886-a262-520a91854f4c', '2026-04-26 06:54:06.305705+00', '2026-04-28 04:26:21.220534+00'),
	('90bcf58d-4691-407d-a956-7ce6d8a87d7a', '3116ee84-6c9d-4fde-8bcc-49587655c52a', 'EUR', 0.01, 'c918713f-4b34-45ca-ac33-5d2d2028a837', '36112a16-5035-40ac-b67b-a8e71d0413fd', NULL, '6db47d6b-6e2e-4886-a262-520a91854f4c', '2026-04-24 02:55:58.374529+00', '2026-04-28 04:26:47.894598+00'),
	('d7fb3d95-fbd7-4ced-a603-f29b518e5de8', '3116ee84-6c9d-4fde-8bcc-49587655c52a', 'EUR', 4, '96b5a75b-a747-4312-92f0-3deaf06b04eb', '36112a16-5035-40ac-b67b-a8e71d0413fd', NULL, '6db47d6b-6e2e-4886-a262-520a91854f4c', '2026-04-28 04:27:16.252975+00', '2026-04-29 06:06:43.142392+00'),
	('2ef38bff-9f2e-4586-bdc1-6072d75308f7', '3116ee84-6c9d-4fde-8bcc-49587655c52a', 'EUR', 0.01, 'c918713f-4b34-45ca-ac33-5d2d2028a837', '36112a16-5035-40ac-b67b-a8e71d0413fd', NULL, '6db47d6b-6e2e-4886-a262-520a91854f4c', '2026-04-28 04:27:24.946118+00', '2026-04-29 06:06:55.451043+00'),
	('0533a827-c43a-4f33-889d-1391dc284317', '3116ee84-6c9d-4fde-8bcc-49587655c52a', 'EUR', 3.99, '96b5a75b-a747-4312-92f0-3deaf06b04eb', '12a19452-da8e-45bf-a344-48e3abbe740d', NULL, '6db47d6b-6e2e-4886-a262-520a91854f4c', '2026-04-30 01:15:33.893969+00', '2026-05-02 00:25:10.76823+00'),
	('99febaae-c6ba-404f-ba09-c647ea1a9975', '3116ee84-6c9d-4fde-8bcc-49587655c52a', 'EUR', 0.01, 'c918713f-4b34-45ca-ac33-5d2d2028a837', '12a19452-da8e-45bf-a344-48e3abbe740d', NULL, '6db47d6b-6e2e-4886-a262-520a91854f4c', '2026-04-30 01:15:40.804463+00', '2026-05-02 00:25:23.860804+00'),
	('ee61257b-2d5d-48c8-88fa-f8825782ac5d', '3116ee84-6c9d-4fde-8bcc-49587655c52a', 'EUR', 1.9, '96b5a75b-a747-4312-92f0-3deaf06b04eb', '12a19452-da8e-45bf-a344-48e3abbe740d', NULL, '6db47d6b-6e2e-4886-a262-520a91854f4c', '2026-05-06 04:02:26.691903+00', NULL);


--
-- Data for Name: trip_settlements; Type: TABLE DATA; Schema: public; Owner: postgres
--

INSERT INTO "public"."trip_settlements" ("id", "user_id", "date", "amount", "currency", "direction", "wallet_id", "created_at", "trip_id", "mode") VALUES
	('a2cc9e8c-4b0c-437f-9030-ba871c7d809f', '6db47d6b-6e2e-4886-a262-520a91854f4c', '2026-02-18', 20, 'THB', 'in', '4e2f798d-caa6-4134-9da1-57097cc07265', '2026-02-18 13:05:42.445928+00', '106e2175-afdb-4a80-b5e0-bebbbaa7dc2e', 'virtual'),
	('75f1f7c3-d8af-460b-9425-f2e38c5fa558', '6db47d6b-6e2e-4886-a262-520a91854f4c', '2026-02-18', 10, 'THB', 'in', '6999585d-9607-47f0-a565-37786bfb67d9', '2026-02-18 13:14:41.113792+00', '106e2175-afdb-4a80-b5e0-bebbbaa7dc2e', 'virtual');


--
-- Name: fx_rates_id_seq; Type: SEQUENCE SET; Schema: public; Owner: postgres
--

SELECT pg_catalog.setval('"public"."fx_rates_id_seq"', 7, true);


--
-- PostgreSQL database dump complete
--

-- \unrestrict 92IxjdWMlqLoNoeVfn8zXVNFxvKfPV3qplvGfaEEuBBvpfvfjGiZg0CHzFZewjl

RESET ALL;
